Country Code (ISO),Country Name,Zone,0.5 kg,1.0 kg,1.5 kg,2.0 kg,2.5 kg,3.0 kg,3.5 kg,4.0 kg,4.5 kg,5.0 kg,5.5 kg,6.0 kg,6.5 kg,7.0 kg,7.5 kg,8.0 kg,8.5 kg,9.0 kg,9.5 kg,10.0 kg,10.5 kg,11.0 kg,11.5 kg,12.0 kg,12.5 kg,13.0 kg,13.5 kg,14.0 kg,14.5 kg,15.0 kg,15.5 kg,16.0 kg,16.5 kg,17.0 kg,17.5 kg,18.0 kg,18.5 kg,19.0 kg,19.5 kg,20.0 kg,20.5 kg,21.0 kg,21.5 kg,22.0 kg,22.5 kg,23.0 kg,23.5 kg,24.0 kg,24.5 kg,25.0 kg,25.5 kg,26.0 kg,26.5 kg,27.0 kg,27.5 kg,28.0 kg,28.5 kg,29.0 kg,29.5 kg,30.0 kg,30.5 kg,31.0 kg,31.5 kg,32.0 kg,32.5 kg,33.0 kg,33.5 kg,34.0 kg,34.5 kg,35.0 kg,35.5 kg,36.0 kg,36.5 kg,37.0 kg,37.5 kg,38.0 kg,38.5 kg,39.0 kg,39.5 kg,40.0 kg,40.5 kg,41.0 kg,41.5 kg,42.0 kg,42.5 kg,43.0 kg,43.5 kg,44.0 kg,44.5 kg,45.0 kg,45.5 kg,46.0 kg,46.5 kg,47.0 kg,47.5 kg,48.0 kg,48.5 kg,49.0 kg,49.5 kg,50.0 kg,50.5 kg,51.0 kg,51.5 kg,52.0 kg,52.5 kg,53.0 kg,53.5 kg,54.0 kg,54.5 kg,55.0 kg,55.5 kg,56.0 kg,56.5 kg,57.0 kg,57.5 kg,58.0 kg,58.5 kg,59.0 kg,59.5 kg,60.0 kg,60.5 kg,61.0 kg,61.5 kg,62.0 kg,62.5 kg,63.0 kg,63.5 kg,64.0 kg,64.5 kg,65.0 kg,65.5 kg,66.0 kg,66.5 kg,67.0 kg,67.5 kg,68.0 kg,68.5 kg,69.0 kg,69.5 kg,70.0 kg
AF,Afghanistan,Zone 9,34.94,,34.94,,35.38,,39.98,,44.34,,50.25,,54.76,,59.27,,63.70,,68.21,,76.70,,80.77,,84.95,,89.04,,93.15,,97.88,,102.04,,106.18,,110.32,,114.49,,123.65,,123.65,,132.75,,132.75,,141.82,,141.82,,150.95,,150.95,,160.03,,160.03,,182.39,,182.39,,182.39,,182.39,,182.39,,204.84,,204.84,,204.84,,204.84,,204.84,,227.21,,227.21,,227.21,,227.21,,227.21,,249.60,,249.60,,249.60,,249.60,,249.60,,272.05,,272.05,,272.05,,272.05,,272.05,,294.44,,294.44,,294.44,,294.44,,294.44,,316.80,,316.80,,316.80,,316.80,,316.80,,339.22,,339.22,,339.22,,339.22,,339.22,
AL,Albania,Zone 5,33.02,,33.02,,35.29,,38.12,,41.41,,43.94,,46.49,,49.01,,51.56,,54.07,,58.11,,60.66,,63.24,,65.74,,68.28,,71.06,,73.56,,76.13,,78.66,,81.22,,86.03,,86.03,,90.65,,90.65,,95.33,,95.33,,99.93,,99.93,,104.63,,104.63,,118.54,,118.54,,118.54,,118.54,,118.54,,132.49,,132.49,,132.49,,132.49,,132.49,,146.43,,146.43,,146.43,,146.43,,146.43,,160.36,,160.36,,160.36,,160.36,,160.36,,174.29,,174.29,,174.29,,174.29,,174.29,,188.22,,188.22,,188.22,,188.22,,188.22,,202.17,,202.17,,202.17,,202.17,,202.17,,216.12,,216.12,,216.12,,216.12,,216.12,
DZ,Algeria,Zone 10,34.99,,34.99,,36.32,,40.36,,44.47,,51.20,,55.53,,59.87,,64.16,,68.50,,75.89,,80.16,,84.47,,88.74,,93.00,,97.24,,101.49,,105.80,,110.08,,114.35,,126.69,,126.69,,135.16,,135.16,,143.58,,143.58,,152.06,,152.06,,160.48,,160.48,,182.90,,182.90,,182.90,,182.90,,182.90,,205.38,,205.38,,205.38,,205.38,,205.38,,227.80,,227.80,,227.80,,227.80,,227.80,,250.34,,250.34,,250.34,,250.34,,250.34,,272.79,,272.79,,272.79,,272.79,,272.79,,295.29,,295.29,,295.29,,295.29,,295.29,,317.78,,317.78,,317.78,,317.78,,317.78,,340.22,,340.22,,340.22,,340.22,,340.22,
AS,American Samoa,Zone 9,34.94,,34.94,,35.38,,39.98,,44.34,,50.25,,54.76,,59.27,,63.70,,68.21,,76.70,,80.77,,84.95,,89.04,,93.15,,97.88,,102.04,,106.18,,110.32,,114.49,,123.65,,123.65,,132.75,,132.75,,141.82,,141.82,,150.95,,150.95,,160.03,,160.03,,182.39,,182.39,,182.39,,182.39,,182.39,,204.84,,204.84,,204.84,,204.84,,204.84,,227.21,,227.21,,227.21,,227.21,,227.21,,249.60,,249.60,,249.60,,249.60,,249.60,,272.05,,272.05,,272.05,,272.05,,272.05,,294.44,,294.44,,294.44,,294.44,,294.44,,316.80,,316.80,,316.80,,316.80,,316.80,,339.22,,339.22,,339.22,,339.22,,339.22,
AD,Andorra,Zone 5,33.02,,33.02,,35.29,,38.12,,41.41,,43.94,,46.49,,49.01,,51.56,,54.07,,58.11,,60.66,,63.24,,65.74,,68.28,,71.06,,73.56,,76.13,,78.66,,81.22,,86.03,,86.03,,90.65,,90.65,,95.33,,95.33,,99.93,,99.93,,104.63,,104.63,,118.54,,118.54,,118.54,,118.54,,118.54,,132.49,,132.49,,132.49,,132.49,,132.49,,146.43,,146.43,,146.43,,146.43,,146.43,,160.36,,160.36,,160.36,,160.36,,160.36,,174.29,,174.29,,174.29,,174.29,,174.29,,188.22,,188.22,,188.22,,188.22,,188.22,,202.17,,202.17,,202.17,,202.17,,202.17,,216.12,,216.12,,216.12,,216.12,,216.12,
AO,Angola,Zone 10,34.99,,34.99,,36.32,,40.36,,44.47,,51.20,,55.53,,59.87,,64.16,,68.50,,75.89,,80.16,,84.47,,88.74,,93.00,,97.24,,101.49,,105.80,,110.08,,114.35,,126.69,,126.69,,135.16,,135.16,,143.58,,143.58,,152.06,,152.06,,160.48,,160.48,,182.90,,182.90,,182.90,,182.90,,182.90,,205.38,,205.38,,205.38,,205.38,,205.38,,227.80,,227.80,,227.80,,227.80,,227.80,,250.34,,250.34,,250.34,,250.34,,250.34,,272.79,,272.79,,272.79,,272.79,,272.79,,295.29,,295.29,,295.29,,295.29,,295.29,,317.78,,317.78,,317.78,,317.78,,317.78,,340.22,,340.22,,340.22,,340.22,,340.22,
AI,Anguilla,Zone 9,34.94,,34.94,,35.38,,39.98,,44.34,,50.25,,54.76,,59.27,,63.70,,68.21,,76.70,,80.77,,84.95,,89.04,,93.15,,97.88,,102.04,,106.18,,110.32,,114.49,,123.65,,123.65,,132.75,,132.75,,141.82,,141.82,,150.95,,150.95,,160.03,,160.03,,182.39,,182.39,,182.39,,182.39,,182.39,,204.84,,204.84,,204.84,,204.84,,204.84,,227.21,,227.21,,227.21,,227.21,,227.21,,249.60,,249.60,,249.60,,249.60,,249.60,,272.05,,272.05,,272.05,,272.05,,272.05,,294.44,,294.44,,294.44,,294.44,,294.44,,316.80,,316.80,,316.80,,316.80,,316.80,,339.22,,339.22,,339.22,,339.22,,339.22,
AG,Antigua and Barbuda,Zone 9,34.94,,34.94,,35.38,,39.98,,44.34,,50.25,,54.76,,59.27,,63.70,,68.21,,76.70,,80.77,,84.95,,89.04,,93.15,,97.88,,102.04,,106.18,,110.32,,114.49,,123.65,,123.65,,132.75,,132.75,,141.82,,141.82,,150.95,,150.95,,160.03,,160.03,,182.39,,182.39,,182.39,,182.39,,182.39,,204.84,,204.84,,204.84,,204.84,,204.84,,227.21,,227.21,,227.21,,227.21,,227.21,,249.60,,249.60,,249.60,,249.60,,249.60,,272.05,,272.05,,272.05,,272.05,,272.05,,294.44,,294.44,,294.44,,294.44,,294.44,,316.80,,316.80,,316.80,,316.80,,316.80,,339.22,,339.22,,339.22,,339.22,,339.22,
AR,Argentina,Zone 10,34.99,,34.99,,36.32,,40.36,,44.47,,51.20,,55.53,,59.87,,64.16,,68.50,,75.89,,80.16,,84.47,,88.74,,93.00,,97.24,,101.49,,105.80,,110.08,,114.35,,126.69,,126.69,,135.16,,135.16,,143.58,,143.58,,152.06,,152.06,,160.48,,160.48,,182.90,,182.90,,182.90,,182.90,,182.90,,205.38,,205.38,,205.38,,205.38,,205.38,,227.80,,227.80,,227.80,,227.80,,227.80,,250.34,,250.34,,250.34,,250.34,,250.34,,272.79,,272.79,,272.79,,272.79,,272.79,,295.29,,295.29,,295.29,,295.29,,295.29,,317.78,,317.78,,317.78,,317.78,,317.78,,340.22,,340.22,,340.22,,340.22,,340.22,
AM,Armenia,Zone 9,34.94,,34.94,,35.38,,39.98,,44.34,,50.25,,54.76,,59.27,,63.70,,68.21,,76.70,,80.77,,84.95,,89.04,,93.15,,97.88,,102.04,,106.18,,110.32,,114.49,,123.65,,123.65,,132.75,,132.75,,141.82,,141.82,,150.95,,150.95,,160.03,,160.03,,182.39,,182.39,,182.39,,182.39,,182.39,,204.84,,204.84,,204.84,,204.84,,204.84,,227.21,,227.21,,227.21,,227.21,,227.21,,249.60,,249.60,,249.60,,249.60,,249.60,,272.05,,272.05,,272.05,,272.05,,272.05,,294.44,,294.44,,294.44,,294.44,,294.44,,316.80,,316.80,,316.80,,316.80,,316.80,,339.22,,339.22,,339.22,,339.22,,339.22,
AW,Aruba,Zone 9,34.94,,34.94,,35.38,,39.98,,44.34,,50.25,,54.76,,59.27,,63.70,,68.21,,76.70,,80.77,,84.95,,89.04,,93.15,,97.88,,102.04,,106.18,,110.32,,114.49,,123.65,,123.65,,132.75,,132.75,,141.82,,141.82,,150.95,,150.95,,160.03,,160.03,,182.39,,182.39,,182.39,,182.39,,182.39,,204.84,,204.84,,204.84,,204.84,,204.84,,227.21,,227.21,,227.21,,227.21,,227.21,,249.60,,249.60,,249.60,,249.60,,249.60,,272.05,,272.05,,272.05,,272.05,,272.05,,294.44,,294.44,,294.44,,294.44,,294.44,,316.80,,316.80,,316.80,,316.80,,316.80,,339.22,,339.22,,339.22,,339.22,,339.22,
AU,Australia,Zone 8,22.68,,22.68,,22.68,,22.68,,22.68,,25.55,,27.62,,29.64,,31.73,,33.75,,38.75,,40.86,,42.98,,45.08,,47.20,,50.75,,52.90,,55.07,,57.24,,59.42,,63.82,,63.82,,68.00,,68.00,,72.18,,72.18,,76.34,,76.34,,80.48,,80.48,,91.15,,91.15,,91.15,,91.15,,91.15,,101.85,,101.85,,101.85,,101.85,,101.85,,112.55,,112.55,,112.55,,112.55,,112.55,,123.24,,123.24,,123.24,,123.24,,123.24,,133.93,,133.93,,133.93,,133.93,,133.93,,144.65,,144.65,,144.65,,144.65,,144.65,,155.30,,155.30,,155.30,,155.30,,155.30,,166.02,,166.02,,166.02,,166.02,,166.02,
AT,Austria (TB),Zone 4,34.94,,34.94,,35.38,,39.98,,44.34,,50.25,,54.76,,59.27,,63.70,,68.21,,76.70,,80.77,,84.95,,89.04,,93.15,,97.88,,102.04,,106.18,,110.32,,114.49,,123.65,,123.65,,132.75,,132.75,,141.82,,141.82,,150.95,,150.95,,160.03,,160.03,,182.39,,182.39,,182.39,,182.39,,182.39,,204.84,,204.84,,204.84,,204.84,,204.84,,227.21,,227.21,,227.21,,227.21,,227.21,,249.60,,249.60,,249.60,,249.60,,249.60,,272.05,,272.05,,272.05,,272.05,,272.05,,294.44,,294.44,,294.44,,294.44,,294.44,,316.80,,316.80,,316.80,,316.80,,316.80,,339.22,,339.22,,339.22,,339.22,,339.22,
AT,Austria (WW),Zone 704,10.58,,10.58,,10.75,,11.88,,12.99,,15.37,,16.52,,17.65,,18.82,,19.97,,23.27,,24.22,,25.18,,26.18,,27.14,,29.54,,30.56,,31.56,,32.60,,33.63,,38.81,,38.81,,40.85,,40.85,,42.86,,42.86,,44.89,,44.89,,46.91,,46.91,,53.30,,53.30,,53.30,,53.30,,53.30,,59.71,,59.71,,59.71,,59.71,,59.71,,66.10,,66.10,,66.10,,66.10,,66.10,,72.52,,72.52,,72.52,,72.52,,72.52,,78.93,,78.93,,78.93,,78.93,,78.93,,85.31,,85.31,,85.31,,85.31,,85.31,,91.71,,91.71,,91.71,,91.71,,91.71,,98.11,,98.11,,98.11,,98.11,,98.11,
AZ,Azerbaijan,Zone 9,34.94,,34.94,,35.38,,39.98,,44.34,,50.25,,54.76,,59.27,,63.70,,68.21,,76.70,,80.77,,84.95,,89.04,,93.15,,97.88,,102.04,,106.18,,110.32,,114.49,,123.65,,123.65,,132.75,,132.75,,141.82,,141.82,,150.95,,150.95,,160.03,,160.03,,182.39,,182.39,,182.39,,182.39,,182.39,,204.84,,204.84,,204.84,,204.84,,204.84,,227.21,,227.21,,227.21,,227.21,,227.21,,249.60,,249.60,,249.60,,249.60,,249.60,,272.05,,272.05,,272.05,,272.05,,272.05,,294.44,,294.44,,294.44,,294.44,,294.44,,316.80,,316.80,,316.80,,316.80,,316.80,,339.22,,339.22,,339.22,,339.22,,339.22,
PT,Azores (Portugal) (TB),Zone 4,34.94,,34.94,,35.38,,39.98,,44.34,,50.25,,54.76,,59.27,,63.70,,68.21,,76.70,,80.77,,84.95,,89.04,,93.15,,97.88,,102.04,,106.18,,110.32,,114.49,,123.65,,123.65,,132.75,,132.75,,141.82,,141.82,,150.95,,150.95,,160.03,,160.03,,182.39,,182.39,,182.39,,182.39,,182.39,,204.84,,204.84,,204.84,,204.84,,204.84,,227.21,,227.21,,227.21,,227.21,,227.21,,249.60,,249.60,,249.60,,249.60,,249.60,,272.05,,272.05,,272.05,,272.05,,272.05,,294.44,,294.44,,294.44,,294.44,,294.44,,316.80,,316.80,,316.80,,316.80,,316.80,,339.22,,339.22,,339.22,,339.22,,339.22,
PT,Azores (Portugal) (WW),Zone 704,10.58,,10.58,,10.75,,11.88,,12.99,,15.37,,16.52,,17.65,,18.82,,19.97,,23.27,,24.22,,25.18,,26.18,,27.14,,29.54,,30.56,,31.56,,32.60,,33.63,,38.81,,38.81,,40.85,,40.85,,42.86,,42.86,,44.89,,44.89,,46.91,,46.91,,53.30,,53.30,,53.30,,53.30,,53.30,,59.71,,59.71,,59.71,,59.71,,59.71,,66.10,,66.10,,66.10,,66.10,,66.10,,72.52,,72.52,,72.52,,72.52,,72.52,,78.93,,78.93,,78.93,,78.93,,78.93,,85.31,,85.31,,85.31,,85.31,,85.31,,91.71,,91.71,,91.71,,91.71,,91.71,,98.11,,98.11,,98.11,,98.11,,98.11,
BS,Bahamas,Zone 9,34.94,,34.94,,35.38,,39.98,,44.34,,50.25,,54.76,,59.27,,63.70,,68.21,,76.70,,80.77,,84.95,,89.04,,93.15,,97.88,,102.04,,106.18,,110.32,,114.49,,123.65,,123.65,,132.75,,132.75,,141.82,,141.82,,150.95,,150.95,,160.03,,160.03,,182.39,,182.39,,182.39,,182.39,,182.39,,204.84,,204.84,,204.84,,204.84,,204.84,,227.21,,227.21,,227.21,,227.21,,227.21,,249.60,,249.60,,249.60,,249.60,,249.60,,272.05,,272.05,,272.05,,272.05,,272.05,,294.44,,294.44,,294.44,,294.44,,294.44,,316.80,,316.80,,316.80,,316.80,,316.80,,339.22,,339.22,,339.22,,339.22,,339.22,
BH,Bahrain,Zone 9,34.94,,34.94,,35.38,,39.98,,44.34,,50.25,,54.76,,59.27,,63.70,,68.21,,76.70,,80.77,,84.95,,89.04,,93.15,,97.88,,102.04,,106.18,,110.32,,114.49,,123.65,,123.65,,132.75,,132.75,,141.82,,141.82,,150.95,,150.95,,160.03,,160.03,,182.39,,182.39,,182.39,,182.39,,182.39,,204.84,,204.84,,204.84,,204.84,,204.84,,227.21,,227.21,,227.21,,227.21,,227.21,,249.60,,249.60,,249.60,,249.60,,249.60,,272.05,,272.05,,272.05,,272.05,,272.05,,294.44,,294.44,,294.44,,294.44,,294.44,,316.80,,316.80,,316.80,,316.80,,316.80,,339.22,,339.22,,339.22,,339.22,,339.22,
BD,Bangladesh,Zone 10,34.99,,34.99,,36.32,,40.36,,44.47,,51.20,,55.53,,59.87,,64.16,,68.50,,75.89,,80.16,,84.47,,88.74,,93.00,,97.24,,101.49,,105.80,,110.08,,114.35,,126.69,,126.69,,135.16,,135.16,,143.58,,143.58,,152.06,,152.06,,160.48,,160.48,,182.90,,182.90,,182.90,,182.90,,182.90,,205.38,,205.38,,205.38,,205.38,,205.38,,227.80,,227.80,,227.80,,227.80,,227.80,,250.34,,250.34,,250.34,,250.34,,250.34,,272.79,,272.79,,272.79,,272.79,,272.79,,295.29,,295.29,,295.29,,295.29,,295.29,,317.78,,317.78,,317.78,,317.78,,317.78,,340.22,,340.22,,340.22,,340.22,,340.22,
BB,Barbados,Zone 9,34.94,,34.94,,35.38,,39.98,,44.34,,50.25,,54.76,,59.27,,63.70,,68.21,,76.70,,80.77,,84.95,,89.04,,93.15,,97.88,,102.04,,106.18,,110.32,,114.49,,123.65,,123.65,,132.75,,132.75,,141.82,,141.82,,150.95,,150.95,,160.03,,160.03,,182.39,,182.39,,182.39,,182.39,,182.39,,204.84,,204.84,,204.84,,204.84,,204.84,,227.21,,227.21,,227.21,,227.21,,227.21,,249.60,,249.60,,249.60,,249.60,,249.60,,272.05,,272.05,,272.05,,272.05,,272.05,,294.44,,294.44,,294.44,,294.44,,294.44,,316.80,,316.80,,316.80,,316.80,,316.80,,339.22,,339.22,,339.22,,339.22,,339.22,
AG,Barbuda (Antigua),Zone 9,34.94,,34.94,,35.38,,39.98,,44.34,,50.25,,54.76,,59.27,,63.70,,68.21,,76.70,,80.77,,84.95,,89.04,,93.15,,97.88,,102.04,,106.18,,110.32,,114.49,,123.65,,123.65,,132.75,,132.75,,141.82,,141.82,,150.95,,150.95,,160.03,,160.03,,182.39,,182.39,,182.39,,182.39,,182.39,,204.84,,204.84,,204.84,,204.84,,204.84,,227.21,,227.21,,227.21,,227.21,,227.21,,249.60,,249.60,,249.60,,249.60,,249.60,,272.05,,272.05,,272.05,,272.05,,272.05,,294.44,,294.44,,294.44,,294.44,,294.44,,316.80,,316.80,,316.80,,316.80,,316.80,,339.22,,339.22,,339.22,,339.22,,339.22,
BY,Belarus (Byelorussia),Zone 5,33.02,,33.02,,35.29,,38.12,,41.41,,43.94,,46.49,,49.01,,51.56,,54.07,,58.11,,60.66,,63.24,,65.74,,68.28,,71.06,,73.56,,76.13,,78.66,,81.22,,86.03,,86.03,,90.65,,90.65,,95.33,,95.33,,99.93,,99.93,,104.63,,104.63,,118.54,,118.54,,118.54,,118.54,,118.54,,132.49,,132.49,,132.49,,132.49,,132.49,,146.43,,146.43,,146.43,,146.43,,146.43,,160.36,,160.36,,160.36,,160.36,,160.36,,174.29,,174.29,,174.29,,174.29,,174.29,,188.22,,188.22,,188.22,,188.22,,188.22,,202.17,,202.17,,202.17,,202.17,,202.17,,216.12,,216.12,,216.12,,216.12,,216.12,
BE,Belgium (TB),Zone 2,,,,,,,,,,,,,,,,,,,,,,,,,,,,,,,,,,,,,,,,,,,,,,,,,,,,,,,,,,,,,,,,,,,,,,,,,,,,,,,,,,,,,,,,,,,,,,,,,,,,,,,,,,,,,,,,,,,,,,,,,,,,,,,,,,,,,,,,,,,,
BE,Belgium (WW),Zone 702,10.67,,10.67,,11.02,,11.64,,12.27,,16.78,,17.42,,18.05,,18.73,,19.36,,23.77,,24.45,,25.10,,25.79,,26.45,,30.09,,30.82,,31.57,,32.29,,33.04,,39.76,,39.76,,41.43,,41.43,,43.10,,43.10,,44.79,,44.79,,46.45,,46.45,,50.86,,50.86,,50.86,,50.86,,50.86,,55.25,,55.25,,55.25,,55.25,,55.25,,59.67,,59.67,,59.67,,59.67,,59.67,,64.09,,64.09,,64.09,,64.09,,64.09,,68.53,,68.53,,68.53,,68.53,,68.53,,72.91,,72.91,,72.91,,72.91,,72.91,,77.34,,77.34,,77.34,,77.34,,77.34,,81.71,,81.71,,81.71,,81.71,,81.71,
BZ,Belize,Zone 10,34.99,,34.99,,36.32,,40.36,,44.47,,51.20,,55.53,,59.87,,64.16,,68.50,,75.89,,80.16,,84.47,,88.74,,93.00,,97.24,,101.49,,105.80,,110.08,,114.35,,126.69,,126.69,,135.16,,135.16,,143.58,,143.58,,152.06,,152.06,,160.48,,160.48,,182.90,,182.90,,182.90,,182.90,,182.90,,205.38,,205.38,,205.38,,205.38,,205.38,,227.80,,227.80,,227.80,,227.80,,227.80,,250.34,,250.34,,250.34,,250.34,,250.34,,272.79,,272.79,,272.79,,272.79,,272.79,,295.29,,295.29,,295.29,,295.29,,295.29,,317.78,,317.78,,317.78,,317.78,,317.78,,340.22,,340.22,,340.22,,340.22,,340.22,
BJ,Benin,Zone 10,34.99,,34.99,,36.32,,40.36,,44.47,,51.20,,55.53,,59.87,,64.16,,68.50,,75.89,,80.16,,84.47,,88.74,,93.00,,97.24,,101.49,,105.80,,110.08,,114.35,,126.69,,126.69,,135.16,,135.16,,143.58,,143.58,,152.06,,152.06,,160.48,,160.48,,182.90,,182.90,,182.90,,182.90,,182.90,,205.38,,205.38,,205.38,,205.38,,205.38,,227.80,,227.80,,227.80,,227.80,,227.80,,250.34,,250.34,,250.34,,250.34,,250.34,,272.79,,272.79,,272.79,,272.79,,272.79,,295.29,,295.29,,295.29,,295.29,,295.29,,317.78,,317.78,,317.78,,317.78,,317.78,,340.22,,340.22,,340.22,,340.22,,340.22,
BM,Bermuda,Zone 9,34.94,,34.94,,35.38,,39.98,,44.34,,50.25,,54.76,,59.27,,63.70,,68.21,,76.70,,80.77,,84.95,,89.04,,93.15,,97.88,,102.04,,106.18,,110.32,,114.49,,123.65,,123.65,,132.75,,132.75,,141.82,,141.82,,150.95,,150.95,,160.03,,160.03,,182.39,,182.39,,182.39,,182.39,,182.39,,204.84,,204.84,,204.84,,204.84,,204.84,,227.21,,227.21,,227.21,,227.21,,227.21,,249.60,,249.60,,249.60,,249.60,,249.60,,272.05,,272.05,,272.05,,272.05,,272.05,,294.44,,294.44,,294.44,,294.44,,294.44,,316.80,,316.80,,316.80,,316.80,,316.80,,339.22,,339.22,,339.22,,339.22,,339.22,
BT,Bhutan,Zone 10,34.99,,34.99,,36.32,,40.36,,44.47,,51.20,,55.53,,59.87,,64.16,,68.50,,75.89,,80.16,,84.47,,88.74,,93.00,,97.24,,101.49,,105.80,,110.08,,114.35,,126.69,,126.69,,135.16,,135.16,,143.58,,143.58,,152.06,,152.06,,160.48,,160.48,,182.90,,182.90,,182.90,,182.90,,182.90,,205.38,,205.38,,205.38,,205.38,,205.38,,227.80,,227.80,,227.80,,227.80,,227.80,,250.34,,250.34,,250.34,,250.34,,250.34,,272.79,,272.79,,272.79,,272.79,,272.79,,295.29,,295.29,,295.29,,295.29,,295.29,,317.78,,317.78,,317.78,,317.78,,317.78,,340.22,,340.22,,340.22,,340.22,,340.22,
BO,Bolivia,Zone 10,34.99,,34.99,,36.32,,40.36,,44.47,,51.20,,55.53,,59.87,,64.16,,68.50,,75.89,,80.16,,84.47,,88.74,,93.00,,97.24,,101.49,,105.80,,110.08,,114.35,,126.69,,126.69,,135.16,,135.16,,143.58,,143.58,,152.06,,152.06,,160.48,,160.48,,182.90,,182.90,,182.90,,182.90,,182.90,,205.38,,205.38,,205.38,,205.38,,205.38,,227.80,,227.80,,227.80,,227.80,,227.80,,250.34,,250.34,,250.34,,250.34,,250.34,,272.79,,272.79,,272.79,,272.79,,272.79,,295.29,,295.29,,295.29,,295.29,,295.29,,317.78,,317.78,,317.78,,317.78,,317.78,,340.22,,340.22,,340.22,,340.22,,340.22,
BQ,Bonaire,Zone 9,34.94,,34.94,,35.38,,39.98,,44.34,,50.25,,54.76,,59.27,,63.70,,68.21,,76.70,,80.77,,84.95,,89.04,,93.15,,97.88,,102.04,,106.18,,110.32,,114.49,,123.65,,123.65,,132.75,,132.75,,141.82,,141.82,,150.95,,150.95,,160.03,,160.03,,182.39,,182.39,,182.39,,182.39,,182.39,,204.84,,204.84,,204.84,,204.84,,204.84,,227.21,,227.21,,227.21,,227.21,,227.21,,249.60,,249.60,,249.60,,249.60,,249.60,,272.05,,272.05,,272.05,,272.05,,272.05,,294.44,,294.44,,294.44,,294.44,,294.44,,316.80,,316.80,,316.80,,316.80,,316.80,,339.22,,339.22,,339.22,,339.22,,339.22,
BA,Bosnia-Herzegovina,Zone 5,33.02,,33.02,,35.29,,38.12,,41.41,,43.94,,46.49,,49.01,,51.56,,54.07,,58.11,,60.66,,63.24,,65.74,,68.28,,71.06,,73.56,,76.13,,78.66,,81.22,,86.03,,86.03,,90.65,,90.65,,95.33,,95.33,,99.93,,99.93,,104.63,,104.63,,118.54,,118.54,,118.54,,118.54,,118.54,,132.49,,132.49,,132.49,,132.49,,132.49,,146.43,,146.43,,146.43,,146.43,,146.43,,160.36,,160.36,,160.36,,160.36,,160.36,,174.29,,174.29,,174.29,,174.29,,174.29,,188.22,,188.22,,188.22,,188.22,,188.22,,202.17,,202.17,,202.17,,202.17,,202.17,,216.12,,216.12,,216.12,,216.12,,216.12,
BW,Botswana,Zone 10,34.99,,34.99,,36.32,,40.36,,44.47,,51.20,,55.53,,59.87,,64.16,,68.50,,75.89,,80.16,,84.47,,88.74,,93.00,,97.24,,101.49,,105.80,,110.08,,114.35,,126.69,,126.69,,135.16,,135.16,,143.58,,143.58,,152.06,,152.06,,160.48,,160.48,,182.90,,182.90,,182.90,,182.90,,182.90,,205.38,,205.38,,205.38,,205.38,,205.38,,227.80,,227.80,,227.80,,227.80,,227.80,,250.34,,250.34,,250.34,,250.34,,250.34,,272.79,,272.79,,272.79,,272.79,,272.79,,295.29,,295.29,,295.29,,295.29,,295.29,,317.78,,317.78,,317.78,,317.78,,317.78,,340.22,,340.22,,340.22,,340.22,,340.22,
BR,Brazil,Zone 10,34.99,,34.99,,36.32,,40.36,,44.47,,51.20,,55.53,,59.87,,64.16,,68.50,,75.89,,80.16,,84.47,,88.74,,93.00,,97.24,,101.49,,105.80,,110.08,,114.35,,126.69,,126.69,,135.16,,135.16,,143.58,,143.58,,152.06,,152.06,,160.48,,160.48,,182.90,,182.90,,182.90,,182.90,,182.90,,205.38,,205.38,,205.38,,205.38,,205.38,,227.80,,227.80,,227.80,,227.80,,227.80,,250.34,,250.34,,250.34,,250.34,,250.34,,272.79,,272.79,,272.79,,272.79,,272.79,,295.29,,295.29,,295.29,,295.29,,295.29,,317.78,,317.78,,317.78,,317.78,,317.78,,340.22,,340.22,,340.22,,340.22,,340.22,
VG,British Virgin Islands,Zone 9,34.94,,34.94,,35.38,,39.98,,44.34,,50.25,,54.76,,59.27,,63.70,,68.21,,76.70,,80.77,,84.95,,89.04,,93.15,,97.88,,102.04,,106.18,,110.32,,114.49,,123.65,,123.65,,132.75,,132.75,,141.82,,141.82,,150.95,,150.95,,160.03,,160.03,,182.39,,182.39,,182.39,,182.39,,182.39,,204.84,,204.84,,204.84,,204.84,,204.84,,227.21,,227.21,,227.21,,227.21,,227.21,,249.60,,249.60,,249.60,,249.60,,249.60,,272.05,,272.05,,272.05,,272.05,,272.05,,294.44,,294.44,,294.44,,294.44,,294.44,,316.80,,316.80,,316.80,,316.80,,316.80,,339.22,,339.22,,339.22,,339.22,,339.22,
BN,Brunei,Zone 9,34.94,,34.94,,35.38,,39.98,,44.34,,50.25,,54.76,,59.27,,63.70,,68.21,,76.70,,80.77,,84.95,,89.04,,93.15,,97.88,,102.04,,106.18,,110.32,,114.49,,123.65,,123.65,,132.75,,132.75,,141.82,,141.82,,150.95,,150.95,,160.03,,160.03,,182.39,,182.39,,182.39,,182.39,,182.39,,204.84,,204.84,,204.84,,204.84,,204.84,,227.21,,227.21,,227.21,,227.21,,227.21,,249.60,,249.60,,249.60,,249.60,,249.60,,272.05,,272.05,,272.05,,272.05,,272.05,,294.44,,294.44,,294.44,,294.44,,294.44,,316.80,,316.80,,316.80,,316.80,,316.80,,339.22,,339.22,,339.22,,339.22,,339.22,
BG,Bulgaria (TB),Zone 42,,,,,,,,,,,,,,,,,,,,,,,,,,,,,,,,,,,,,,,,,,,,,,,,,,,,,,,,,,,,,,,,,,,,,,,,,,,,,,,,,,,,,,,,,,,,,,,,,,,,,,,,,,,,,,,,,,,,,,,,,,,,,,,,,,,,,,,,,,,,
BG,Bulgaria (WW),Zone 742,28.36,,28.36,,30.22,,33.03,,35.66,,38.67,,41.06,,43.48,,45.90,,48.33,,52.65,,54.98,,57.32,,59.65,,61.94,,65.00,,67.40,,69.75,,72.11,,74.46,,80.79,,80.79,,85.01,,85.01,,89.17,,89.17,,93.42,,93.42,,97.56,,97.56,,110.96,,110.96,,110.96,,110.96,,110.96,,123.98,,123.98,,123.98,,123.98,,123.98,,137.06,,137.06,,137.06,,137.06,,137.06,,150.17,,150.17,,150.17,,150.17,,150.17,,163.19,,163.19,,163.19,,163.19,,163.19,,176.30,,176.30,,176.30,,176.30,,176.30,,189.32,,189.32,,189.32,,189.32,,189.32,,202.38,,202.38,,202.38,,202.38,,202.38,
BF,Burkina Faso,Zone 10,34.99,,34.99,,36.32,,40.36,,44.47,,51.20,,55.53,,59.87,,64.16,,68.50,,75.89,,80.16,,84.47,,88.74,,93.00,,97.24,,101.49,,105.80,,110.08,,114.35,,126.69,,126.69,,135.16,,135.16,,143.58,,143.58,,152.06,,152.06,,160.48,,160.48,,182.90,,182.90,,182.90,,182.90,,182.90,,205.38,,205.38,,205.38,,205.38,,205.38,,227.80,,227.80,,227.80,,227.80,,227.80,,250.34,,250.34,,250.34,,250.34,,250.34,,272.79,,272.79,,272.79,,272.79,,272.79,,295.29,,295.29,,295.29,,295.29,,295.29,,317.78,,317.78,,317.78,,317.78,,317.78,,340.22,,340.22,,340.22,,340.22,,340.22,
BI,Burundi,Zone 10,34.99,,34.99,,36.32,,40.36,,44.47,,51.20,,55.53,,59.87,,64.16,,68.50,,75.89,,80.16,,84.47,,88.74,,93.00,,97.24,,101.49,,105.80,,110.08,,114.35,,126.69,,126.69,,135.16,,135.16,,143.58,,143.58,,152.06,,152.06,,160.48,,160.48,,182.90,,182.90,,182.90,,182.90,,182.90,,205.38,,205.38,,205.38,,205.38,,205.38,,227.80,,227.80,,227.80,,227.80,,227.80,,250.34,,250.34,,250.34,,250.34,,250.34,,272.79,,272.79,,272.79,,272.79,,272.79,,295.29,,295.29,,295.29,,295.29,,295.29,,317.78,,317.78,,317.78,,317.78,,317.78,,340.22,,340.22,,340.22,,340.22,,340.22,
KH,Cambodia,Zone 10,34.99,,34.99,,36.32,,40.36,,44.47,,51.20,,55.53,,59.87,,64.16,,68.50,,75.89,,80.16,,84.47,,88.74,,93.00,,97.24,,101.49,,105.80,,110.08,,114.35,,126.69,,126.69,,135.16,,135.16,,143.58,,143.58,,152.06,,152.06,,160.48,,160.48,,182.90,,182.90,,182.90,,182.90,,182.90,,205.38,,205.38,,205.38,,205.38,,205.38,,227.80,,227.80,,227.80,,227.80,,227.80,,250.34,,250.34,,250.34,,250.34,,250.34,,272.79,,272.79,,272.79,,272.79,,272.79,,295.29,,295.29,,295.29,,295.29,,295.29,,317.78,,317.78,,317.78,,317.78,,317.78,,340.22,,340.22,,340.22,,340.22,,340.22,
CM,Cameroon,Zone 10,34.99,,34.99,,36.32,,40.36,,44.47,,51.20,,55.53,,59.87,,64.16,,68.50,,75.89,,80.16,,84.47,,88.74,,93.00,,97.24,,101.49,,105.80,,110.08,,114.35,,126.69,,126.69,,135.16,,135.16,,143.58,,143.58,,152.06,,152.06,,160.48,,160.48,,182.90,,182.90,,182.90,,182.90,,182.90,,205.38,,205.38,,205.38,,205.38,,205.38,,227.80,,227.80,,227.80,,227.80,,227.80,,250.34,,250.34,,250.34,,250.34,,250.34,,272.79,,272.79,,272.79,,272.79,,272.79,,295.29,,295.29,,295.29,,295.29,,295.29,,317.78,,317.78,,317.78,,317.78,,317.78,,340.22,,340.22,,340.22,,340.22,,340.22,
IT,Campione (Italy) (TB),Zone 4,34.94,,34.94,,35.38,,39.98,,44.34,,50.25,,54.76,,59.27,,63.70,,68.21,,76.70,,80.77,,84.95,,89.04,,93.15,,97.88,,102.04,,106.18,,110.32,,114.49,,123.65,,123.65,,132.75,,132.75,,141.82,,141.82,,150.95,,150.95,,160.03,,160.03,,182.39,,182.39,,182.39,,182.39,,182.39,,204.84,,204.84,,204.84,,204.84,,204.84,,227.21,,227.21,,227.21,,227.21,,227.21,,249.60,,249.60,,249.60,,249.60,,249.60,,272.05,,272.05,,272.05,,272.05,,272.05,,294.44,,294.44,,294.44,,294.44,,294.44,,316.80,,316.80,,316.80,,316.80,,316.80,,339.22,,339.22,,339.22,,339.22,,339.22,
IT,Campione (Italy) (WW),Zone 704,10.58,,10.58,,10.75,,11.88,,12.99,,15.37,,16.52,,17.65,,18.82,,19.97,,23.27,,24.22,,25.18,,26.18,,27.14,,29.54,,30.56,,31.56,,32.60,,33.63,,38.81,,38.81,,40.85,,40.85,,42.86,,42.86,,44.89,,44.89,,46.91,,46.91,,53.30,,53.30,,53.30,,53.30,,53.30,,59.71,,59.71,,59.71,,59.71,,59.71,,66.10,,66.10,,66.10,,66.10,,66.10,,72.52,,72.52,,72.52,,72.52,,72.52,,78.93,,78.93,,78.93,,78.93,,78.93,,85.31,,85.31,,85.31,,85.31,,85.31,,91.71,,91.71,,91.71,,91.71,,91.71,,98.11,,98.11,,98.11,,98.11,,98.11,
CA,Canada,Zone 7,17.62,,17.62,,17.62,,17.62,,17.62,,21.16,,22.55,,24.00,,25.38,,26.77,,32.01,,33.40,,34.82,,36.24,,37.67,,41.66,,43.09,,44.62,,46.14,,47.65,,60.97,,60.97,,64.28,,64.28,,67.51,,67.51,,70.78,,70.78,,74.05,,74.05,,84.65,,84.65,,84.65,,84.65,,84.65,,95.06,,95.06,,95.06,,95.06,,95.06,,105.47,,105.47,,105.47,,105.47,,105.47,,115.88,,115.88,,115.88,,115.88,,115.88,,126.29,,126.29,,126.29,,126.29,,126.29,,136.74,,136.74,,136.74,,136.74,,136.74,,147.15,,147.15,,147.15,,147.15,,147.15,,157.51,,157.51,,157.51,,157.51,,157.51,
IC,Canary Islands,Zone 9,34.94,,34.94,,35.38,,39.98,,44.34,,50.25,,54.76,,59.27,,63.70,,68.21,,76.70,,80.77,,84.95,,89.04,,93.15,,97.88,,102.04,,106.18,,110.32,,114.49,,123.65,,123.65,,132.75,,132.75,,141.82,,141.82,,150.95,,150.95,,160.03,,160.03,,182.39,,182.39,,182.39,,182.39,,182.39,,204.84,,204.84,,204.84,,204.84,,204.84,,227.21,,227.21,,227.21,,227.21,,227.21,,249.60,,249.60,,249.60,,249.60,,249.60,,272.05,,272.05,,272.05,,272.05,,272.05,,294.44,,294.44,,294.44,,294.44,,294.44,,316.80,,316.80,,316.80,,316.80,,316.80,,339.22,,339.22,,339.22,,339.22,,339.22,
CV,Cape Verde Islands,Zone 10,34.99,,34.99,,36.32,,40.36,,44.47,,51.20,,55.53,,59.87,,64.16,,68.50,,75.89,,80.16,,84.47,,88.74,,93.00,,97.24,,101.49,,105.80,,110.08,,114.35,,126.69,,126.69,,135.16,,135.16,,143.58,,143.58,,152.06,,152.06,,160.48,,160.48,,182.90,,182.90,,182.90,,182.90,,182.90,,205.38,,205.38,,205.38,,205.38,,205.38,,227.80,,227.80,,227.80,,227.80,,227.80,,250.34,,250.34,,250.34,,250.34,,250.34,,272.79,,272.79,,272.79,,272.79,,272.79,,295.29,,295.29,,295.29,,295.29,,295.29,,317.78,,317.78,,317.78,,317.78,,317.78,,340.22,,340.22,,340.22,,340.22,,340.22,
KY,Cayman Islands,Zone 9,34.94,,34.94,,35.38,,39.98,,44.34,,50.25,,54.76,,59.27,,63.70,,68.21,,76.70,,80.77,,84.95,,89.04,,93.15,,97.88,,102.04,,106.18,,110.32,,114.49,,123.65,,123.65,,132.75,,132.75,,141.82,,141.82,,150.95,,150.95,,160.03,,160.03,,182.39,,182.39,,182.39,,182.39,,182.39,,204.84,,204.84,,204.84,,204.84,,204.84,,227.21,,227.21,,227.21,,227.21,,227.21,,249.60,,249.60,,249.60,,249.60,,249.60,,272.05,,272.05,,272.05,,272.05,,272.05,,294.44,,294.44,,294.44,,294.44,,294.44,,316.80,,316.80,,316.80,,316.80,,316.80,,339.22,,339.22,,339.22,,339.22,,339.22,
CF,Central African Republic,Zone 10,34.99,,34.99,,36.32,,40.36,,44.47,,51.20,,55.53,,59.87,,64.16,,68.50,,75.89,,80.16,,84.47,,88.74,,93.00,,97.24,,101.49,,105.80,,110.08,,114.35,,126.69,,126.69,,135.16,,135.16,,143.58,,143.58,,152.06,,152.06,,160.48,,160.48,,182.90,,182.90,,182.90,,182.90,,182.90,,205.38,,205.38,,205.38,,205.38,,205.38,,227.80,,227.80,,227.80,,227.80,,227.80,,250.34,,250.34,,250.34,,250.34,,250.34,,272.79,,272.79,,272.79,,272.79,,272.79,,295.29,,295.29,,295.29,,295.29,,295.29,,317.78,,317.78,,317.78,,317.78,,317.78,,340.22,,340.22,,340.22,,340.22,,340.22,
ES,Ceuta (Spain) (TB),Zone 5,33.02,,33.02,,35.29,,38.12,,41.41,,43.94,,46.49,,49.01,,51.56,,54.07,,58.11,,60.66,,63.24,,65.74,,68.28,,71.06,,73.56,,76.13,,78.66,,81.22,,86.03,,86.03,,90.65,,90.65,,95.33,,95.33,,99.93,,99.93,,104.63,,104.63,,118.54,,118.54,,118.54,,118.54,,118.54,,132.49,,132.49,,132.49,,132.49,,132.49,,146.43,,146.43,,146.43,,146.43,,146.43,,160.36,,160.36,,160.36,,160.36,,160.36,,174.29,,174.29,,174.29,,174.29,,174.29,,188.22,,188.22,,188.22,,188.22,,188.22,,202.17,,202.17,,202.17,,202.17,,202.17,,216.12,,216.12,,216.12,,216.12,,216.12,
ES,Ceuta (Spain) (WW),Zone 705,,,,,,,,,,,,,,,,,,,,,,,,,,,,,,,,,,,,,,,,,,,,,,,,,,,,,,,,,,,,,,,,,,,,,,,,,,,,,,,,,,,,,,,,,,,,,,,,,,,,,,,,,,,,,,,,,,,,,,,,,,,,,,,,,,,,,,,,,,,,
TD,Chad,Zone 10,34.99,,34.99,,36.32,,40.36,,44.47,,51.20,,55.53,,59.87,,64.16,,68.50,,75.89,,80.16,,84.47,,88.74,,93.00,,97.24,,101.49,,105.80,,110.08,,114.35,,126.69,,126.69,,135.16,,135.16,,143.58,,143.58,,152.06,,152.06,,160.48,,160.48,,182.90,,182.90,,182.90,,182.90,,182.90,,205.38,,205.38,,205.38,,205.38,,205.38,,227.80,,227.80,,227.80,,227.80,,227.80,,250.34,,250.34,,250.34,,250.34,,250.34,,272.79,,272.79,,272.79,,272.79,,272.79,,295.29,,295.29,,295.29,,295.29,,295.29,,317.78,,317.78,,317.78,,317.78,,317.78,,340.22,,340.22,,340.22,,340.22,,340.22,
GG,Channel Islands (Guernsey),Zone 5,33.02,,33.02,,35.29,,38.12,,41.41,,43.94,,46.49,,49.01,,51.56,,54.07,,58.11,,60.66,,63.24,,65.74,,68.28,,71.06,,73.56,,76.13,,78.66,,81.22,,86.03,,86.03,,90.65,,90.65,,95.33,,95.33,,99.93,,99.93,,104.63,,104.63,,118.54,,118.54,,118.54,,118.54,,118.54,,132.49,,132.49,,132.49,,132.49,,132.49,,146.43,,146.43,,146.43,,146.43,,146.43,,160.36,,160.36,,160.36,,160.36,,160.36,,174.29,,174.29,,174.29,,174.29,,174.29,,188.22,,188.22,,188.22,,188.22,,188.22,,202.17,,202.17,,202.17,,202.17,,202.17,,216.12,,216.12,,216.12,,216.12,,216.12,
JE,Channel Islands (Jersey),Zone 5,33.02,,33.02,,35.29,,38.12,,41.41,,43.94,,46.49,,49.01,,51.56,,54.07,,58.11,,60.66,,63.24,,65.74,,68.28,,71.06,,73.56,,76.13,,78.66,,81.22,,86.03,,86.03,,90.65,,90.65,,95.33,,95.33,,99.93,,99.93,,104.63,,104.63,,118.54,,118.54,,118.54,,118.54,,118.54,,132.49,,132.49,,132.49,,132.49,,132.49,,146.43,,146.43,,146.43,,146.43,,146.43,,160.36,,160.36,,160.36,,160.36,,160.36,,174.29,,174.29,,174.29,,174.29,,174.29,,188.22,,188.22,,188.22,,188.22,,188.22,,202.17,,202.17,,202.17,,202.17,,202.17,,216.12,,216.12,,216.12,,216.12,,216.12,
CL,Chile,Zone 10,34.99,,34.99,,36.32,,40.36,,44.47,,51.20,,55.53,,59.87,,64.16,,68.50,,75.89,,80.16,,84.47,,88.74,,93.00,,97.24,,101.49,,105.80,,110.08,,114.35,,126.69,,126.69,,135.16,,135.16,,143.58,,143.58,,152.06,,152.06,,160.48,,160.48,,182.90,,182.90,,182.90,,182.90,,182.90,,205.38,,205.38,,205.38,,205.38,,205.38,,227.80,,227.80,,227.80,,227.80,,227.80,,250.34,,250.34,,250.34,,250.34,,250.34,,272.79,,272.79,,272.79,,272.79,,272.79,,295.29,,295.29,,295.29,,295.29,,295.29,,317.78,,317.78,,317.78,,317.78,,317.78,,340.22,,340.22,,340.22,,340.22,,340.22,
CN,"China, People's Republic of",Zone 8,22.68,,22.68,,22.68,,22.68,,22.68,,25.55,,27.62,,29.64,,31.73,,33.75,,38.75,,40.86,,42.98,,45.08,,47.20,,50.75,,52.90,,55.07,,57.24,,59.42,,63.82,,63.82,,68.00,,68.00,,72.18,,72.18,,76.34,,76.34,,80.48,,80.48,,91.15,,91.15,,91.15,,91.15,,91.15,,101.85,,101.85,,101.85,,101.85,,101.85,,112.55,,112.55,,112.55,,112.55,,112.55,,123.24,,123.24,,123.24,,123.24,,123.24,,133.93,,133.93,,133.93,,133.93,,133.93,,144.65,,144.65,,144.65,,144.65,,144.65,,155.30,,155.30,,155.30,,155.30,,155.30,,166.02,,166.02,,166.02,,166.02,,166.02,
CO,Colombia,Zone 10,34.99,,34.99,,36.32,,40.36,,44.47,,51.20,,55.53,,59.87,,64.16,,68.50,,75.89,,80.16,,84.47,,88.74,,93.00,,97.24,,101.49,,105.80,,110.08,,114.35,,126.69,,126.69,,135.16,,135.16,,143.58,,143.58,,152.06,,152.06,,160.48,,160.48,,182.90,,182.90,,182.90,,182.90,,182.90,,205.38,,205.38,,205.38,,205.38,,205.38,,227.80,,227.80,,227.80,,227.80,,227.80,,250.34,,250.34,,250.34,,250.34,,250.34,,272.79,,272.79,,272.79,,272.79,,272.79,,295.29,,295.29,,295.29,,295.29,,295.29,,317.78,,317.78,,317.78,,317.78,,317.78,,340.22,,340.22,,340.22,,340.22,,340.22,
KM,Comoros,Zone 10,34.99,,34.99,,36.32,,40.36,,44.47,,51.20,,55.53,,59.87,,64.16,,68.50,,75.89,,80.16,,84.47,,88.74,,93.00,,97.24,,101.49,,105.80,,110.08,,114.35,,126.69,,126.69,,135.16,,135.16,,143.58,,143.58,,152.06,,152.06,,160.48,,160.48,,182.90,,182.90,,182.90,,182.90,,182.90,,205.38,,205.38,,205.38,,205.38,,205.38,,227.80,,227.80,,227.80,,227.80,,227.80,,250.34,,250.34,,250.34,,250.34,,250.34,,272.79,,272.79,,272.79,,272.79,,272.79,,295.29,,295.29,,295.29,,295.29,,295.29,,317.78,,317.78,,317.78,,317.78,,317.78,,340.22,,340.22,,340.22,,340.22,,340.22,
CG,Congo (Brazzaville),Zone 10,34.99,,34.99,,36.32,,40.36,,44.47,,51.20,,55.53,,59.87,,64.16,,68.50,,75.89,,80.16,,84.47,,88.74,,93.00,,97.24,,101.49,,105.80,,110.08,,114.35,,126.69,,126.69,,135.16,,135.16,,143.58,,143.58,,152.06,,152.06,,160.48,,160.48,,182.90,,182.90,,182.90,,182.90,,182.90,,205.38,,205.38,,205.38,,205.38,,205.38,,227.80,,227.80,,227.80,,227.80,,227.80,,250.34,,250.34,,250.34,,250.34,,250.34,,272.79,,272.79,,272.79,,272.79,,272.79,,295.29,,295.29,,295.29,,295.29,,295.29,,317.78,,317.78,,317.78,,317.78,,317.78,,340.22,,340.22,,340.22,,340.22,,340.22,
CD,"Congo, Democratic Republic of",Zone 10,34.99,,34.99,,36.32,,40.36,,44.47,,51.20,,55.53,,59.87,,64.16,,68.50,,75.89,,80.16,,84.47,,88.74,,93.00,,97.24,,101.49,,105.80,,110.08,,114.35,,126.69,,126.69,,135.16,,135.16,,143.58,,143.58,,152.06,,152.06,,160.48,,160.48,,182.90,,182.90,,182.90,,182.90,,182.90,,205.38,,205.38,,205.38,,205.38,,205.38,,227.80,,227.80,,227.80,,227.80,,227.80,,250.34,,250.34,,250.34,,250.34,,250.34,,272.79,,272.79,,272.79,,272.79,,272.79,,295.29,,295.29,,295.29,,295.29,,295.29,,317.78,,317.78,,317.78,,317.78,,317.78,,340.22,,340.22,,340.22,,340.22,,340.22,
CK,Cook Islands,Zone 9,34.94,,34.94,,35.38,,39.98,,44.34,,50.25,,54.76,,59.27,,63.70,,68.21,,76.70,,80.77,,84.95,,89.04,,93.15,,97.88,,102.04,,106.18,,110.32,,114.49,,123.65,,123.65,,132.75,,132.75,,141.82,,141.82,,150.95,,150.95,,160.03,,160.03,,182.39,,182.39,,182.39,,182.39,,182.39,,204.84,,204.84,,204.84,,204.84,,204.84,,227.21,,227.21,,227.21,,227.21,,227.21,,249.60,,249.60,,249.60,,249.60,,249.60,,272.05,,272.05,,272.05,,272.05,,272.05,,294.44,,294.44,,294.44,,294.44,,294.44,,316.80,,316.80,,316.80,,316.80,,316.80,,339.22,,339.22,,339.22,,339.22,,339.22,
CR,Costa Rica,Zone 10,34.99,,34.99,,36.32,,40.36,,44.47,,51.20,,55.53,,59.87,,64.16,,68.50,,75.89,,80.16,,84.47,,88.74,,93.00,,97.24,,101.49,,105.80,,110.08,,114.35,,126.69,,126.69,,135.16,,135.16,,143.58,,143.58,,152.06,,152.06,,160.48,,160.48,,182.90,,182.90,,182.90,,182.90,,182.90,,205.38,,205.38,,205.38,,205.38,,205.38,,227.80,,227.80,,227.80,,227.80,,227.80,,250.34,,250.34,,250.34,,250.34,,250.34,,272.79,,272.79,,272.79,,272.79,,272.79,,295.29,,295.29,,295.29,,295.29,,295.29,,317.78,,317.78,,317.78,,317.78,,317.78,,340.22,,340.22,,340.22,,340.22,,340.22,
HR,Croatia (TB),Zone 41,,,,,,,,,,,,,,,,,,,,,,,,,,,,,,,,,,,,,,,,,,,,,,,,,,,,,,,,,,,,,,,,,,,,,,,,,,,,,,,,,,,,,,,,,,,,,,,,,,,,,,,,,,,,,,,,,,,,,,,,,,,,,,,,,,,,,,,,,,,,
HR,Croatia (WW),Zone 741,15.14,,15.14,,15.65,,16.96,,18.55,,19.91,,21.12,,22.31,,23.51,,24.71,,26.27,,27.44,,28.56,,29.72,,30.87,,32.01,,33.17,,34.31,,35.45,,36.60,,38.86,,38.86,,40.91,,40.91,,43.01,,43.01,,45.07,,45.07,,47.16,,47.16,,53.47,,53.47,,53.47,,53.47,,53.47,,59.78,,59.78,,59.78,,59.78,,59.78,,66.07,,66.07,,66.07,,66.07,,66.07,,72.36,,72.36,,72.36,,72.36,,72.36,,78.68,,78.68,,78.68,,78.68,,78.68,,84.96,,84.96,,84.96,,84.96,,84.96,,91.25,,91.25,,91.25,,91.25,,91.25,,97.54,,97.54,,97.54,,97.54,,97.54,
CU,Cuba,Zone 9,34.94,,34.94,,35.38,,39.98,,44.34,,50.25,,54.76,,59.27,,63.70,,68.21,,76.70,,80.77,,84.95,,89.04,,93.15,,97.88,,102.04,,106.18,,110.32,,114.49,,123.65,,123.65,,132.75,,132.75,,141.82,,141.82,,150.95,,150.95,,160.03,,160.03,,182.39,,182.39,,182.39,,182.39,,182.39,,204.84,,204.84,,204.84,,204.84,,204.84,,227.21,,227.21,,227.21,,227.21,,227.21,,249.60,,249.60,,249.60,,249.60,,249.60,,272.05,,272.05,,272.05,,272.05,,272.05,,294.44,,294.44,,294.44,,294.44,,294.44,,316.80,,316.80,,316.80,,316.80,,316.80,,339.22,,339.22,,339.22,,339.22,,339.22,
CW,Curaçao,Zone 9,34.94,,34.94,,35.38,,39.98,,44.34,,50.25,,54.76,,59.27,,63.70,,68.21,,76.70,,80.77,,84.95,,89.04,,93.15,,97.88,,102.04,,106.18,,110.32,,114.49,,123.65,,123.65,,132.75,,132.75,,141.82,,141.82,,150.95,,150.95,,160.03,,160.03,,182.39,,182.39,,182.39,,182.39,,182.39,,204.84,,204.84,,204.84,,204.84,,204.84,,227.21,,227.21,,227.21,,227.21,,227.21,,249.60,,249.60,,249.60,,249.60,,249.60,,272.05,,272.05,,272.05,,272.05,,272.05,,294.44,,294.44,,294.44,,294.44,,294.44,,316.80,,316.80,,316.80,,316.80,,316.80,,339.22,,339.22,,339.22,,339.22,,339.22,
CY,Cyprus (TB),Zone 42,,,,,,,,,,,,,,,,,,,,,,,,,,,,,,,,,,,,,,,,,,,,,,,,,,,,,,,,,,,,,,,,,,,,,,,,,,,,,,,,,,,,,,,,,,,,,,,,,,,,,,,,,,,,,,,,,,,,,,,,,,,,,,,,,,,,,,,,,,,,
CY,Cyprus (WW),Zone 742,28.36,,28.36,,30.22,,33.03,,35.66,,38.67,,41.06,,43.48,,45.90,,48.33,,52.65,,54.98,,57.32,,59.65,,61.94,,65.00,,67.40,,69.75,,72.11,,74.46,,80.79,,80.79,,85.01,,85.01,,89.17,,89.17,,93.42,,93.42,,97.56,,97.56,,110.96,,110.96,,110.96,,110.96,,110.96,,123.98,,123.98,,123.98,,123.98,,123.98,,137.06,,137.06,,137.06,,137.06,,137.06,,150.17,,150.17,,150.17,,150.17,,150.17,,163.19,,163.19,,163.19,,163.19,,163.19,,176.30,,176.30,,176.30,,176.30,,176.30,,189.32,,189.32,,189.32,,189.32,,189.32,,202.38,,202.38,,202.38,,202.38,,202.38,
CZ,Czech Republic (TB),Zone 41,,,,,,,,,,,,,,,,,,,,,,,,,,,,,,,,,,,,,,,,,,,,,,,,,,,,,,,,,,,,,,,,,,,,,,,,,,,,,,,,,,,,,,,,,,,,,,,,,,,,,,,,,,,,,,,,,,,,,,,,,,,,,,,,,,,,,,,,,,,,
CZ,Czech Republic (WW),Zone 741,15.14,,15.14,,15.65,,16.96,,18.55,,19.91,,21.12,,22.31,,23.51,,24.71,,26.27,,27.44,,28.56,,29.72,,30.87,,32.01,,33.17,,34.31,,35.45,,36.60,,38.86,,38.86,,40.91,,40.91,,43.01,,43.01,,45.07,,45.07,,47.16,,47.16,,53.47,,53.47,,53.47,,53.47,,53.47,,59.78,,59.78,,59.78,,59.78,,59.78,,66.07,,66.07,,66.07,,66.07,,66.07,,72.36,,72.36,,72.36,,72.36,,72.36,,78.68,,78.68,,78.68,,78.68,,78.68,,84.96,,84.96,,84.96,,84.96,,84.96,,91.25,,91.25,,91.25,,91.25,,91.25,,97.54,,97.54,,97.54,,97.54,,97.54,
CI,Côte d'Ivoire (Ivory Coast),Zone 10,34.99,,34.99,,36.32,,40.36,,44.47,,51.20,,55.53,,59.87,,64.16,,68.50,,75.89,,80.16,,84.47,,88.74,,93.00,,97.24,,101.49,,105.80,,110.08,,114.35,,126.69,,126.69,,135.16,,135.16,,143.58,,143.58,,152.06,,152.06,,160.48,,160.48,,182.90,,182.90,,182.90,,182.90,,182.90,,205.38,,205.38,,205.38,,205.38,,205.38,,227.80,,227.80,,227.80,,227.80,,227.80,,250.34,,250.34,,250.34,,250.34,,250.34,,272.79,,272.79,,272.79,,272.79,,272.79,,295.29,,295.29,,295.29,,295.29,,295.29,,317.78,,317.78,,317.78,,317.78,,317.78,,340.22,,340.22,,340.22,,340.22,,340.22,
DK,Denmark (TB),Zone 4,34.94,,34.94,,35.38,,39.98,,44.34,,50.25,,54.76,,59.27,,63.70,,68.21,,76.70,,80.77,,84.95,,89.04,,93.15,,97.88,,102.04,,106.18,,110.32,,114.49,,123.65,,123.65,,132.75,,132.75,,141.82,,141.82,,150.95,,150.95,,160.03,,160.03,,182.39,,182.39,,182.39,,182.39,,182.39,,204.84,,204.84,,204.84,,204.84,,204.84,,227.21,,227.21,,227.21,,227.21,,227.21,,249.60,,249.60,,249.60,,249.60,,249.60,,272.05,,272.05,,272.05,,272.05,,272.05,,294.44,,294.44,,294.44,,294.44,,294.44,,316.80,,316.80,,316.80,,316.80,,316.80,,339.22,,339.22,,339.22,,339.22,,339.22,
DK,Denmark (WW),Zone 704,10.58,,10.58,,10.75,,11.88,,12.99,,15.37,,16.52,,17.65,,18.82,,19.97,,23.27,,24.22,,25.18,,26.18,,27.14,,29.54,,30.56,,31.56,,32.60,,33.63,,38.81,,38.81,,40.85,,40.85,,42.86,,42.86,,44.89,,44.89,,46.91,,46.91,,53.30,,53.30,,53.30,,53.30,,53.30,,59.71,,59.71,,59.71,,59.71,,59.71,,66.10,,66.10,,66.10,,66.10,,66.10,,72.52,,72.52,,72.52,,72.52,,72.52,,78.93,,78.93,,78.93,,78.93,,78.93,,85.31,,85.31,,85.31,,85.31,,85.31,,91.71,,91.71,,91.71,,91.71,,91.71,,98.11,,98.11,,98.11,,98.11,,98.11,
DJ,Djibouti,Zone 10,34.99,,34.99,,36.32,,40.36,,44.47,,51.20,,55.53,,59.87,,64.16,,68.50,,75.89,,80.16,,84.47,,88.74,,93.00,,97.24,,101.49,,105.80,,110.08,,114.35,,126.69,,126.69,,135.16,,135.16,,143.58,,143.58,,152.06,,152.06,,160.48,,160.48,,182.90,,182.90,,182.90,,182.90,,182.90,,205.38,,205.38,,205.38,,205.38,,205.38,,227.80,,227.80,,227.80,,227.80,,227.80,,250.34,,250.34,,250.34,,250.34,,250.34,,272.79,,272.79,,272.79,,272.79,,272.79,,295.29,,295.29,,295.29,,295.29,,295.29,,317.78,,317.78,,317.78,,317.78,,317.78,,340.22,,340.22,,340.22,,340.22,,340.22,
DM,Dominica,Zone 9,34.94,,34.94,,35.38,,39.98,,44.34,,50.25,,54.76,,59.27,,63.70,,68.21,,76.70,,80.77,,84.95,,89.04,,93.15,,97.88,,102.04,,106.18,,110.32,,114.49,,123.65,,123.65,,132.75,,132.75,,141.82,,141.82,,150.95,,150.95,,160.03,,160.03,,182.39,,182.39,,182.39,,182.39,,182.39,,204.84,,204.84,,204.84,,204.84,,204.84,,227.21,,227.21,,227.21,,227.21,,227.21,,249.60,,249.60,,249.60,,249.60,,249.60,,272.05,,272.05,,272.05,,272.05,,272.05,,294.44,,294.44,,294.44,,294.44,,294.44,,316.80,,316.80,,316.80,,316.80,,316.80,,339.22,,339.22,,339.22,,339.22,,339.22,
DO,Dominican Republic,Zone 9,34.94,,34.94,,35.38,,39.98,,44.34,,50.25,,54.76,,59.27,,63.70,,68.21,,76.70,,80.77,,84.95,,89.04,,93.15,,97.88,,102.04,,106.18,,110.32,,114.49,,123.65,,123.65,,132.75,,132.75,,141.82,,141.82,,150.95,,150.95,,160.03,,160.03,,182.39,,182.39,,182.39,,182.39,,182.39,,204.84,,204.84,,204.84,,204.84,,204.84,,227.21,,227.21,,227.21,,227.21,,227.21,,249.60,,249.60,,249.60,,249.60,,249.60,,272.05,,272.05,,272.05,,272.05,,272.05,,294.44,,294.44,,294.44,,294.44,,294.44,,316.80,,316.80,,316.80,,316.80,,316.80,,339.22,,339.22,,339.22,,339.22,,339.22,
TL,East Timor,Zone 9,34.94,,34.94,,35.38,,39.98,,44.34,,50.25,,54.76,,59.27,,63.70,,68.21,,76.70,,80.77,,84.95,,89.04,,93.15,,97.88,,102.04,,106.18,,110.32,,114.49,,123.65,,123.65,,132.75,,132.75,,141.82,,141.82,,150.95,,150.95,,160.03,,160.03,,182.39,,182.39,,182.39,,182.39,,182.39,,204.84,,204.84,,204.84,,204.84,,204.84,,227.21,,227.21,,227.21,,227.21,,227.21,,249.60,,249.60,,249.60,,249.60,,249.60,,272.05,,272.05,,272.05,,272.05,,272.05,,294.44,,294.44,,294.44,,294.44,,294.44,,316.80,,316.80,,316.80,,316.80,,316.80,,339.22,,339.22,,339.22,,339.22,,339.22,
EC,Ecuador,Zone 10,34.99,,34.99,,36.32,,40.36,,44.47,,51.20,,55.53,,59.87,,64.16,,68.50,,75.89,,80.16,,84.47,,88.74,,93.00,,97.24,,101.49,,105.80,,110.08,,114.35,,126.69,,126.69,,135.16,,135.16,,143.58,,143.58,,152.06,,152.06,,160.48,,160.48,,182.90,,182.90,,182.90,,182.90,,182.90,,205.38,,205.38,,205.38,,205.38,,205.38,,227.80,,227.80,,227.80,,227.80,,227.80,,250.34,,250.34,,250.34,,250.34,,250.34,,272.79,,272.79,,272.79,,272.79,,272.79,,295.29,,295.29,,295.29,,295.29,,295.29,,317.78,,317.78,,317.78,,317.78,,317.78,,340.22,,340.22,,340.22,,340.22,,340.22,
EG,Egypt,Zone 9,34.94,,34.94,,35.38,,39.98,,44.34,,50.25,,54.76,,59.27,,63.70,,68.21,,76.70,,80.77,,84.95,,89.04,,93.15,,97.88,,102.04,,106.18,,110.32,,114.49,,123.65,,123.65,,132.75,,132.75,,141.82,,141.82,,150.95,,150.95,,160.03,,160.03,,182.39,,182.39,,182.39,,182.39,,182.39,,204.84,,204.84,,204.84,,204.84,,204.84,,227.21,,227.21,,227.21,,227.21,,227.21,,249.60,,249.60,,249.60,,249.60,,249.60,,272.05,,272.05,,272.05,,272.05,,272.05,,294.44,,294.44,,294.44,,294.44,,294.44,,316.80,,316.80,,316.80,,316.80,,316.80,,339.22,,339.22,,339.22,,339.22,,339.22,
SV,El Salvador,Zone 10,34.99,,34.99,,36.32,,40.36,,44.47,,51.20,,55.53,,59.87,,64.16,,68.50,,75.89,,80.16,,84.47,,88.74,,93.00,,97.24,,101.49,,105.80,,110.08,,114.35,,126.69,,126.69,,135.16,,135.16,,143.58,,143.58,,152.06,,152.06,,160.48,,160.48,,182.90,,182.90,,182.90,,182.90,,182.90,,205.38,,205.38,,205.38,,205.38,,205.38,,227.80,,227.80,,227.80,,227.80,,227.80,,250.34,,250.34,,250.34,,250.34,,250.34,,272.79,,272.79,,272.79,,272.79,,272.79,,295.29,,295.29,,295.29,,295.29,,295.29,,317.78,,317.78,,317.78,,317.78,,317.78,,340.22,,340.22,,340.22,,340.22,,340.22,
GB,England,Zone 1,6.25,,6.25,,6.25,,6.25,,6.25,,6.25,,6.25,,6.25,,6.25,,6.25,,6.25,,6.25,,6.25,,6.25,,6.25,,7.20,,7.20,,7.20,,7.20,,7.20,,8.68,,8.68,,8.68,,8.68,,8.68,,8.68,,8.68,,8.68,,8.68,,8.68,,9.58,,9.58,,9.58,,9.58,,9.58,,10.47,,10.47,,10.47,,10.47,,10.47,,11.37,,11.37,,11.37,,11.37,,11.37,,12.27,,12.27,,12.27,,12.27,,12.27,,13.18,,13.18,,13.18,,13.18,,13.18,,14.09,,14.09,,14.09,,14.09,,14.09,,15.00,,15.00,,15.00,,15.00,,15.00,,15.89,,15.89,,15.89,,15.89,,15.89,
GQ,Equatorial Guinea,Zone 10,34.99,,34.99,,36.32,,40.36,,44.47,,51.20,,55.53,,59.87,,64.16,,68.50,,75.89,,80.16,,84.47,,88.74,,93.00,,97.24,,101.49,,105.80,,110.08,,114.35,,126.69,,126.69,,135.16,,135.16,,143.58,,143.58,,152.06,,152.06,,160.48,,160.48,,182.90,,182.90,,182.90,,182.90,,182.90,,205.38,,205.38,,205.38,,205.38,,205.38,,227.80,,227.80,,227.80,,227.80,,227.80,,250.34,,250.34,,250.34,,250.34,,250.34,,272.79,,272.79,,272.79,,272.79,,272.79,,295.29,,295.29,,295.29,,295.29,,295.29,,317.78,,317.78,,317.78,,317.78,,317.78,,340.22,,340.22,,340.22,,340.22,,340.22,
ER,Eritrea,Zone 10,34.99,,34.99,,36.32,,40.36,,44.47,,51.20,,55.53,,59.87,,64.16,,68.50,,75.89,,80.16,,84.47,,88.74,,93.00,,97.24,,101.49,,105.80,,110.08,,114.35,,126.69,,126.69,,135.16,,135.16,,143.58,,143.58,,152.06,,152.06,,160.48,,160.48,,182.90,,182.90,,182.90,,182.90,,182.90,,205.38,,205.38,,205.38,,205.38,,205.38,,227.80,,227.80,,227.80,,227.80,,227.80,,250.34,,250.34,,250.34,,250.34,,250.34,,272.79,,272.79,,272.79,,272.79,,272.79,,295.29,,295.29,,295.29,,295.29,,295.29,,317.78,,317.78,,317.78,,317.78,,317.78,,340.22,,340.22,,340.22,,340.22,,340.22,
EE,Estonia (TB),Zone 42,,,,,,,,,,,,,,,,,,,,,,,,,,,,,,,,,,,,,,,,,,,,,,,,,,,,,,,,,,,,,,,,,,,,,,,,,,,,,,,,,,,,,,,,,,,,,,,,,,,,,,,,,,,,,,,,,,,,,,,,,,,,,,,,,,,,,,,,,,,,
EE,Estonia (WW),Zone 742,28.36,,28.36,,30.22,,33.03,,35.66,,38.67,,41.06,,43.48,,45.90,,48.33,,52.65,,54.98,,57.32,,59.65,,61.94,,65.00,,67.40,,69.75,,72.11,,74.46,,80.79,,80.79,,85.01,,85.01,,89.17,,89.17,,93.42,,93.42,,97.56,,97.56,,110.96,,110.96,,110.96,,110.96,,110.96,,123.98,,123.98,,123.98,,123.98,,123.98,,137.06,,137.06,,137.06,,137.06,,137.06,,150.17,,150.17,,150.17,,150.17,,150.17,,163.19,,163.19,,163.19,,163.19,,163.19,,176.30,,176.30,,176.30,,176.30,,176.30,,189.32,,189.32,,189.32,,189.32,,189.32,,202.38,,202.38,,202.38,,202.38,,202.38,
ET,Ethiopia,Zone 10,34.99,,34.99,,36.32,,40.36,,44.47,,51.20,,55.53,,59.87,,64.16,,68.50,,75.89,,80.16,,84.47,,88.74,,93.00,,97.24,,101.49,,105.80,,110.08,,114.35,,126.69,,126.69,,135.16,,135.16,,143.58,,143.58,,152.06,,152.06,,160.48,,160.48,,182.90,,182.90,,182.90,,182.90,,182.90,,205.38,,205.38,,205.38,,205.38,,205.38,,227.80,,227.80,,227.80,,227.80,,227.80,,250.34,,250.34,,250.34,,250.34,,250.34,,272.79,,272.79,,272.79,,272.79,,272.79,,295.29,,295.29,,295.29,,295.29,,295.29,,317.78,,317.78,,317.78,,317.78,,317.78,,340.22,,340.22,,340.22,,340.22,,340.22,
FO,Faeroe Islands (Denmark) (TB),Zone 4,34.94,,34.94,,35.38,,39.98,,44.34,,50.25,,54.76,,59.27,,63.70,,68.21,,76.70,,80.77,,84.95,,89.04,,93.15,,97.88,,102.04,,106.18,,110.32,,114.49,,123.65,,123.65,,132.75,,132.75,,141.82,,141.82,,150.95,,150.95,,160.03,,160.03,,182.39,,182.39,,182.39,,182.39,,182.39,,204.84,,204.84,,204.84,,204.84,,204.84,,227.21,,227.21,,227.21,,227.21,,227.21,,249.60,,249.60,,249.60,,249.60,,249.60,,272.05,,272.05,,272.05,,272.05,,272.05,,294.44,,294.44,,294.44,,294.44,,294.44,,316.80,,316.80,,316.80,,316.80,,316.80,,339.22,,339.22,,339.22,,339.22,,339.22,
FO,Faeroe Islands (Denmark) (WW),Zone 9,34.94,,34.94,,35.38,,39.98,,44.34,,50.25,,54.76,,59.27,,63.70,,68.21,,76.70,,80.77,,84.95,,89.04,,93.15,,97.88,,102.04,,106.18,,110.32,,114.49,,123.65,,123.65,,132.75,,132.75,,141.82,,141.82,,150.95,,150.95,,160.03,,160.03,,182.39,,182.39,,182.39,,182.39,,182.39,,204.84,,204.84,,204.84,,204.84,,204.84,,227.21,,227.21,,227.21,,227.21,,227.21,,249.60,,249.60,,249.60,,249.60,,249.60,,272.05,,272.05,,272.05,,272.05,,272.05,,294.44,,294.44,,294.44,,294.44,,294.44,,316.80,,316.80,,316.80,,316.80,,316.80,,339.22,,339.22,,339.22,,339.22,,339.22,
FJ,Fiji,Zone 9,34.94,,34.94,,35.38,,39.98,,44.34,,50.25,,54.76,,59.27,,63.70,,68.21,,76.70,,80.77,,84.95,,89.04,,93.15,,97.88,,102.04,,106.18,,110.32,,114.49,,123.65,,123.65,,132.75,,132.75,,141.82,,141.82,,150.95,,150.95,,160.03,,160.03,,182.39,,182.39,,182.39,,182.39,,182.39,,204.84,,204.84,,204.84,,204.84,,204.84,,227.21,,227.21,,227.21,,227.21,,227.21,,249.60,,249.60,,249.60,,249.60,,249.60,,272.05,,272.05,,272.05,,272.05,,272.05,,294.44,,294.44,,294.44,,294.44,,294.44,,316.80,,316.80,,316.80,,316.80,,316.80,,339.22,,339.22,,339.22,,339.22,,339.22,
FI,Finland (TB),Zone 4,34.94,,34.94,,35.38,,39.98,,44.34,,50.25,,54.76,,59.27,,63.70,,68.21,,76.70,,80.77,,84.95,,89.04,,93.15,,97.88,,102.04,,106.18,,110.32,,114.49,,123.65,,123.65,,132.75,,132.75,,141.82,,141.82,,150.95,,150.95,,160.03,,160.03,,182.39,,182.39,,182.39,,182.39,,182.39,,204.84,,204.84,,204.84,,204.84,,204.84,,227.21,,227.21,,227.21,,227.21,,227.21,,249.60,,249.60,,249.60,,249.60,,249.60,,272.05,,272.05,,272.05,,272.05,,272.05,,294.44,,294.44,,294.44,,294.44,,294.44,,316.80,,316.80,,316.80,,316.80,,316.80,,339.22,,339.22,,339.22,,339.22,,339.22,
FI,Finland (WW),Zone 704,10.58,,10.58,,10.75,,11.88,,12.99,,15.37,,16.52,,17.65,,18.82,,19.97,,23.27,,24.22,,25.18,,26.18,,27.14,,29.54,,30.56,,31.56,,32.60,,33.63,,38.81,,38.81,,40.85,,40.85,,42.86,,42.86,,44.89,,44.89,,46.91,,46.91,,53.30,,53.30,,53.30,,53.30,,53.30,,59.71,,59.71,,59.71,,59.71,,59.71,,66.10,,66.10,,66.10,,66.10,,66.10,,72.52,,72.52,,72.52,,72.52,,72.52,,78.93,,78.93,,78.93,,78.93,,78.93,,85.31,,85.31,,85.31,,85.31,,85.31,,91.71,,91.71,,91.71,,91.71,,91.71,,98.11,,98.11,,98.11,,98.11,,98.11,
FR,France (TB),Zone 3,,,,,,,,,,,,,,,,,,,,,,,,,,,,,,,,,,,,,,,,,,,,,,,,,,,,,,,,,,,,,,,,,,,,,,,,,,,,,,,,,,,,,,,,,,,,,,,,,,,,,,,,,,,,,,,,,,,,,,,,,,,,,,,,,,,,,,,,,,,,
FR,France (WW),Zone 703,8.85,,8.85,,8.85,,8.92,,9.60,,10.83,,11.48,,12.11,,12.76,,13.38,,15.56,,16.06,,16.54,,17.01,,17.50,,19.01,,19.53,,20.06,,20.57,,21.09,,23.98,,23.98,,25.12,,25.12,,26.28,,26.28,,27.43,,27.43,,28.60,,28.60,,31.60,,31.60,,31.60,,31.60,,31.60,,34.60,,34.60,,34.60,,34.60,,34.60,,37.62,,37.62,,37.62,,37.62,,37.62,,40.64,,40.64,,40.64,,40.64,,40.64,,43.64,,43.64,,43.64,,43.64,,43.64,,46.67,,46.67,,46.67,,46.67,,46.67,,49.68,,49.68,,49.68,,49.68,,49.68,,52.69,,52.69,,52.69,,52.69,,52.69,
GF,French Guiana,Zone 10,34.99,,34.99,,36.32,,40.36,,44.47,,51.20,,55.53,,59.87,,64.16,,68.50,,75.89,,80.16,,84.47,,88.74,,93.00,,97.24,,101.49,,105.80,,110.08,,114.35,,126.69,,126.69,,135.16,,135.16,,143.58,,143.58,,152.06,,152.06,,160.48,,160.48,,182.90,,182.90,,182.90,,182.90,,182.90,,205.38,,205.38,,205.38,,205.38,,205.38,,227.80,,227.80,,227.80,,227.80,,227.80,,250.34,,250.34,,250.34,,250.34,,250.34,,272.79,,272.79,,272.79,,272.79,,272.79,,295.29,,295.29,,295.29,,295.29,,295.29,,317.78,,317.78,,317.78,,317.78,,317.78,,340.22,,340.22,,340.22,,340.22,,340.22,
PF,French Polynesia,Zone 9,34.94,,34.94,,35.38,,39.98,,44.34,,50.25,,54.76,,59.27,,63.70,,68.21,,76.70,,80.77,,84.95,,89.04,,93.15,,97.88,,102.04,,106.18,,110.32,,114.49,,123.65,,123.65,,132.75,,132.75,,141.82,,141.82,,150.95,,150.95,,160.03,,160.03,,182.39,,182.39,,182.39,,182.39,,182.39,,204.84,,204.84,,204.84,,204.84,,204.84,,227.21,,227.21,,227.21,,227.21,,227.21,,249.60,,249.60,,249.60,,249.60,,249.60,,272.05,,272.05,,272.05,,272.05,,272.05,,294.44,,294.44,,294.44,,294.44,,294.44,,316.80,,316.80,,316.80,,316.80,,316.80,,339.22,,339.22,,339.22,,339.22,,339.22,
GA,Gabon,Zone 10,34.99,,34.99,,36.32,,40.36,,44.47,,51.20,,55.53,,59.87,,64.16,,68.50,,75.89,,80.16,,84.47,,88.74,,93.00,,97.24,,101.49,,105.80,,110.08,,114.35,,126.69,,126.69,,135.16,,135.16,,143.58,,143.58,,152.06,,152.06,,160.48,,160.48,,182.90,,182.90,,182.90,,182.90,,182.90,,205.38,,205.38,,205.38,,205.38,,205.38,,227.80,,227.80,,227.80,,227.80,,227.80,,250.34,,250.34,,250.34,,250.34,,250.34,,272.79,,272.79,,272.79,,272.79,,272.79,,295.29,,295.29,,295.29,,295.29,,295.29,,317.78,,317.78,,317.78,,317.78,,317.78,,340.22,,340.22,,340.22,,340.22,,340.22,
GM,Gambia,Zone 10,34.99,,34.99,,36.32,,40.36,,44.47,,51.20,,55.53,,59.87,,64.16,,68.50,,75.89,,80.16,,84.47,,88.74,,93.00,,97.24,,101.49,,105.80,,110.08,,114.35,,126.69,,126.69,,135.16,,135.16,,143.58,,143.58,,152.06,,152.06,,160.48,,160.48,,182.90,,182.90,,182.90,,182.90,,182.90,,205.38,,205.38,,205.38,,205.38,,205.38,,227.80,,227.80,,227.80,,227.80,,227.80,,250.34,,250.34,,250.34,,250.34,,250.34,,272.79,,272.79,,272.79,,272.79,,272.79,,295.29,,295.29,,295.29,,295.29,,295.29,,317.78,,317.78,,317.78,,317.78,,317.78,,340.22,,340.22,,340.22,,340.22,,340.22,
PS,Gaza (West Bank),Zone 9,34.94,,34.94,,35.38,,39.98,,44.34,,50.25,,54.76,,59.27,,63.70,,68.21,,76.70,,80.77,,84.95,,89.04,,93.15,,97.88,,102.04,,106.18,,110.32,,114.49,,123.65,,123.65,,132.75,,132.75,,141.82,,141.82,,150.95,,150.95,,160.03,,160.03,,182.39,,182.39,,182.39,,182.39,,182.39,,204.84,,204.84,,204.84,,204.84,,204.84,,227.21,,227.21,,227.21,,227.21,,227.21,,249.60,,249.60,,249.60,,249.60,,249.60,,272.05,,272.05,,272.05,,272.05,,272.05,,294.44,,294.44,,294.44,,294.44,,294.44,,316.80,,316.80,,316.80,,316.80,,316.80,,339.22,,339.22,,339.22,,339.22,,339.22,
GE,Georgia,Zone 9,34.94,,34.94,,35.38,,39.98,,44.34,,50.25,,54.76,,59.27,,63.70,,68.21,,76.70,,80.77,,84.95,,89.04,,93.15,,97.88,,102.04,,106.18,,110.32,,114.49,,123.65,,123.65,,132.75,,132.75,,141.82,,141.82,,150.95,,150.95,,160.03,,160.03,,182.39,,182.39,,182.39,,182.39,,182.39,,204.84,,204.84,,204.84,,204.84,,204.84,,227.21,,227.21,,227.21,,227.21,,227.21,,249.60,,249.60,,249.60,,249.60,,249.60,,272.05,,272.05,,272.05,,272.05,,272.05,,294.44,,294.44,,294.44,,294.44,,294.44,,316.80,,316.80,,316.80,,316.80,,316.80,,339.22,,339.22,,339.22,,339.22,,339.22,
DE,Germany (TB),Zone 3,,,,,,,,,,,,,,,,,,,,,,,,,,,,,,,,,,,,,,,,,,,,,,,,,,,,,,,,,,,,,,,,,,,,,,,,,,,,,,,,,,,,,,,,,,,,,,,,,,,,,,,,,,,,,,,,,,,,,,,,,,,,,,,,,,,,,,,,,,,,
DE,Germany (WW),Zone 703,8.85,,8.85,,8.85,,8.92,,9.60,,10.83,,11.48,,12.11,,12.76,,13.38,,15.56,,16.06,,16.54,,17.01,,17.50,,19.01,,19.53,,20.06,,20.57,,21.09,,23.98,,23.98,,25.12,,25.12,,26.28,,26.28,,27.43,,27.43,,28.60,,28.60,,31.60,,31.60,,31.60,,31.60,,31.60,,34.60,,34.60,,34.60,,34.60,,34.60,,37.62,,37.62,,37.62,,37.62,,37.62,,40.64,,40.64,,40.64,,40.64,,40.64,,43.64,,43.64,,43.64,,43.64,,43.64,,46.67,,46.67,,46.67,,46.67,,46.67,,49.68,,49.68,,49.68,,49.68,,49.68,,52.69,,52.69,,52.69,,52.69,,52.69,
GH,Ghana,Zone 10,34.99,,34.99,,36.32,,40.36,,44.47,,51.20,,55.53,,59.87,,64.16,,68.50,,75.89,,80.16,,84.47,,88.74,,93.00,,97.24,,101.49,,105.80,,110.08,,114.35,,126.69,,126.69,,135.16,,135.16,,143.58,,143.58,,152.06,,152.06,,160.48,,160.48,,182.90,,182.90,,182.90,,182.90,,182.90,,205.38,,205.38,,205.38,,205.38,,205.38,,227.80,,227.80,,227.80,,227.80,,227.80,,250.34,,250.34,,250.34,,250.34,,250.34,,272.79,,272.79,,272.79,,272.79,,272.79,,295.29,,295.29,,295.29,,295.29,,295.29,,317.78,,317.78,,317.78,,317.78,,317.78,,340.22,,340.22,,340.22,,340.22,,340.22,
GI,Gibraltar,Zone 5,33.02,,33.02,,35.29,,38.12,,41.41,,43.94,,46.49,,49.01,,51.56,,54.07,,58.11,,60.66,,63.24,,65.74,,68.28,,71.06,,73.56,,76.13,,78.66,,81.22,,86.03,,86.03,,90.65,,90.65,,95.33,,95.33,,99.93,,99.93,,104.63,,104.63,,118.54,,118.54,,118.54,,118.54,,118.54,,132.49,,132.49,,132.49,,132.49,,132.49,,146.43,,146.43,,146.43,,146.43,,146.43,,160.36,,160.36,,160.36,,160.36,,160.36,,174.29,,174.29,,174.29,,174.29,,174.29,,188.22,,188.22,,188.22,,188.22,,188.22,,202.17,,202.17,,202.17,,202.17,,202.17,,216.12,,216.12,,216.12,,216.12,,216.12,
GR,Greece (TB),Zone 4,34.94,,34.94,,35.38,,39.98,,44.34,,50.25,,54.76,,59.27,,63.70,,68.21,,76.70,,80.77,,84.95,,89.04,,93.15,,97.88,,102.04,,106.18,,110.32,,114.49,,123.65,,123.65,,132.75,,132.75,,141.82,,141.82,,150.95,,150.95,,160.03,,160.03,,182.39,,182.39,,182.39,,182.39,,182.39,,204.84,,204.84,,204.84,,204.84,,204.84,,227.21,,227.21,,227.21,,227.21,,227.21,,249.60,,249.60,,249.60,,249.60,,249.60,,272.05,,272.05,,272.05,,272.05,,272.05,,294.44,,294.44,,294.44,,294.44,,294.44,,316.80,,316.80,,316.80,,316.80,,316.80,,339.22,,339.22,,339.22,,339.22,,339.22,
GR,Greece (WW),Zone 704,10.58,,10.58,,10.75,,11.88,,12.99,,15.37,,16.52,,17.65,,18.82,,19.97,,23.27,,24.22,,25.18,,26.18,,27.14,,29.54,,30.56,,31.56,,32.60,,33.63,,38.81,,38.81,,40.85,,40.85,,42.86,,42.86,,44.89,,44.89,,46.91,,46.91,,53.30,,53.30,,53.30,,53.30,,53.30,,59.71,,59.71,,59.71,,59.71,,59.71,,66.10,,66.10,,66.10,,66.10,,66.10,,72.52,,72.52,,72.52,,72.52,,72.52,,78.93,,78.93,,78.93,,78.93,,78.93,,85.31,,85.31,,85.31,,85.31,,85.31,,91.71,,91.71,,91.71,,91.71,,91.71,,98.11,,98.11,,98.11,,98.11,,98.11,
GL,Greenland,Zone 9,34.94,,34.94,,35.38,,39.98,,44.34,,50.25,,54.76,,59.27,,63.70,,68.21,,76.70,,80.77,,84.95,,89.04,,93.15,,97.88,,102.04,,106.18,,110.32,,114.49,,123.65,,123.65,,132.75,,132.75,,141.82,,141.82,,150.95,,150.95,,160.03,,160.03,,182.39,,182.39,,182.39,,182.39,,182.39,,204.84,,204.84,,204.84,,204.84,,204.84,,227.21,,227.21,,227.21,,227.21,,227.21,,249.60,,249.60,,249.60,,249.60,,249.60,,272.05,,272.05,,272.05,,272.05,,272.05,,294.44,,294.44,,294.44,,294.44,,294.44,,316.80,,316.80,,316.80,,316.80,,316.80,,339.22,,339.22,,339.22,,339.22,,339.22,
GD,Grenada,Zone 9,34.94,,34.94,,35.38,,39.98,,44.34,,50.25,,54.76,,59.27,,63.70,,68.21,,76.70,,80.77,,84.95,,89.04,,93.15,,97.88,,102.04,,106.18,,110.32,,114.49,,123.65,,123.65,,132.75,,132.75,,141.82,,141.82,,150.95,,150.95,,160.03,,160.03,,182.39,,182.39,,182.39,,182.39,,182.39,,204.84,,204.84,,204.84,,204.84,,204.84,,227.21,,227.21,,227.21,,227.21,,227.21,,249.60,,249.60,,249.60,,249.60,,249.60,,272.05,,272.05,,272.05,,272.05,,272.05,,294.44,,294.44,,294.44,,294.44,,294.44,,316.80,,316.80,,316.80,,316.80,,316.80,,339.22,,339.22,,339.22,,339.22,,339.22,
GP,Guadeloupe,Zone 10,34.99,,34.99,,36.32,,40.36,,44.47,,51.20,,55.53,,59.87,,64.16,,68.50,,75.89,,80.16,,84.47,,88.74,,93.00,,97.24,,101.49,,105.80,,110.08,,114.35,,126.69,,126.69,,135.16,,135.16,,143.58,,143.58,,152.06,,152.06,,160.48,,160.48,,182.90,,182.90,,182.90,,182.90,,182.90,,205.38,,205.38,,205.38,,205.38,,205.38,,227.80,,227.80,,227.80,,227.80,,227.80,,250.34,,250.34,,250.34,,250.34,,250.34,,272.79,,272.79,,272.79,,272.79,,272.79,,295.29,,295.29,,295.29,,295.29,,295.29,,317.78,,317.78,,317.78,,317.78,,317.78,,340.22,,340.22,,340.22,,340.22,,340.22,
GU,Guam,Zone 9,34.94,,34.94,,35.38,,39.98,,44.34,,50.25,,54.76,,59.27,,63.70,,68.21,,76.70,,80.77,,84.95,,89.04,,93.15,,97.88,,102.04,,106.18,,110.32,,114.49,,123.65,,123.65,,132.75,,132.75,,141.82,,141.82,,150.95,,150.95,,160.03,,160.03,,182.39,,182.39,,182.39,,182.39,,182.39,,204.84,,204.84,,204.84,,204.84,,204.84,,227.21,,227.21,,227.21,,227.21,,227.21,,249.60,,249.60,,249.60,,249.60,,249.60,,272.05,,272.05,,272.05,,272.05,,272.05,,294.44,,294.44,,294.44,,294.44,,294.44,,316.80,,316.80,,316.80,,316.80,,316.80,,339.22,,339.22,,339.22,,339.22,,339.22,
GT,Guatemala,Zone 10,34.99,,34.99,,36.32,,40.36,,44.47,,51.20,,55.53,,59.87,,64.16,,68.50,,75.89,,80.16,,84.47,,88.74,,93.00,,97.24,,101.49,,105.80,,110.08,,114.35,,126.69,,126.69,,135.16,,135.16,,143.58,,143.58,,152.06,,152.06,,160.48,,160.48,,182.90,,182.90,,182.90,,182.90,,182.90,,205.38,,205.38,,205.38,,205.38,,205.38,,227.80,,227.80,,227.80,,227.80,,227.80,,250.34,,250.34,,250.34,,250.34,,250.34,,272.79,,272.79,,272.79,,272.79,,272.79,,295.29,,295.29,,295.29,,295.29,,295.29,,317.78,,317.78,,317.78,,317.78,,317.78,,340.22,,340.22,,340.22,,340.22,,340.22,
GN,Guinea,Zone 10,34.99,,34.99,,36.32,,40.36,,44.47,,51.20,,55.53,,59.87,,64.16,,68.50,,75.89,,80.16,,84.47,,88.74,,93.00,,97.24,,101.49,,105.80,,110.08,,114.35,,126.69,,126.69,,135.16,,135.16,,143.58,,143.58,,152.06,,152.06,,160.48,,160.48,,182.90,,182.90,,182.90,,182.90,,182.90,,205.38,,205.38,,205.38,,205.38,,205.38,,227.80,,227.80,,227.80,,227.80,,227.80,,250.34,,250.34,,250.34,,250.34,,250.34,,272.79,,272.79,,272.79,,272.79,,272.79,,295.29,,295.29,,295.29,,295.29,,295.29,,317.78,,317.78,,317.78,,317.78,,317.78,,340.22,,340.22,,340.22,,340.22,,340.22,
GW,Guinea Bissau,Zone 10,34.99,,34.99,,36.32,,40.36,,44.47,,51.20,,55.53,,59.87,,64.16,,68.50,,75.89,,80.16,,84.47,,88.74,,93.00,,97.24,,101.49,,105.80,,110.08,,114.35,,126.69,,126.69,,135.16,,135.16,,143.58,,143.58,,152.06,,152.06,,160.48,,160.48,,182.90,,182.90,,182.90,,182.90,,182.90,,205.38,,205.38,,205.38,,205.38,,205.38,,227.80,,227.80,,227.80,,227.80,,227.80,,250.34,,250.34,,250.34,,250.34,,250.34,,272.79,,272.79,,272.79,,272.79,,272.79,,295.29,,295.29,,295.29,,295.29,,295.29,,317.78,,317.78,,317.78,,317.78,,317.78,,340.22,,340.22,,340.22,,340.22,,340.22,
GY,Guyana,Zone 10,34.99,,34.99,,36.32,,40.36,,44.47,,51.20,,55.53,,59.87,,64.16,,68.50,,75.89,,80.16,,84.47,,88.74,,93.00,,97.24,,101.49,,105.80,,110.08,,114.35,,126.69,,126.69,,135.16,,135.16,,143.58,,143.58,,152.06,,152.06,,160.48,,160.48,,182.90,,182.90,,182.90,,182.90,,182.90,,205.38,,205.38,,205.38,,205.38,,205.38,,227.80,,227.80,,227.80,,227.80,,227.80,,250.34,,250.34,,250.34,,250.34,,250.34,,272.79,,272.79,,272.79,,272.79,,272.79,,295.29,,295.29,,295.29,,295.29,,295.29,,317.78,,317.78,,317.78,,317.78,,317.78,,340.22,,340.22,,340.22,,340.22,,340.22,
HT,Haiti,Zone 10,34.99,,34.99,,36.32,,40.36,,44.47,,51.20,,55.53,,59.87,,64.16,,68.50,,75.89,,80.16,,84.47,,88.74,,93.00,,97.24,,101.49,,105.80,,110.08,,114.35,,126.69,,126.69,,135.16,,135.16,,143.58,,143.58,,152.06,,152.06,,160.48,,160.48,,182.90,,182.90,,182.90,,182.90,,182.90,,205.38,,205.38,,205.38,,205.38,,205.38,,227.80,,227.80,,227.80,,227.80,,227.80,,250.34,,250.34,,250.34,,250.34,,250.34,,272.79,,272.79,,272.79,,272.79,,272.79,,295.29,,295.29,,295.29,,295.29,,295.29,,317.78,,317.78,,317.78,,317.78,,317.78,,340.22,,340.22,,340.22,,340.22,,340.22,
HN,Honduras,Zone 10,34.99,,34.99,,36.32,,40.36,,44.47,,51.20,,55.53,,59.87,,64.16,,68.50,,75.89,,80.16,,84.47,,88.74,,93.00,,97.24,,101.49,,105.80,,110.08,,114.35,,126.69,,126.69,,135.16,,135.16,,143.58,,143.58,,152.06,,152.06,,160.48,,160.48,,182.90,,182.90,,182.90,,182.90,,182.90,,205.38,,205.38,,205.38,,205.38,,205.38,,227.80,,227.80,,227.80,,227.80,,227.80,,250.34,,250.34,,250.34,,250.34,,250.34,,272.79,,272.79,,272.79,,272.79,,272.79,,295.29,,295.29,,295.29,,295.29,,295.29,,317.78,,317.78,,317.78,,317.78,,317.78,,340.22,,340.22,,340.22,,340.22,,340.22,
HK,Hong Kong,Zone 8,22.68,,22.68,,22.68,,22.68,,22.68,,25.55,,27.62,,29.64,,31.73,,33.75,,38.75,,40.86,,42.98,,45.08,,47.20,,50.75,,52.90,,55.07,,57.24,,59.42,,63.82,,63.82,,68.00,,68.00,,72.18,,72.18,,76.34,,76.34,,80.48,,80.48,,91.15,,91.15,,91.15,,91.15,,91.15,,101.85,,101.85,,101.85,,101.85,,101.85,,112.55,,112.55,,112.55,,112.55,,112.55,,123.24,,123.24,,123.24,,123.24,,123.24,,133.93,,133.93,,133.93,,133.93,,133.93,,144.65,,144.65,,144.65,,144.65,,144.65,,155.30,,155.30,,155.30,,155.30,,155.30,,166.02,,166.02,,166.02,,166.02,,166.02,
HU,Hungary (TB),Zone 41,,,,,,,,,,,,,,,,,,,,,,,,,,,,,,,,,,,,,,,,,,,,,,,,,,,,,,,,,,,,,,,,,,,,,,,,,,,,,,,,,,,,,,,,,,,,,,,,,,,,,,,,,,,,,,,,,,,,,,,,,,,,,,,,,,,,,,,,,,,,
HU,Hungary (WW),Zone 741,15.14,,15.14,,15.65,,16.96,,18.55,,19.91,,21.12,,22.31,,23.51,,24.71,,26.27,,27.44,,28.56,,29.72,,30.87,,32.01,,33.17,,34.31,,35.45,,36.60,,38.86,,38.86,,40.91,,40.91,,43.01,,43.01,,45.07,,45.07,,47.16,,47.16,,53.47,,53.47,,53.47,,53.47,,53.47,,59.78,,59.78,,59.78,,59.78,,59.78,,66.07,,66.07,,66.07,,66.07,,66.07,,72.36,,72.36,,72.36,,72.36,,72.36,,78.68,,78.68,,78.68,,78.68,,78.68,,84.96,,84.96,,84.96,,84.96,,84.96,,91.25,,91.25,,91.25,,91.25,,91.25,,97.54,,97.54,,97.54,,97.54,,97.54,
IS,Iceland,Zone 9,34.94,,34.94,,35.38,,39.98,,44.34,,50.25,,54.76,,59.27,,63.70,,68.21,,76.70,,80.77,,84.95,,89.04,,93.15,,97.88,,102.04,,106.18,,110.32,,114.49,,123.65,,123.65,,132.75,,132.75,,141.82,,141.82,,150.95,,150.95,,160.03,,160.03,,182.39,,182.39,,182.39,,182.39,,182.39,,204.84,,204.84,,204.84,,204.84,,204.84,,227.21,,227.21,,227.21,,227.21,,227.21,,249.60,,249.60,,249.60,,249.60,,249.60,,272.05,,272.05,,272.05,,272.05,,272.05,,294.44,,294.44,,294.44,,294.44,,294.44,,316.80,,316.80,,316.80,,316.80,,316.80,,339.22,,339.22,,339.22,,339.22,,339.22,
IN,India,Zone 9,34.94,,34.94,,35.38,,39.98,,44.34,,50.25,,54.76,,59.27,,63.70,,68.21,,76.70,,80.77,,84.95,,89.04,,93.15,,97.88,,102.04,,106.18,,110.32,,114.49,,123.65,,123.65,,132.75,,132.75,,141.82,,141.82,,150.95,,150.95,,160.03,,160.03,,182.39,,182.39,,182.39,,182.39,,182.39,,204.84,,204.84,,204.84,,204.84,,204.84,,227.21,,227.21,,227.21,,227.21,,227.21,,249.60,,249.60,,249.60,,249.60,,249.60,,272.05,,272.05,,272.05,,272.05,,272.05,,294.44,,294.44,,294.44,,294.44,,294.44,,316.80,,316.80,,316.80,,316.80,,316.80,,339.22,,339.22,,339.22,,339.22,,339.22,
ID,Indonesia,Zone 8,22.68,,22.68,,22.68,,22.68,,22.68,,25.55,,27.62,,29.64,,31.73,,33.75,,38.75,,40.86,,42.98,,45.08,,47.20,,50.75,,52.90,,55.07,,57.24,,59.42,,63.82,,63.82,,68.00,,68.00,,72.18,,72.18,,76.34,,76.34,,80.48,,80.48,,91.15,,91.15,,91.15,,91.15,,91.15,,101.85,,101.85,,101.85,,101.85,,101.85,,112.55,,112.55,,112.55,,112.55,,112.55,,123.24,,123.24,,123.24,,123.24,,123.24,,133.93,,133.93,,133.93,,133.93,,133.93,,144.65,,144.65,,144.65,,144.65,,144.65,,155.30,,155.30,,155.30,,155.30,,155.30,,166.02,,166.02,,166.02,,166.02,,166.02,
IQ,Iraq,Zone 9,34.94,,34.94,,35.38,,39.98,,44.34,,50.25,,54.76,,59.27,,63.70,,68.21,,76.70,,80.77,,84.95,,89.04,,93.15,,97.88,,102.04,,106.18,,110.32,,114.49,,123.65,,123.65,,132.75,,132.75,,141.82,,141.82,,150.95,,150.95,,160.03,,160.03,,182.39,,182.39,,182.39,,182.39,,182.39,,204.84,,204.84,,204.84,,204.84,,204.84,,227.21,,227.21,,227.21,,227.21,,227.21,,249.60,,249.60,,249.60,,249.60,,249.60,,272.05,,272.05,,272.05,,272.05,,272.05,,294.44,,294.44,,294.44,,294.44,,294.44,,316.80,,316.80,,316.80,,316.80,,316.80,,339.22,,339.22,,339.22,,339.22,,339.22,
IE,"Ireland, Republic of (TB)",Zone 2,,,,,,,,,,,,,,,,,,,,,,,,,,,,,,,,,,,,,,,,,,,,,,,,,,,,,,,,,,,,,,,,,,,,,,,,,,,,,,,,,,,,,,,,,,,,,,,,,,,,,,,,,,,,,,,,,,,,,,,,,,,,,,,,,,,,,,,,,,,,
IE,"Ireland, Republic of (WW)",Zone 702,10.67,,10.67,,11.02,,11.64,,12.27,,16.78,,17.42,,18.05,,18.73,,19.36,,23.77,,24.45,,25.10,,25.79,,26.45,,30.09,,30.82,,31.57,,32.29,,33.04,,39.76,,39.76,,41.43,,41.43,,43.10,,43.10,,44.79,,44.79,,46.45,,46.45,,50.86,,50.86,,50.86,,50.86,,50.86,,55.25,,55.25,,55.25,,55.25,,55.25,,59.67,,59.67,,59.67,,59.67,,59.67,,64.09,,64.09,,64.09,,64.09,,64.09,,68.53,,68.53,,68.53,,68.53,,68.53,,72.91,,72.91,,72.91,,72.91,,72.91,,77.34,,77.34,,77.34,,77.34,,77.34,,81.71,,81.71,,81.71,,81.71,,81.71,
IL,Israel,Zone 9,34.94,,34.94,,35.38,,39.98,,44.34,,50.25,,54.76,,59.27,,63.70,,68.21,,76.70,,80.77,,84.95,,89.04,,93.15,,97.88,,102.04,,106.18,,110.32,,114.49,,123.65,,123.65,,132.75,,132.75,,141.82,,141.82,,150.95,,150.95,,160.03,,160.03,,182.39,,182.39,,182.39,,182.39,,182.39,,204.84,,204.84,,204.84,,204.84,,204.84,,227.21,,227.21,,227.21,,227.21,,227.21,,249.60,,249.60,,249.60,,249.60,,249.60,,272.05,,272.05,,272.05,,272.05,,272.05,,294.44,,294.44,,294.44,,294.44,,294.44,,316.80,,316.80,,316.80,,316.80,,316.80,,339.22,,339.22,,339.22,,339.22,,339.22,
IT,Italy (TB),Zone 4,34.94,,34.94,,35.38,,39.98,,44.34,,50.25,,54.76,,59.27,,63.70,,68.21,,76.70,,80.77,,84.95,,89.04,,93.15,,97.88,,102.04,,106.18,,110.32,,114.49,,123.65,,123.65,,132.75,,132.75,,141.82,,141.82,,150.95,,150.95,,160.03,,160.03,,182.39,,182.39,,182.39,,182.39,,182.39,,204.84,,204.84,,204.84,,204.84,,204.84,,227.21,,227.21,,227.21,,227.21,,227.21,,249.60,,249.60,,249.60,,249.60,,249.60,,272.05,,272.05,,272.05,,272.05,,272.05,,294.44,,294.44,,294.44,,294.44,,294.44,,316.80,,316.80,,316.80,,316.80,,316.80,,339.22,,339.22,,339.22,,339.22,,339.22,
IT,Italy (WW),Zone 704,10.58,,10.58,,10.75,,11.88,,12.99,,15.37,,16.52,,17.65,,18.82,,19.97,,23.27,,24.22,,25.18,,26.18,,27.14,,29.54,,30.56,,31.56,,32.60,,33.63,,38.81,,38.81,,40.85,,40.85,,42.86,,42.86,,44.89,,44.89,,46.91,,46.91,,53.30,,53.30,,53.30,,53.30,,53.30,,59.71,,59.71,,59.71,,59.71,,59.71,,66.10,,66.10,,66.10,,66.10,,66.10,,72.52,,72.52,,72.52,,72.52,,72.52,,78.93,,78.93,,78.93,,78.93,,78.93,,85.31,,85.31,,85.31,,85.31,,85.31,,91.71,,91.71,,91.71,,91.71,,91.71,,98.11,,98.11,,98.11,,98.11,,98.11,
CI,Ivory Coast (Côte d'Ivoire),Zone 10,34.99,,34.99,,36.32,,40.36,,44.47,,51.20,,55.53,,59.87,,64.16,,68.50,,75.89,,80.16,,84.47,,88.74,,93.00,,97.24,,101.49,,105.80,,110.08,,114.35,,126.69,,126.69,,135.16,,135.16,,143.58,,143.58,,152.06,,152.06,,160.48,,160.48,,182.90,,182.90,,182.90,,182.90,,182.90,,205.38,,205.38,,205.38,,205.38,,205.38,,227.80,,227.80,,227.80,,227.80,,227.80,,250.34,,250.34,,250.34,,250.34,,250.34,,272.79,,272.79,,272.79,,272.79,,272.79,,295.29,,295.29,,295.29,,295.29,,295.29,,317.78,,317.78,,317.78,,317.78,,317.78,,340.22,,340.22,,340.22,,340.22,,340.22,
JM,Jamaica,Zone 9,34.94,,34.94,,35.38,,39.98,,44.34,,50.25,,54.76,,59.27,,63.70,,68.21,,76.70,,80.77,,84.95,,89.04,,93.15,,97.88,,102.04,,106.18,,110.32,,114.49,,123.65,,123.65,,132.75,,132.75,,141.82,,141.82,,150.95,,150.95,,160.03,,160.03,,182.39,,182.39,,182.39,,182.39,,182.39,,204.84,,204.84,,204.84,,204.84,,204.84,,227.21,,227.21,,227.21,,227.21,,227.21,,249.60,,249.60,,249.60,,249.60,,249.60,,272.05,,272.05,,272.05,,272.05,,272.05,,294.44,,294.44,,294.44,,294.44,,294.44,,316.80,,316.80,,316.80,,316.80,,316.80,,339.22,,339.22,,339.22,,339.22,,339.22,
JP,Japan,Zone 8,22.68,,22.68,,22.68,,22.68,,22.68,,25.55,,27.62,,29.64,,31.73,,33.75,,38.75,,40.86,,42.98,,45.08,,47.20,,50.75,,52.90,,55.07,,57.24,,59.42,,63.82,,63.82,,68.00,,68.00,,72.18,,72.18,,76.34,,76.34,,80.48,,80.48,,91.15,,91.15,,91.15,,91.15,,91.15,,101.85,,101.85,,101.85,,101.85,,101.85,,112.55,,112.55,,112.55,,112.55,,112.55,,123.24,,123.24,,123.24,,123.24,,123.24,,133.93,,133.93,,133.93,,133.93,,133.93,,144.65,,144.65,,144.65,,144.65,,144.65,,155.30,,155.30,,155.30,,155.30,,155.30,,166.02,,166.02,,166.02,,166.02,,166.02,
JO,Jordan,Zone 10,34.99,,34.99,,36.32,,40.36,,44.47,,51.20,,55.53,,59.87,,64.16,,68.50,,75.89,,80.16,,84.47,,88.74,,93.00,,97.24,,101.49,,105.80,,110.08,,114.35,,126.69,,126.69,,135.16,,135.16,,143.58,,143.58,,152.06,,152.06,,160.48,,160.48,,182.90,,182.90,,182.90,,182.90,,182.90,,205.38,,205.38,,205.38,,205.38,,205.38,,227.80,,227.80,,227.80,,227.80,,227.80,,250.34,,250.34,,250.34,,250.34,,250.34,,272.79,,272.79,,272.79,,272.79,,272.79,,295.29,,295.29,,295.29,,295.29,,295.29,,317.78,,317.78,,317.78,,317.78,,317.78,,340.22,,340.22,,340.22,,340.22,,340.22,
KZ,Kazakhstan,Zone 9,34.94,,34.94,,35.38,,39.98,,44.34,,50.25,,54.76,,59.27,,63.70,,68.21,,76.70,,80.77,,84.95,,89.04,,93.15,,97.88,,102.04,,106.18,,110.32,,114.49,,123.65,,123.65,,132.75,,132.75,,141.82,,141.82,,150.95,,150.95,,160.03,,160.03,,182.39,,182.39,,182.39,,182.39,,182.39,,204.84,,204.84,,204.84,,204.84,,204.84,,227.21,,227.21,,227.21,,227.21,,227.21,,249.60,,249.60,,249.60,,249.60,,249.60,,272.05,,272.05,,272.05,,272.05,,272.05,,294.44,,294.44,,294.44,,294.44,,294.44,,316.80,,316.80,,316.80,,316.80,,316.80,,339.22,,339.22,,339.22,,339.22,,339.22,
KE,Kenya,Zone 9,34.94,,34.94,,35.38,,39.98,,44.34,,50.25,,54.76,,59.27,,63.70,,68.21,,76.70,,80.77,,84.95,,89.04,,93.15,,97.88,,102.04,,106.18,,110.32,,114.49,,123.65,,123.65,,132.75,,132.75,,141.82,,141.82,,150.95,,150.95,,160.03,,160.03,,182.39,,182.39,,182.39,,182.39,,182.39,,204.84,,204.84,,204.84,,204.84,,204.84,,227.21,,227.21,,227.21,,227.21,,227.21,,249.60,,249.60,,249.60,,249.60,,249.60,,272.05,,272.05,,272.05,,272.05,,272.05,,294.44,,294.44,,294.44,,294.44,,294.44,,316.80,,316.80,,316.80,,316.80,,316.80,,339.22,,339.22,,339.22,,339.22,,339.22,
KI,Kiribati,Zone 9,34.94,,34.94,,35.38,,39.98,,44.34,,50.25,,54.76,,59.27,,63.70,,68.21,,76.70,,80.77,,84.95,,89.04,,93.15,,97.88,,102.04,,106.18,,110.32,,114.49,,123.65,,123.65,,132.75,,132.75,,141.82,,141.82,,150.95,,150.95,,160.03,,160.03,,182.39,,182.39,,182.39,,182.39,,182.39,,204.84,,204.84,,204.84,,204.84,,204.84,,227.21,,227.21,,227.21,,227.21,,227.21,,249.60,,249.60,,249.60,,249.60,,249.60,,272.05,,272.05,,272.05,,272.05,,272.05,,294.44,,294.44,,294.44,,294.44,,294.44,,316.80,,316.80,,316.80,,316.80,,316.80,,339.22,,339.22,,339.22,,339.22,,339.22,
KR,"Korea, South",Zone 8,22.68,,22.68,,22.68,,22.68,,22.68,,25.55,,27.62,,29.64,,31.73,,33.75,,38.75,,40.86,,42.98,,45.08,,47.20,,50.75,,52.90,,55.07,,57.24,,59.42,,63.82,,63.82,,68.00,,68.00,,72.18,,72.18,,76.34,,76.34,,80.48,,80.48,,91.15,,91.15,,91.15,,91.15,,91.15,,101.85,,101.85,,101.85,,101.85,,101.85,,112.55,,112.55,,112.55,,112.55,,112.55,,123.24,,123.24,,123.24,,123.24,,123.24,,133.93,,133.93,,133.93,,133.93,,133.93,,144.65,,144.65,,144.65,,144.65,,144.65,,155.30,,155.30,,155.30,,155.30,,155.30,,166.02,,166.02,,166.02,,166.02,,166.02,
KV,Kosovo,Zone 5,33.02,,33.02,,35.29,,38.12,,41.41,,43.94,,46.49,,49.01,,51.56,,54.07,,58.11,,60.66,,63.24,,65.74,,68.28,,71.06,,73.56,,76.13,,78.66,,81.22,,86.03,,86.03,,90.65,,90.65,,95.33,,95.33,,99.93,,99.93,,104.63,,104.63,,118.54,,118.54,,118.54,,118.54,,118.54,,132.49,,132.49,,132.49,,132.49,,132.49,,146.43,,146.43,,146.43,,146.43,,146.43,,160.36,,160.36,,160.36,,160.36,,160.36,,174.29,,174.29,,174.29,,174.29,,174.29,,188.22,,188.22,,188.22,,188.22,,188.22,,202.17,,202.17,,202.17,,202.17,,202.17,,216.12,,216.12,,216.12,,216.12,,216.12,
FM,"Kosrae (Micronesia, Federated States of)",Zone 9,34.94,,34.94,,35.38,,39.98,,44.34,,50.25,,54.76,,59.27,,63.70,,68.21,,76.70,,80.77,,84.95,,89.04,,93.15,,97.88,,102.04,,106.18,,110.32,,114.49,,123.65,,123.65,,132.75,,132.75,,141.82,,141.82,,150.95,,150.95,,160.03,,160.03,,182.39,,182.39,,182.39,,182.39,,182.39,,204.84,,204.84,,204.84,,204.84,,204.84,,227.21,,227.21,,227.21,,227.21,,227.21,,249.60,,249.60,,249.60,,249.60,,249.60,,272.05,,272.05,,272.05,,272.05,,272.05,,294.44,,294.44,,294.44,,294.44,,294.44,,316.80,,316.80,,316.80,,316.80,,316.80,,339.22,,339.22,,339.22,,339.22,,339.22,
KW,Kuwait,Zone 9,34.94,,34.94,,35.38,,39.98,,44.34,,50.25,,54.76,,59.27,,63.70,,68.21,,76.70,,80.77,,84.95,,89.04,,93.15,,97.88,,102.04,,106.18,,110.32,,114.49,,123.65,,123.65,,132.75,,132.75,,141.82,,141.82,,150.95,,150.95,,160.03,,160.03,,182.39,,182.39,,182.39,,182.39,,182.39,,204.84,,204.84,,204.84,,204.84,,204.84,,227.21,,227.21,,227.21,,227.21,,227.21,,249.60,,249.60,,249.60,,249.60,,249.60,,272.05,,272.05,,272.05,,272.05,,272.05,,294.44,,294.44,,294.44,,294.44,,294.44,,316.80,,316.80,,316.80,,316.80,,316.80,,339.22,,339.22,,339.22,,339.22,,339.22,
KG,Kyrgyzstan,Zone 9,34.94,,34.94,,35.38,,39.98,,44.34,,50.25,,54.76,,59.27,,63.70,,68.21,,76.70,,80.77,,84.95,,89.04,,93.15,,97.88,,102.04,,106.18,,110.32,,114.49,,123.65,,123.65,,132.75,,132.75,,141.82,,141.82,,150.95,,150.95,,160.03,,160.03,,182.39,,182.39,,182.39,,182.39,,182.39,,204.84,,204.84,,204.84,,204.84,,204.84,,227.21,,227.21,,227.21,,227.21,,227.21,,249.60,,249.60,,249.60,,249.60,,249.60,,272.05,,272.05,,272.05,,272.05,,272.05,,294.44,,294.44,,294.44,,294.44,,294.44,,316.80,,316.80,,316.80,,316.80,,316.80,,339.22,,339.22,,339.22,,339.22,,339.22,
LA,Laos,Zone 10,34.99,,34.99,,36.32,,40.36,,44.47,,51.20,,55.53,,59.87,,64.16,,68.50,,75.89,,80.16,,84.47,,88.74,,93.00,,97.24,,101.49,,105.80,,110.08,,114.35,,126.69,,126.69,,135.16,,135.16,,143.58,,143.58,,152.06,,152.06,,160.48,,160.48,,182.90,,182.90,,182.90,,182.90,,182.90,,205.38,,205.38,,205.38,,205.38,,205.38,,227.80,,227.80,,227.80,,227.80,,227.80,,250.34,,250.34,,250.34,,250.34,,250.34,,272.79,,272.79,,272.79,,272.79,,272.79,,295.29,,295.29,,295.29,,295.29,,295.29,,317.78,,317.78,,317.78,,317.78,,317.78,,340.22,,340.22,,340.22,,340.22,,340.22,
LV,Latvia (TB),Zone 42,,,,,,,,,,,,,,,,,,,,,,,,,,,,,,,,,,,,,,,,,,,,,,,,,,,,,,,,,,,,,,,,,,,,,,,,,,,,,,,,,,,,,,,,,,,,,,,,,,,,,,,,,,,,,,,,,,,,,,,,,,,,,,,,,,,,,,,,,,,,
LV,Latvia (WW),Zone 742,28.36,,28.36,,30.22,,33.03,,35.66,,38.67,,41.06,,43.48,,45.90,,48.33,,52.65,,54.98,,57.32,,59.65,,61.94,,65.00,,67.40,,69.75,,72.11,,74.46,,80.79,,80.79,,85.01,,85.01,,89.17,,89.17,,93.42,,93.42,,97.56,,97.56,,110.96,,110.96,,110.96,,110.96,,110.96,,123.98,,123.98,,123.98,,123.98,,123.98,,137.06,,137.06,,137.06,,137.06,,137.06,,150.17,,150.17,,150.17,,150.17,,150.17,,163.19,,163.19,,163.19,,163.19,,163.19,,176.30,,176.30,,176.30,,176.30,,176.30,,189.32,,189.32,,189.32,,189.32,,189.32,,202.38,,202.38,,202.38,,202.38,,202.38,
LB,Lebanon,Zone 10,34.99,,34.99,,36.32,,40.36,,44.47,,51.20,,55.53,,59.87,,64.16,,68.50,,75.89,,80.16,,84.47,,88.74,,93.00,,97.24,,101.49,,105.80,,110.08,,114.35,,126.69,,126.69,,135.16,,135.16,,143.58,,143.58,,152.06,,152.06,,160.48,,160.48,,182.90,,182.90,,182.90,,182.90,,182.90,,205.38,,205.38,,205.38,,205.38,,205.38,,227.80,,227.80,,227.80,,227.80,,227.80,,250.34,,250.34,,250.34,,250.34,,250.34,,272.79,,272.79,,272.79,,272.79,,272.79,,295.29,,295.29,,295.29,,295.29,,295.29,,317.78,,317.78,,317.78,,317.78,,317.78,,340.22,,340.22,,340.22,,340.22,,340.22,
LS,Lesotho,Zone 10,34.99,,34.99,,36.32,,40.36,,44.47,,51.20,,55.53,,59.87,,64.16,,68.50,,75.89,,80.16,,84.47,,88.74,,93.00,,97.24,,101.49,,105.80,,110.08,,114.35,,126.69,,126.69,,135.16,,135.16,,143.58,,143.58,,152.06,,152.06,,160.48,,160.48,,182.90,,182.90,,182.90,,182.90,,182.90,,205.38,,205.38,,205.38,,205.38,,205.38,,227.80,,227.80,,227.80,,227.80,,227.80,,250.34,,250.34,,250.34,,250.34,,250.34,,272.79,,272.79,,272.79,,272.79,,272.79,,295.29,,295.29,,295.29,,295.29,,295.29,,317.78,,317.78,,317.78,,317.78,,317.78,,340.22,,340.22,,340.22,,340.22,,340.22,
LR,Liberia,Zone 10,34.99,,34.99,,36.32,,40.36,,44.47,,51.20,,55.53,,59.87,,64.16,,68.50,,75.89,,80.16,,84.47,,88.74,,93.00,,97.24,,101.49,,105.80,,110.08,,114.35,,126.69,,126.69,,135.16,,135.16,,143.58,,143.58,,152.06,,152.06,,160.48,,160.48,,182.90,,182.90,,182.90,,182.90,,182.90,,205.38,,205.38,,205.38,,205.38,,205.38,,227.80,,227.80,,227.80,,227.80,,227.80,,250.34,,250.34,,250.34,,250.34,,250.34,,272.79,,272.79,,272.79,,272.79,,272.79,,295.29,,295.29,,295.29,,295.29,,295.29,,317.78,,317.78,,317.78,,317.78,,317.78,,340.22,,340.22,,340.22,,340.22,,340.22,
LY,Libya,Zone 10,34.99,,34.99,,36.32,,40.36,,44.47,,51.20,,55.53,,59.87,,64.16,,68.50,,75.89,,80.16,,84.47,,88.74,,93.00,,97.24,,101.49,,105.80,,110.08,,114.35,,126.69,,126.69,,135.16,,135.16,,143.58,,143.58,,152.06,,152.06,,160.48,,160.48,,182.90,,182.90,,182.90,,182.90,,182.90,,205.38,,205.38,,205.38,,205.38,,205.38,,227.80,,227.80,,227.80,,227.80,,227.80,,250.34,,250.34,,250.34,,250.34,,250.34,,272.79,,272.79,,272.79,,272.79,,272.79,,295.29,,295.29,,295.29,,295.29,,295.29,,317.78,,317.78,,317.78,,317.78,,317.78,,340.22,,340.22,,340.22,,340.22,,340.22,
LI,Liechtenstein,Zone 51,27.60,,27.60,,29.15,,32.31,,35.44,,38.39,,40.88,,43.34,,45.90,,48.37,,51.99,,54.50,,56.95,,59.43,,61.95,,64.48,,67.00,,69.47,,71.99,,74.45,,79.08,,79.08,,83.72,,83.72,,88.33,,88.33,,92.88,,92.88,,97.56,,97.56,,111.28,,111.28,,111.28,,111.28,,111.28,,125.04,,125.04,,125.04,,125.04,,125.04,,138.85,,138.85,,138.85,,138.85,,138.85,,152.61,,152.61,,152.61,,152.61,,152.61,,166.41,,166.41,,166.41,,166.41,,166.41,,180.18,,180.18,,180.18,,180.18,,180.18,,193.98,,193.98,,193.98,,193.98,,193.98,,207.75,,207.75,,207.75,,207.75,,207.75,
LT,Lithuania (TB),Zone 42,,,,,,,,,,,,,,,,,,,,,,,,,,,,,,,,,,,,,,,,,,,,,,,,,,,,,,,,,,,,,,,,,,,,,,,,,,,,,,,,,,,,,,,,,,,,,,,,,,,,,,,,,,,,,,,,,,,,,,,,,,,,,,,,,,,,,,,,,,,,
LT,Lithuania (WW),Zone 742,28.36,,28.36,,30.22,,33.03,,35.66,,38.67,,41.06,,43.48,,45.90,,48.33,,52.65,,54.98,,57.32,,59.65,,61.94,,65.00,,67.40,,69.75,,72.11,,74.46,,80.79,,80.79,,85.01,,85.01,,89.17,,89.17,,93.42,,93.42,,97.56,,97.56,,110.96,,110.96,,110.96,,110.96,,110.96,,123.98,,123.98,,123.98,,123.98,,123.98,,137.06,,137.06,,137.06,,137.06,,137.06,,150.17,,150.17,,150.17,,150.17,,150.17,,163.19,,163.19,,163.19,,163.19,,163.19,,176.30,,176.30,,176.30,,176.30,,176.30,,189.32,,189.32,,189.32,,189.32,,189.32,,202.38,,202.38,,202.38,,202.38,,202.38,
LU,Luxembourg (TB),Zone 2,,,,,,,,,,,,,,,,,,,,,,,,,,,,,,,,,,,,,,,,,,,,,,,,,,,,,,,,,,,,,,,,,,,,,,,,,,,,,,,,,,,,,,,,,,,,,,,,,,,,,,,,,,,,,,,,,,,,,,,,,,,,,,,,,,,,,,,,,,,,
LU,Luxembourg (WW),Zone 702,10.67,,10.67,,11.02,,11.64,,12.27,,16.78,,17.42,,18.05,,18.73,,19.36,,23.77,,24.45,,25.10,,25.79,,26.45,,30.09,,30.82,,31.57,,32.29,,33.04,,39.76,,39.76,,41.43,,41.43,,43.10,,43.10,,44.79,,44.79,,46.45,,46.45,,50.86,,50.86,,50.86,,50.86,,50.86,,55.25,,55.25,,55.25,,55.25,,55.25,,59.67,,59.67,,59.67,,59.67,,59.67,,64.09,,64.09,,64.09,,64.09,,64.09,,68.53,,68.53,,68.53,,68.53,,68.53,,72.91,,72.91,,72.91,,72.91,,72.91,,77.34,,77.34,,77.34,,77.34,,77.34,,81.71,,81.71,,81.71,,81.71,,81.71,
MO,Macau,Zone 8,22.68,,22.68,,22.68,,22.68,,22.68,,25.55,,27.62,,29.64,,31.73,,33.75,,38.75,,40.86,,42.98,,45.08,,47.20,,50.75,,52.90,,55.07,,57.24,,59.42,,63.82,,63.82,,68.00,,68.00,,72.18,,72.18,,76.34,,76.34,,80.48,,80.48,,91.15,,91.15,,91.15,,91.15,,91.15,,101.85,,101.85,,101.85,,101.85,,101.85,,112.55,,112.55,,112.55,,112.55,,112.55,,123.24,,123.24,,123.24,,123.24,,123.24,,133.93,,133.93,,133.93,,133.93,,133.93,,144.65,,144.65,,144.65,,144.65,,144.65,,155.30,,155.30,,155.30,,155.30,,155.30,,166.02,,166.02,,166.02,,166.02,,166.02,
MK,Macedonia (FYROM),Zone 5,33.02,,33.02,,35.29,,38.12,,41.41,,43.94,,46.49,,49.01,,51.56,,54.07,,58.11,,60.66,,63.24,,65.74,,68.28,,71.06,,73.56,,76.13,,78.66,,81.22,,86.03,,86.03,,90.65,,90.65,,95.33,,95.33,,99.93,,99.93,,104.63,,104.63,,118.54,,118.54,,118.54,,118.54,,118.54,,132.49,,132.49,,132.49,,132.49,,132.49,,146.43,,146.43,,146.43,,146.43,,146.43,,160.36,,160.36,,160.36,,160.36,,160.36,,174.29,,174.29,,174.29,,174.29,,174.29,,188.22,,188.22,,188.22,,188.22,,188.22,,202.17,,202.17,,202.17,,202.17,,202.17,,216.12,,216.12,,216.12,,216.12,,216.12,
MG,Madagascar,Zone 10,34.99,,34.99,,36.32,,40.36,,44.47,,51.20,,55.53,,59.87,,64.16,,68.50,,75.89,,80.16,,84.47,,88.74,,93.00,,97.24,,101.49,,105.80,,110.08,,114.35,,126.69,,126.69,,135.16,,135.16,,143.58,,143.58,,152.06,,152.06,,160.48,,160.48,,182.90,,182.90,,182.90,,182.90,,182.90,,205.38,,205.38,,205.38,,205.38,,205.38,,227.80,,227.80,,227.80,,227.80,,227.80,,250.34,,250.34,,250.34,,250.34,,250.34,,272.79,,272.79,,272.79,,272.79,,272.79,,295.29,,295.29,,295.29,,295.29,,295.29,,317.78,,317.78,,317.78,,317.78,,317.78,,340.22,,340.22,,340.22,,340.22,,340.22,
PT,Madeira (Portugal) (TB),Zone 4,34.94,,34.94,,35.38,,39.98,,44.34,,50.25,,54.76,,59.27,,63.70,,68.21,,76.70,,80.77,,84.95,,89.04,,93.15,,97.88,,102.04,,106.18,,110.32,,114.49,,123.65,,123.65,,132.75,,132.75,,141.82,,141.82,,150.95,,150.95,,160.03,,160.03,,182.39,,182.39,,182.39,,182.39,,182.39,,204.84,,204.84,,204.84,,204.84,,204.84,,227.21,,227.21,,227.21,,227.21,,227.21,,249.60,,249.60,,249.60,,249.60,,249.60,,272.05,,272.05,,272.05,,272.05,,272.05,,294.44,,294.44,,294.44,,294.44,,294.44,,316.80,,316.80,,316.80,,316.80,,316.80,,339.22,,339.22,,339.22,,339.22,,339.22,
PT,Madeira (Portugal) (WW),Zone 704,10.58,,10.58,,10.75,,11.88,,12.99,,15.37,,16.52,,17.65,,18.82,,19.97,,23.27,,24.22,,25.18,,26.18,,27.14,,29.54,,30.56,,31.56,,32.60,,33.63,,38.81,,38.81,,40.85,,40.85,,42.86,,42.86,,44.89,,44.89,,46.91,,46.91,,53.30,,53.30,,53.30,,53.30,,53.30,,59.71,,59.71,,59.71,,59.71,,59.71,,66.10,,66.10,,66.10,,66.10,,66.10,,72.52,,72.52,,72.52,,72.52,,72.52,,78.93,,78.93,,78.93,,78.93,,78.93,,85.31,,85.31,,85.31,,85.31,,85.31,,91.71,,91.71,,91.71,,91.71,,91.71,,98.11,,98.11,,98.11,,98.11,,98.11,
MW,Malawi,Zone 10,34.99,,34.99,,36.32,,40.36,,44.47,,51.20,,55.53,,59.87,,64.16,,68.50,,75.89,,80.16,,84.47,,88.74,,93.00,,97.24,,101.49,,105.80,,110.08,,114.35,,126.69,,126.69,,135.16,,135.16,,143.58,,143.58,,152.06,,152.06,,160.48,,160.48,,182.90,,182.90,,182.90,,182.90,,182.90,,205.38,,205.38,,205.38,,205.38,,205.38,,227.80,,227.80,,227.80,,227.80,,227.80,,250.34,,250.34,,250.34,,250.34,,250.34,,272.79,,272.79,,272.79,,272.79,,272.79,,295.29,,295.29,,295.29,,295.29,,295.29,,317.78,,317.78,,317.78,,317.78,,317.78,,340.22,,340.22,,340.22,,340.22,,340.22,
MY,Malaysia,Zone 8,22.68,,22.68,,22.68,,22.68,,22.68,,25.55,,27.62,,29.64,,31.73,,33.75,,38.75,,40.86,,42.98,,45.08,,47.20,,50.75,,52.90,,55.07,,57.24,,59.42,,63.82,,63.82,,68.00,,68.00,,72.18,,72.18,,76.34,,76.34,,80.48,,80.48,,91.15,,91.15,,91.15,,91.15,,91.15,,101.85,,101.85,,101.85,,101.85,,101.85,,112.55,,112.55,,112.55,,112.55,,112.55,,123.24,,123.24,,123.24,,123.24,,123.24,,133.93,,133.93,,133.93,,133.93,,133.93,,144.65,,144.65,,144.65,,144.65,,144.65,,155.30,,155.30,,155.30,,155.30,,155.30,,166.02,,166.02,,166.02,,166.02,,166.02,
MV,Maldives,Zone 10,34.99,,34.99,,36.32,,40.36,,44.47,,51.20,,55.53,,59.87,,64.16,,68.50,,75.89,,80.16,,84.47,,88.74,,93.00,,97.24,,101.49,,105.80,,110.08,,114.35,,126.69,,126.69,,135.16,,135.16,,143.58,,143.58,,152.06,,152.06,,160.48,,160.48,,182.90,,182.90,,182.90,,182.90,,182.90,,205.38,,205.38,,205.38,,205.38,,205.38,,227.80,,227.80,,227.80,,227.80,,227.80,,250.34,,250.34,,250.34,,250.34,,250.34,,272.79,,272.79,,272.79,,272.79,,272.79,,295.29,,295.29,,295.29,,295.29,,295.29,,317.78,,317.78,,317.78,,317.78,,317.78,,340.22,,340.22,,340.22,,340.22,,340.22,
ML,Mali,Zone 10,34.99,,34.99,,36.32,,40.36,,44.47,,51.20,,55.53,,59.87,,64.16,,68.50,,75.89,,80.16,,84.47,,88.74,,93.00,,97.24,,101.49,,105.80,,110.08,,114.35,,126.69,,126.69,,135.16,,135.16,,143.58,,143.58,,152.06,,152.06,,160.48,,160.48,,182.90,,182.90,,182.90,,182.90,,182.90,,205.38,,205.38,,205.38,,205.38,,205.38,,227.80,,227.80,,227.80,,227.80,,227.80,,250.34,,250.34,,250.34,,250.34,,250.34,,272.79,,272.79,,272.79,,272.79,,272.79,,295.29,,295.29,,295.29,,295.29,,295.29,,317.78,,317.78,,317.78,,317.78,,317.78,,340.22,,340.22,,340.22,,340.22,,340.22,
MT,Malta (WW),Zone 9,34.94,,34.94,,35.38,,39.98,,44.34,,50.25,,54.76,,59.27,,63.70,,68.21,,76.70,,80.77,,84.95,,89.04,,93.15,,97.88,,102.04,,106.18,,110.32,,114.49,,123.65,,123.65,,132.75,,132.75,,141.82,,141.82,,150.95,,150.95,,160.03,,160.03,,182.39,,182.39,,182.39,,182.39,,182.39,,204.84,,204.84,,204.84,,204.84,,204.84,,227.21,,227.21,,227.21,,227.21,,227.21,,249.60,,249.60,,249.60,,249.60,,249.60,,272.05,,272.05,,272.05,,272.05,,272.05,,294.44,,294.44,,294.44,,294.44,,294.44,,316.80,,316.80,,316.80,,316.80,,316.80,,339.22,,339.22,,339.22,,339.22,,339.22,
MH,Marshall Islands,Zone 9,34.94,,34.94,,35.38,,39.98,,44.34,,50.25,,54.76,,59.27,,63.70,,68.21,,76.70,,80.77,,84.95,,89.04,,93.15,,97.88,,102.04,,106.18,,110.32,,114.49,,123.65,,123.65,,132.75,,132.75,,141.82,,141.82,,150.95,,150.95,,160.03,,160.03,,182.39,,182.39,,182.39,,182.39,,182.39,,204.84,,204.84,,204.84,,204.84,,204.84,,227.21,,227.21,,227.21,,227.21,,227.21,,249.60,,249.60,,249.60,,249.60,,249.60,,272.05,,272.05,,272.05,,272.05,,272.05,,294.44,,294.44,,294.44,,294.44,,294.44,,316.80,,316.80,,316.80,,316.80,,316.80,,339.22,,339.22,,339.22,,339.22,,339.22,
MQ,Martinique,Zone 9,34.94,,34.94,,35.38,,39.98,,44.34,,50.25,,54.76,,59.27,,63.70,,68.21,,76.70,,80.77,,84.95,,89.04,,93.15,,97.88,,102.04,,106.18,,110.32,,114.49,,123.65,,123.65,,132.75,,132.75,,141.82,,141.82,,150.95,,150.95,,160.03,,160.03,,182.39,,182.39,,182.39,,182.39,,182.39,,204.84,,204.84,,204.84,,204.84,,204.84,,227.21,,227.21,,227.21,,227.21,,227.21,,249.60,,249.60,,249.60,,249.60,,249.60,,272.05,,272.05,,272.05,,272.05,,272.05,,294.44,,294.44,,294.44,,294.44,,294.44,,316.80,,316.80,,316.80,,316.80,,316.80,,339.22,,339.22,,339.22,,339.22,,339.22,
MR,Mauritania,Zone 10,34.99,,34.99,,36.32,,40.36,,44.47,,51.20,,55.53,,59.87,,64.16,,68.50,,75.89,,80.16,,84.47,,88.74,,93.00,,97.24,,101.49,,105.80,,110.08,,114.35,,126.69,,126.69,,135.16,,135.16,,143.58,,143.58,,152.06,,152.06,,160.48,,160.48,,182.90,,182.90,,182.90,,182.90,,182.90,,205.38,,205.38,,205.38,,205.38,,205.38,,227.80,,227.80,,227.80,,227.80,,227.80,,250.34,,250.34,,250.34,,250.34,,250.34,,272.79,,272.79,,272.79,,272.79,,272.79,,295.29,,295.29,,295.29,,295.29,,295.29,,317.78,,317.78,,317.78,,317.78,,317.78,,340.22,,340.22,,340.22,,340.22,,340.22,
MU,Mauritius,Zone 10,34.99,,34.99,,36.32,,40.36,,44.47,,51.20,,55.53,,59.87,,64.16,,68.50,,75.89,,80.16,,84.47,,88.74,,93.00,,97.24,,101.49,,105.80,,110.08,,114.35,,126.69,,126.69,,135.16,,135.16,,143.58,,143.58,,152.06,,152.06,,160.48,,160.48,,182.90,,182.90,,182.90,,182.90,,182.90,,205.38,,205.38,,205.38,,205.38,,205.38,,227.80,,227.80,,227.80,,227.80,,227.80,,250.34,,250.34,,250.34,,250.34,,250.34,,272.79,,272.79,,272.79,,272.79,,272.79,,295.29,,295.29,,295.29,,295.29,,295.29,,317.78,,317.78,,317.78,,317.78,,317.78,,340.22,,340.22,,340.22,,340.22,,340.22,
YT,Mayotte,Zone 10,34.99,,34.99,,36.32,,40.36,,44.47,,51.20,,55.53,,59.87,,64.16,,68.50,,75.89,,80.16,,84.47,,88.74,,93.00,,97.24,,101.49,,105.80,,110.08,,114.35,,126.69,,126.69,,135.16,,135.16,,143.58,,143.58,,152.06,,152.06,,160.48,,160.48,,182.90,,182.90,,182.90,,182.90,,182.90,,205.38,,205.38,,205.38,,205.38,,205.38,,227.80,,227.80,,227.80,,227.80,,227.80,,250.34,,250.34,,250.34,,250.34,,250.34,,272.79,,272.79,,272.79,,272.79,,272.79,,295.29,,295.29,,295.29,,295.29,,295.29,,317.78,,317.78,,317.78,,317.78,,317.78,,340.22,,340.22,,340.22,,340.22,,340.22,
ES,Melilla (Spain) (TB),Zone 5,33.02,,33.02,,35.29,,38.12,,41.41,,43.94,,46.49,,49.01,,51.56,,54.07,,58.11,,60.66,,63.24,,65.74,,68.28,,71.06,,73.56,,76.13,,78.66,,81.22,,86.03,,86.03,,90.65,,90.65,,95.33,,95.33,,99.93,,99.93,,104.63,,104.63,,118.54,,118.54,,118.54,,118.54,,118.54,,132.49,,132.49,,132.49,,132.49,,132.49,,146.43,,146.43,,146.43,,146.43,,146.43,,160.36,,160.36,,160.36,,160.36,,160.36,,174.29,,174.29,,174.29,,174.29,,174.29,,188.22,,188.22,,188.22,,188.22,,188.22,,202.17,,202.17,,202.17,,202.17,,202.17,,216.12,,216.12,,216.12,,216.12,,216.12,
ES,Melilla (Spain) (WW),Zone 705,,,,,,,,,,,,,,,,,,,,,,,,,,,,,,,,,,,,,,,,,,,,,,,,,,,,,,,,,,,,,,,,,,,,,,,,,,,,,,,,,,,,,,,,,,,,,,,,,,,,,,,,,,,,,,,,,,,,,,,,,,,,,,,,,,,,,,,,,,,,
MX,Mexico,Zone 7,17.62,,17.62,,17.62,,17.62,,17.62,,21.16,,22.55,,24.00,,25.38,,26.77,,32.01,,33.40,,34.82,,36.24,,37.67,,41.66,,43.09,,44.62,,46.14,,47.65,,60.97,,60.97,,64.28,,64.28,,67.51,,67.51,,70.78,,70.78,,74.05,,74.05,,84.65,,84.65,,84.65,,84.65,,84.65,,95.06,,95.06,,95.06,,95.06,,95.06,,105.47,,105.47,,105.47,,105.47,,105.47,,115.88,,115.88,,115.88,,115.88,,115.88,,126.29,,126.29,,126.29,,126.29,,126.29,,136.74,,136.74,,136.74,,136.74,,136.74,,147.15,,147.15,,147.15,,147.15,,147.15,,157.51,,157.51,,157.51,,157.51,,157.51,
FM,Micronesia (Federated States of),Zone 9,34.94,,34.94,,35.38,,39.98,,44.34,,50.25,,54.76,,59.27,,63.70,,68.21,,76.70,,80.77,,84.95,,89.04,,93.15,,97.88,,102.04,,106.18,,110.32,,114.49,,123.65,,123.65,,132.75,,132.75,,141.82,,141.82,,150.95,,150.95,,160.03,,160.03,,182.39,,182.39,,182.39,,182.39,,182.39,,204.84,,204.84,,204.84,,204.84,,204.84,,227.21,,227.21,,227.21,,227.21,,227.21,,249.60,,249.60,,249.60,,249.60,,249.60,,272.05,,272.05,,272.05,,272.05,,272.05,,294.44,,294.44,,294.44,,294.44,,294.44,,316.80,,316.80,,316.80,,316.80,,316.80,,339.22,,339.22,,339.22,,339.22,,339.22,
MD,Moldova,Zone 5,33.02,,33.02,,35.29,,38.12,,41.41,,43.94,,46.49,,49.01,,51.56,,54.07,,58.11,,60.66,,63.24,,65.74,,68.28,,71.06,,73.56,,76.13,,78.66,,81.22,,86.03,,86.03,,90.65,,90.65,,95.33,,95.33,,99.93,,99.93,,104.63,,104.63,,118.54,,118.54,,118.54,,118.54,,118.54,,132.49,,132.49,,132.49,,132.49,,132.49,,146.43,,146.43,,146.43,,146.43,,146.43,,160.36,,160.36,,160.36,,160.36,,160.36,,174.29,,174.29,,174.29,,174.29,,174.29,,188.22,,188.22,,188.22,,188.22,,188.22,,202.17,,202.17,,202.17,,202.17,,202.17,,216.12,,216.12,,216.12,,216.12,,216.12,
MC,Monaco (France) (TB),Zone 3,,,,,,,,,,,,,,,,,,,,,,,,,,,,,,,,,,,,,,,,,,,,,,,,,,,,,,,,,,,,,,,,,,,,,,,,,,,,,,,,,,,,,,,,,,,,,,,,,,,,,,,,,,,,,,,,,,,,,,,,,,,,,,,,,,,,,,,,,,,,
MC,Monaco (France) (WW),Zone 703,8.85,,8.85,,8.85,,8.92,,9.60,,10.83,,11.48,,12.11,,12.76,,13.38,,15.56,,16.06,,16.54,,17.01,,17.50,,19.01,,19.53,,20.06,,20.57,,21.09,,23.98,,23.98,,25.12,,25.12,,26.28,,26.28,,27.43,,27.43,,28.60,,28.60,,31.60,,31.60,,31.60,,31.60,,31.60,,34.60,,34.60,,34.60,,34.60,,34.60,,37.62,,37.62,,37.62,,37.62,,37.62,,40.64,,40.64,,40.64,,40.64,,40.64,,43.64,,43.64,,43.64,,43.64,,43.64,,46.67,,46.67,,46.67,,46.67,,46.67,,49.68,,49.68,,49.68,,49.68,,49.68,,52.69,,52.69,,52.69,,52.69,,52.69,
MN,Mongolia,Zone 9,34.94,,34.94,,35.38,,39.98,,44.34,,50.25,,54.76,,59.27,,63.70,,68.21,,76.70,,80.77,,84.95,,89.04,,93.15,,97.88,,102.04,,106.18,,110.32,,114.49,,123.65,,123.65,,132.75,,132.75,,141.82,,141.82,,150.95,,150.95,,160.03,,160.03,,182.39,,182.39,,182.39,,182.39,,182.39,,204.84,,204.84,,204.84,,204.84,,204.84,,227.21,,227.21,,227.21,,227.21,,227.21,,249.60,,249.60,,249.60,,249.60,,249.60,,272.05,,272.05,,272.05,,272.05,,272.05,,294.44,,294.44,,294.44,,294.44,,294.44,,316.80,,316.80,,316.80,,316.80,,316.80,,339.22,,339.22,,339.22,,339.22,,339.22,
ME,Montenegro,Zone 5,33.02,,33.02,,35.29,,38.12,,41.41,,43.94,,46.49,,49.01,,51.56,,54.07,,58.11,,60.66,,63.24,,65.74,,68.28,,71.06,,73.56,,76.13,,78.66,,81.22,,86.03,,86.03,,90.65,,90.65,,95.33,,95.33,,99.93,,99.93,,104.63,,104.63,,118.54,,118.54,,118.54,,118.54,,118.54,,132.49,,132.49,,132.49,,132.49,,132.49,,146.43,,146.43,,146.43,,146.43,,146.43,,160.36,,160.36,,160.36,,160.36,,160.36,,174.29,,174.29,,174.29,,174.29,,174.29,,188.22,,188.22,,188.22,,188.22,,188.22,,202.17,,202.17,,202.17,,202.17,,202.17,,216.12,,216.12,,216.12,,216.12,,216.12,
MS,Montserrat,Zone 10,34.99,,34.99,,36.32,,40.36,,44.47,,51.20,,55.53,,59.87,,64.16,,68.50,,75.89,,80.16,,84.47,,88.74,,93.00,,97.24,,101.49,,105.80,,110.08,,114.35,,126.69,,126.69,,135.16,,135.16,,143.58,,143.58,,152.06,,152.06,,160.48,,160.48,,182.90,,182.90,,182.90,,182.90,,182.90,,205.38,,205.38,,205.38,,205.38,,205.38,,227.80,,227.80,,227.80,,227.80,,227.80,,250.34,,250.34,,250.34,,250.34,,250.34,,272.79,,272.79,,272.79,,272.79,,272.79,,295.29,,295.29,,295.29,,295.29,,295.29,,317.78,,317.78,,317.78,,317.78,,317.78,,340.22,,340.22,,340.22,,340.22,,340.22,
MA,Morocco,Zone 9,34.94,,34.94,,35.38,,39.98,,44.34,,50.25,,54.76,,59.27,,63.70,,68.21,,76.70,,80.77,,84.95,,89.04,,93.15,,97.88,,102.04,,106.18,,110.32,,114.49,,123.65,,123.65,,132.75,,132.75,,141.82,,141.82,,150.95,,150.95,,160.03,,160.03,,182.39,,182.39,,182.39,,182.39,,182.39,,204.84,,204.84,,204.84,,204.84,,204.84,,227.21,,227.21,,227.21,,227.21,,227.21,,249.60,,249.60,,249.60,,249.60,,249.60,,272.05,,272.05,,272.05,,272.05,,272.05,,294.44,,294.44,,294.44,,294.44,,294.44,,316.80,,316.80,,316.80,,316.80,,316.80,,339.22,,339.22,,339.22,,339.22,,339.22,
MZ,Mozambique,Zone 10,34.99,,34.99,,36.32,,40.36,,44.47,,51.20,,55.53,,59.87,,64.16,,68.50,,75.89,,80.16,,84.47,,88.74,,93.00,,97.24,,101.49,,105.80,,110.08,,114.35,,126.69,,126.69,,135.16,,135.16,,143.58,,143.58,,152.06,,152.06,,160.48,,160.48,,182.90,,182.90,,182.90,,182.90,,182.90,,205.38,,205.38,,205.38,,205.38,,205.38,,227.80,,227.80,,227.80,,227.80,,227.80,,250.34,,250.34,,250.34,,250.34,,250.34,,272.79,,272.79,,272.79,,272.79,,272.79,,295.29,,295.29,,295.29,,295.29,,295.29,,317.78,,317.78,,317.78,,317.78,,317.78,,340.22,,340.22,,340.22,,340.22,,340.22,
MM,Myanmar,Zone 10,34.99,,34.99,,36.32,,40.36,,44.47,,51.20,,55.53,,59.87,,64.16,,68.50,,75.89,,80.16,,84.47,,88.74,,93.00,,97.24,,101.49,,105.80,,110.08,,114.35,,126.69,,126.69,,135.16,,135.16,,143.58,,143.58,,152.06,,152.06,,160.48,,160.48,,182.90,,182.90,,182.90,,182.90,,182.90,,205.38,,205.38,,205.38,,205.38,,205.38,,227.80,,227.80,,227.80,,227.80,,227.80,,250.34,,250.34,,250.34,,250.34,,250.34,,272.79,,272.79,,272.79,,272.79,,272.79,,295.29,,295.29,,295.29,,295.29,,295.29,,317.78,,317.78,,317.78,,317.78,,317.78,,340.22,,340.22,,340.22,,340.22,,340.22,
NA,Namibia,Zone 10,34.99,,34.99,,36.32,,40.36,,44.47,,51.20,,55.53,,59.87,,64.16,,68.50,,75.89,,80.16,,84.47,,88.74,,93.00,,97.24,,101.49,,105.80,,110.08,,114.35,,126.69,,126.69,,135.16,,135.16,,143.58,,143.58,,152.06,,152.06,,160.48,,160.48,,182.90,,182.90,,182.90,,182.90,,182.90,,205.38,,205.38,,205.38,,205.38,,205.38,,227.80,,227.80,,227.80,,227.80,,227.80,,250.34,,250.34,,250.34,,250.34,,250.34,,272.79,,272.79,,272.79,,272.79,,272.79,,295.29,,295.29,,295.29,,295.29,,295.29,,317.78,,317.78,,317.78,,317.78,,317.78,,340.22,,340.22,,340.22,,340.22,,340.22,
NP,Nepal,Zone 10,34.99,,34.99,,36.32,,40.36,,44.47,,51.20,,55.53,,59.87,,64.16,,68.50,,75.89,,80.16,,84.47,,88.74,,93.00,,97.24,,101.49,,105.80,,110.08,,114.35,,126.69,,126.69,,135.16,,135.16,,143.58,,143.58,,152.06,,152.06,,160.48,,160.48,,182.90,,182.90,,182.90,,182.90,,182.90,,205.38,,205.38,,205.38,,205.38,,205.38,,227.80,,227.80,,227.80,,227.80,,227.80,,250.34,,250.34,,250.34,,250.34,,250.34,,272.79,,272.79,,272.79,,272.79,,272.79,,295.29,,295.29,,295.29,,295.29,,295.29,,317.78,,317.78,,317.78,,317.78,,317.78,,340.22,,340.22,,340.22,,340.22,,340.22,
NL,"Netherlands, The (Holland) (TB)",Zone 2,,,,,,,,,,,,,,,,,,,,,,,,,,,,,,,,,,,,,,,,,,,,,,,,,,,,,,,,,,,,,,,,,,,,,,,,,,,,,,,,,,,,,,,,,,,,,,,,,,,,,,,,,,,,,,,,,,,,,,,,,,,,,,,,,,,,,,,,,,,,
NL,"Netherlands, The (Holland) (WW)",Zone 702,10.67,,10.67,,11.02,,11.64,,12.27,,16.78,,17.42,,18.05,,18.73,,19.36,,23.77,,24.45,,25.10,,25.79,,26.45,,30.09,,30.82,,31.57,,32.29,,33.04,,39.76,,39.76,,41.43,,41.43,,43.10,,43.10,,44.79,,44.79,,46.45,,46.45,,50.86,,50.86,,50.86,,50.86,,50.86,,55.25,,55.25,,55.25,,55.25,,55.25,,59.67,,59.67,,59.67,,59.67,,59.67,,64.09,,64.09,,64.09,,64.09,,64.09,,68.53,,68.53,,68.53,,68.53,,68.53,,72.91,,72.91,,72.91,,72.91,,72.91,,77.34,,77.34,,77.34,,77.34,,77.34,,81.71,,81.71,,81.71,,81.71,,81.71,
KN,Nevis (St. Kitts),Zone 9,34.94,,34.94,,35.38,,39.98,,44.34,,50.25,,54.76,,59.27,,63.70,,68.21,,76.70,,80.77,,84.95,,89.04,,93.15,,97.88,,102.04,,106.18,,110.32,,114.49,,123.65,,123.65,,132.75,,132.75,,141.82,,141.82,,150.95,,150.95,,160.03,,160.03,,182.39,,182.39,,182.39,,182.39,,182.39,,204.84,,204.84,,204.84,,204.84,,204.84,,227.21,,227.21,,227.21,,227.21,,227.21,,249.60,,249.60,,249.60,,249.60,,249.60,,272.05,,272.05,,272.05,,272.05,,272.05,,294.44,,294.44,,294.44,,294.44,,294.44,,316.80,,316.80,,316.80,,316.80,,316.80,,339.22,,339.22,,339.22,,339.22,,339.22,
NC,New Caledonia,Zone 9,34.94,,34.94,,35.38,,39.98,,44.34,,50.25,,54.76,,59.27,,63.70,,68.21,,76.70,,80.77,,84.95,,89.04,,93.15,,97.88,,102.04,,106.18,,110.32,,114.49,,123.65,,123.65,,132.75,,132.75,,141.82,,141.82,,150.95,,150.95,,160.03,,160.03,,182.39,,182.39,,182.39,,182.39,,182.39,,204.84,,204.84,,204.84,,204.84,,204.84,,227.21,,227.21,,227.21,,227.21,,227.21,,249.60,,249.60,,249.60,,249.60,,249.60,,272.05,,272.05,,272.05,,272.05,,272.05,,294.44,,294.44,,294.44,,294.44,,294.44,,316.80,,316.80,,316.80,,316.80,,316.80,,339.22,,339.22,,339.22,,339.22,,339.22,
NZ,New Zealand,Zone 9,34.94,,34.94,,35.38,,39.98,,44.34,,50.25,,54.76,,59.27,,63.70,,68.21,,76.70,,80.77,,84.95,,89.04,,93.15,,97.88,,102.04,,106.18,,110.32,,114.49,,123.65,,123.65,,132.75,,132.75,,141.82,,141.82,,150.95,,150.95,,160.03,,160.03,,182.39,,182.39,,182.39,,182.39,,182.39,,204.84,,204.84,,204.84,,204.84,,204.84,,227.21,,227.21,,227.21,,227.21,,227.21,,249.60,,249.60,,249.60,,249.60,,249.60,,272.05,,272.05,,272.05,,272.05,,272.05,,294.44,,294.44,,294.44,,294.44,,294.44,,316.80,,316.80,,316.80,,316.80,,316.80,,339.22,,339.22,,339.22,,339.22,,339.22,
NI,Nicaragua,Zone 10,34.99,,34.99,,36.32,,40.36,,44.47,,51.20,,55.53,,59.87,,64.16,,68.50,,75.89,,80.16,,84.47,,88.74,,93.00,,97.24,,101.49,,105.80,,110.08,,114.35,,126.69,,126.69,,135.16,,135.16,,143.58,,143.58,,152.06,,152.06,,160.48,,160.48,,182.90,,182.90,,182.90,,182.90,,182.90,,205.38,,205.38,,205.38,,205.38,,205.38,,227.80,,227.80,,227.80,,227.80,,227.80,,250.34,,250.34,,250.34,,250.34,,250.34,,272.79,,272.79,,272.79,,272.79,,272.79,,295.29,,295.29,,295.29,,295.29,,295.29,,317.78,,317.78,,317.78,,317.78,,317.78,,340.22,,340.22,,340.22,,340.22,,340.22,
NE,Niger,Zone 10,34.99,,34.99,,36.32,,40.36,,44.47,,51.20,,55.53,,59.87,,64.16,,68.50,,75.89,,80.16,,84.47,,88.74,,93.00,,97.24,,101.49,,105.80,,110.08,,114.35,,126.69,,126.69,,135.16,,135.16,,143.58,,143.58,,152.06,,152.06,,160.48,,160.48,,182.90,,182.90,,182.90,,182.90,,182.90,,205.38,,205.38,,205.38,,205.38,,205.38,,227.80,,227.80,,227.80,,227.80,,227.80,,250.34,,250.34,,250.34,,250.34,,250.34,,272.79,,272.79,,272.79,,272.79,,272.79,,295.29,,295.29,,295.29,,295.29,,295.29,,317.78,,317.78,,317.78,,317.78,,317.78,,340.22,,340.22,,340.22,,340.22,,340.22,
NG,Nigeria,Zone 9,34.94,,34.94,,35.38,,39.98,,44.34,,50.25,,54.76,,59.27,,63.70,,68.21,,76.70,,80.77,,84.95,,89.04,,93.15,,97.88,,102.04,,106.18,,110.32,,114.49,,123.65,,123.65,,132.75,,132.75,,141.82,,141.82,,150.95,,150.95,,160.03,,160.03,,182.39,,182.39,,182.39,,182.39,,182.39,,204.84,,204.84,,204.84,,204.84,,204.84,,227.21,,227.21,,227.21,,227.21,,227.21,,249.60,,249.60,,249.60,,249.60,,249.60,,272.05,,272.05,,272.05,,272.05,,272.05,,294.44,,294.44,,294.44,,294.44,,294.44,,316.80,,316.80,,316.80,,316.80,,316.80,,339.22,,339.22,,339.22,,339.22,,339.22,
GB,Northern Ireland (United Kingdom),Zone 1,6.25,,6.25,,6.25,,6.25,,6.25,,6.25,,6.25,,6.25,,6.25,,6.25,,6.25,,6.25,,6.25,,6.25,,6.25,,7.20,,7.20,,7.20,,7.20,,7.20,,8.68,,8.68,,8.68,,8.68,,8.68,,8.68,,8.68,,8.68,,8.68,,8.68,,9.58,,9.58,,9.58,,9.58,,9.58,,10.47,,10.47,,10.47,,10.47,,10.47,,11.37,,11.37,,11.37,,11.37,,11.37,,12.27,,12.27,,12.27,,12.27,,12.27,,13.18,,13.18,,13.18,,13.18,,13.18,,14.09,,14.09,,14.09,,14.09,,14.09,,15.00,,15.00,,15.00,,15.00,,15.00,,15.89,,15.89,,15.89,,15.89,,15.89,
MP,Northern Mariana Islands,Zone 9,34.94,,34.94,,35.38,,39.98,,44.34,,50.25,,54.76,,59.27,,63.70,,68.21,,76.70,,80.77,,84.95,,89.04,,93.15,,97.88,,102.04,,106.18,,110.32,,114.49,,123.65,,123.65,,132.75,,132.75,,141.82,,141.82,,150.95,,150.95,,160.03,,160.03,,182.39,,182.39,,182.39,,182.39,,182.39,,204.84,,204.84,,204.84,,204.84,,204.84,,227.21,,227.21,,227.21,,227.21,,227.21,,249.60,,249.60,,249.60,,249.60,,249.60,,272.05,,272.05,,272.05,,272.05,,272.05,,294.44,,294.44,,294.44,,294.44,,294.44,,316.80,,316.80,,316.80,,316.80,,316.80,,339.22,,339.22,,339.22,,339.22,,339.22,
NO,Norway,Zone 51,27.60,,27.60,,29.15,,32.31,,35.44,,38.39,,40.88,,43.34,,45.90,,48.37,,51.99,,54.50,,56.95,,59.43,,61.95,,64.48,,67.00,,69.47,,71.99,,74.45,,79.08,,79.08,,83.72,,83.72,,88.33,,88.33,,92.88,,92.88,,97.56,,97.56,,111.28,,111.28,,111.28,,111.28,,111.28,,125.04,,125.04,,125.04,,125.04,,125.04,,138.85,,138.85,,138.85,,138.85,,138.85,,152.61,,152.61,,152.61,,152.61,,152.61,,166.41,,166.41,,166.41,,166.41,,166.41,,180.18,,180.18,,180.18,,180.18,,180.18,,193.98,,193.98,,193.98,,193.98,,193.98,,207.75,,207.75,,207.75,,207.75,,207.75,
OM,Oman,Zone 9,34.94,,34.94,,35.38,,39.98,,44.34,,50.25,,54.76,,59.27,,63.70,,68.21,,76.70,,80.77,,84.95,,89.04,,93.15,,97.88,,102.04,,106.18,,110.32,,114.49,,123.65,,123.65,,132.75,,132.75,,141.82,,141.82,,150.95,,150.95,,160.03,,160.03,,182.39,,182.39,,182.39,,182.39,,182.39,,204.84,,204.84,,204.84,,204.84,,204.84,,227.21,,227.21,,227.21,,227.21,,227.21,,249.60,,249.60,,249.60,,249.60,,249.60,,272.05,,272.05,,272.05,,272.05,,272.05,,294.44,,294.44,,294.44,,294.44,,294.44,,316.80,,316.80,,316.80,,316.80,,316.80,,339.22,,339.22,,339.22,,339.22,,339.22,
PK,Pakistan,Zone 9,34.94,,34.94,,35.38,,39.98,,44.34,,50.25,,54.76,,59.27,,63.70,,68.21,,76.70,,80.77,,84.95,,89.04,,93.15,,97.88,,102.04,,106.18,,110.32,,114.49,,123.65,,123.65,,132.75,,132.75,,141.82,,141.82,,150.95,,150.95,,160.03,,160.03,,182.39,,182.39,,182.39,,182.39,,182.39,,204.84,,204.84,,204.84,,204.84,,204.84,,227.21,,227.21,,227.21,,227.21,,227.21,,249.60,,249.60,,249.60,,249.60,,249.60,,272.05,,272.05,,272.05,,272.05,,272.05,,294.44,,294.44,,294.44,,294.44,,294.44,,316.80,,316.80,,316.80,,316.80,,316.80,,339.22,,339.22,,339.22,,339.22,,339.22,
PW,Palau,Zone 10,34.99,,34.99,,36.32,,40.36,,44.47,,51.20,,55.53,,59.87,,64.16,,68.50,,75.89,,80.16,,84.47,,88.74,,93.00,,97.24,,101.49,,105.80,,110.08,,114.35,,126.69,,126.69,,135.16,,135.16,,143.58,,143.58,,152.06,,152.06,,160.48,,160.48,,182.90,,182.90,,182.90,,182.90,,182.90,,205.38,,205.38,,205.38,,205.38,,205.38,,227.80,,227.80,,227.80,,227.80,,227.80,,250.34,,250.34,,250.34,,250.34,,250.34,,272.79,,272.79,,272.79,,272.79,,272.79,,295.29,,295.29,,295.29,,295.29,,295.29,,317.78,,317.78,,317.78,,317.78,,317.78,,340.22,,340.22,,340.22,,340.22,,340.22,
PA,Panama,Zone 10,34.99,,34.99,,36.32,,40.36,,44.47,,51.20,,55.53,,59.87,,64.16,,68.50,,75.89,,80.16,,84.47,,88.74,,93.00,,97.24,,101.49,,105.80,,110.08,,114.35,,126.69,,126.69,,135.16,,135.16,,143.58,,143.58,,152.06,,152.06,,160.48,,160.48,,182.90,,182.90,,182.90,,182.90,,182.90,,205.38,,205.38,,205.38,,205.38,,205.38,,227.80,,227.80,,227.80,,227.80,,227.80,,250.34,,250.34,,250.34,,250.34,,250.34,,272.79,,272.79,,272.79,,272.79,,272.79,,295.29,,295.29,,295.29,,295.29,,295.29,,317.78,,317.78,,317.78,,317.78,,317.78,,340.22,,340.22,,340.22,,340.22,,340.22,
PG,Papua New Guinea,Zone 9,34.94,,34.94,,35.38,,39.98,,44.34,,50.25,,54.76,,59.27,,63.70,,68.21,,76.70,,80.77,,84.95,,89.04,,93.15,,97.88,,102.04,,106.18,,110.32,,114.49,,123.65,,123.65,,132.75,,132.75,,141.82,,141.82,,150.95,,150.95,,160.03,,160.03,,182.39,,182.39,,182.39,,182.39,,182.39,,204.84,,204.84,,204.84,,204.84,,204.84,,227.21,,227.21,,227.21,,227.21,,227.21,,249.60,,249.60,,249.60,,249.60,,249.60,,272.05,,272.05,,272.05,,272.05,,272.05,,294.44,,294.44,,294.44,,294.44,,294.44,,316.80,,316.80,,316.80,,316.80,,316.80,,339.22,,339.22,,339.22,,339.22,,339.22,
PY,Paraguay,Zone 10,34.99,,34.99,,36.32,,40.36,,44.47,,51.20,,55.53,,59.87,,64.16,,68.50,,75.89,,80.16,,84.47,,88.74,,93.00,,97.24,,101.49,,105.80,,110.08,,114.35,,126.69,,126.69,,135.16,,135.16,,143.58,,143.58,,152.06,,152.06,,160.48,,160.48,,182.90,,182.90,,182.90,,182.90,,182.90,,205.38,,205.38,,205.38,,205.38,,205.38,,227.80,,227.80,,227.80,,227.80,,227.80,,250.34,,250.34,,250.34,,250.34,,250.34,,272.79,,272.79,,272.79,,272.79,,272.79,,295.29,,295.29,,295.29,,295.29,,295.29,,317.78,,317.78,,317.78,,317.78,,317.78,,340.22,,340.22,,340.22,,340.22,,340.22,
PE,Peru,Zone 10,34.99,,34.99,,36.32,,40.36,,44.47,,51.20,,55.53,,59.87,,64.16,,68.50,,75.89,,80.16,,84.47,,88.74,,93.00,,97.24,,101.49,,105.80,,110.08,,114.35,,126.69,,126.69,,135.16,,135.16,,143.58,,143.58,,152.06,,152.06,,160.48,,160.48,,182.90,,182.90,,182.90,,182.90,,182.90,,205.38,,205.38,,205.38,,205.38,,205.38,,227.80,,227.80,,227.80,,227.80,,227.80,,250.34,,250.34,,250.34,,250.34,,250.34,,272.79,,272.79,,272.79,,272.79,,272.79,,295.29,,295.29,,295.29,,295.29,,295.29,,317.78,,317.78,,317.78,,317.78,,317.78,,340.22,,340.22,,340.22,,340.22,,340.22,
PH,Philippines,Zone 8,22.68,,22.68,,22.68,,22.68,,22.68,,25.55,,27.62,,29.64,,31.73,,33.75,,38.75,,40.86,,42.98,,45.08,,47.20,,50.75,,52.90,,55.07,,57.24,,59.42,,63.82,,63.82,,68.00,,68.00,,72.18,,72.18,,76.34,,76.34,,80.48,,80.48,,91.15,,91.15,,91.15,,91.15,,91.15,,101.85,,101.85,,101.85,,101.85,,101.85,,112.55,,112.55,,112.55,,112.55,,112.55,,123.24,,123.24,,123.24,,123.24,,123.24,,133.93,,133.93,,133.93,,133.93,,133.93,,144.65,,144.65,,144.65,,144.65,,144.65,,155.30,,155.30,,155.30,,155.30,,155.30,,166.02,,166.02,,166.02,,166.02,,166.02,
PL,Poland (TB),Zone 41,,,,,,,,,,,,,,,,,,,,,,,,,,,,,,,,,,,,,,,,,,,,,,,,,,,,,,,,,,,,,,,,,,,,,,,,,,,,,,,,,,,,,,,,,,,,,,,,,,,,,,,,,,,,,,,,,,,,,,,,,,,,,,,,,,,,,,,,,,,,
PL,Poland (WW),Zone 741,15.14,,15.14,,15.65,,16.96,,18.55,,19.91,,21.12,,22.31,,23.51,,24.71,,26.27,,27.44,,28.56,,29.72,,30.87,,32.01,,33.17,,34.31,,35.45,,36.60,,38.86,,38.86,,40.91,,40.91,,43.01,,43.01,,45.07,,45.07,,47.16,,47.16,,53.47,,53.47,,53.47,,53.47,,53.47,,59.78,,59.78,,59.78,,59.78,,59.78,,66.07,,66.07,,66.07,,66.07,,66.07,,72.36,,72.36,,72.36,,72.36,,72.36,,78.68,,78.68,,78.68,,78.68,,78.68,,84.96,,84.96,,84.96,,84.96,,84.96,,91.25,,91.25,,91.25,,91.25,,91.25,,97.54,,97.54,,97.54,,97.54,,97.54,
FM,"Ponape (Micronesia, Federated States of)",Zone 9,34.94,,34.94,,35.38,,39.98,,44.34,,50.25,,54.76,,59.27,,63.70,,68.21,,76.70,,80.77,,84.95,,89.04,,93.15,,97.88,,102.04,,106.18,,110.32,,114.49,,123.65,,123.65,,132.75,,132.75,,141.82,,141.82,,150.95,,150.95,,160.03,,160.03,,182.39,,182.39,,182.39,,182.39,,182.39,,204.84,,204.84,,204.84,,204.84,,204.84,,227.21,,227.21,,227.21,,227.21,,227.21,,249.60,,249.60,,249.60,,249.60,,249.60,,272.05,,272.05,,272.05,,272.05,,272.05,,294.44,,294.44,,294.44,,294.44,,294.44,,316.80,,316.80,,316.80,,316.80,,316.80,,339.22,,339.22,,339.22,,339.22,,339.22,
PT,Portugal (TB) (excluding Azores and Madeira),Zone 4,34.94,,34.94,,35.38,,39.98,,44.34,,50.25,,54.76,,59.27,,63.70,,68.21,,76.70,,80.77,,84.95,,89.04,,93.15,,97.88,,102.04,,106.18,,110.32,,114.49,,123.65,,123.65,,132.75,,132.75,,141.82,,141.82,,150.95,,150.95,,160.03,,160.03,,182.39,,182.39,,182.39,,182.39,,182.39,,204.84,,204.84,,204.84,,204.84,,204.84,,227.21,,227.21,,227.21,,227.21,,227.21,,249.60,,249.60,,249.60,,249.60,,249.60,,272.05,,272.05,,272.05,,272.05,,272.05,,294.44,,294.44,,294.44,,294.44,,294.44,,316.80,,316.80,,316.80,,316.80,,316.80,,339.22,,339.22,,339.22,,339.22,,339.22,
PT,Portugal (WW) (excluding Azores and Madeira),Zone 704,10.58,,10.58,,10.75,,11.88,,12.99,,15.37,,16.52,,17.65,,18.82,,19.97,,23.27,,24.22,,25.18,,26.18,,27.14,,29.54,,30.56,,31.56,,32.60,,33.63,,38.81,,38.81,,40.85,,40.85,,42.86,,42.86,,44.89,,44.89,,46.91,,46.91,,53.30,,53.30,,53.30,,53.30,,53.30,,59.71,,59.71,,59.71,,59.71,,59.71,,66.10,,66.10,,66.10,,66.10,,66.10,,72.52,,72.52,,72.52,,72.52,,72.52,,78.93,,78.93,,78.93,,78.93,,78.93,,85.31,,85.31,,85.31,,85.31,,85.31,,91.71,,91.71,,91.71,,91.71,,91.71,,98.11,,98.11,,98.11,,98.11,,98.11,
PR,Puerto Rico,Zone 7,17.62,,17.62,,17.62,,17.62,,17.62,,21.16,,22.55,,24.00,,25.38,,26.77,,32.01,,33.40,,34.82,,36.24,,37.67,,41.66,,43.09,,44.62,,46.14,,47.65,,60.97,,60.97,,64.28,,64.28,,67.51,,67.51,,70.78,,70.78,,74.05,,74.05,,84.65,,84.65,,84.65,,84.65,,84.65,,95.06,,95.06,,95.06,,95.06,,95.06,,105.47,,105.47,,105.47,,105.47,,105.47,,115.88,,115.88,,115.88,,115.88,,115.88,,126.29,,126.29,,126.29,,126.29,,126.29,,136.74,,136.74,,136.74,,136.74,,136.74,,147.15,,147.15,,147.15,,147.15,,147.15,,157.51,,157.51,,157.51,,157.51,,157.51,
QA,Qatar,Zone 9,34.94,,34.94,,35.38,,39.98,,44.34,,50.25,,54.76,,59.27,,63.70,,68.21,,76.70,,80.77,,84.95,,89.04,,93.15,,97.88,,102.04,,106.18,,110.32,,114.49,,123.65,,123.65,,132.75,,132.75,,141.82,,141.82,,150.95,,150.95,,160.03,,160.03,,182.39,,182.39,,182.39,,182.39,,182.39,,204.84,,204.84,,204.84,,204.84,,204.84,,227.21,,227.21,,227.21,,227.21,,227.21,,249.60,,249.60,,249.60,,249.60,,249.60,,272.05,,272.05,,272.05,,272.05,,272.05,,294.44,,294.44,,294.44,,294.44,,294.44,,316.80,,316.80,,316.80,,316.80,,316.80,,339.22,,339.22,,339.22,,339.22,,339.22,
RE,Reunion,Zone 10,34.99,,34.99,,36.32,,40.36,,44.47,,51.20,,55.53,,59.87,,64.16,,68.50,,75.89,,80.16,,84.47,,88.74,,93.00,,97.24,,101.49,,105.80,,110.08,,114.35,,126.69,,126.69,,135.16,,135.16,,143.58,,143.58,,152.06,,152.06,,160.48,,160.48,,182.90,,182.90,,182.90,,182.90,,182.90,,205.38,,205.38,,205.38,,205.38,,205.38,,227.80,,227.80,,227.80,,227.80,,227.80,,250.34,,250.34,,250.34,,250.34,,250.34,,272.79,,272.79,,272.79,,272.79,,272.79,,295.29,,295.29,,295.29,,295.29,,295.29,,317.78,,317.78,,317.78,,317.78,,317.78,,340.22,,340.22,,340.22,,340.22,,340.22,
RO,Romania (TB),Zone 42,,,,,,,,,,,,,,,,,,,,,,,,,,,,,,,,,,,,,,,,,,,,,,,,,,,,,,,,,,,,,,,,,,,,,,,,,,,,,,,,,,,,,,,,,,,,,,,,,,,,,,,,,,,,,,,,,,,,,,,,,,,,,,,,,,,,,,,,,,,,
RO,Romania (WW),Zone 742,28.36,,28.36,,30.22,,33.03,,35.66,,38.67,,41.06,,43.48,,45.90,,48.33,,52.65,,54.98,,57.32,,59.65,,61.94,,65.00,,67.40,,69.75,,72.11,,74.46,,80.79,,80.79,,85.01,,85.01,,89.17,,89.17,,93.42,,93.42,,97.56,,97.56,,110.96,,110.96,,110.96,,110.96,,110.96,,123.98,,123.98,,123.98,,123.98,,123.98,,137.06,,137.06,,137.06,,137.06,,137.06,,150.17,,150.17,,150.17,,150.17,,150.17,,163.19,,163.19,,163.19,,163.19,,163.19,,176.30,,176.30,,176.30,,176.30,,176.30,,189.32,,189.32,,189.32,,189.32,,189.32,,202.38,,202.38,,202.38,,202.38,,202.38,
MP,Rota (Northern Mariana Islands),Zone 9,34.94,,34.94,,35.38,,39.98,,44.34,,50.25,,54.76,,59.27,,63.70,,68.21,,76.70,,80.77,,84.95,,89.04,,93.15,,97.88,,102.04,,106.18,,110.32,,114.49,,123.65,,123.65,,132.75,,132.75,,141.82,,141.82,,150.95,,150.95,,160.03,,160.03,,182.39,,182.39,,182.39,,182.39,,182.39,,204.84,,204.84,,204.84,,204.84,,204.84,,227.21,,227.21,,227.21,,227.21,,227.21,,249.60,,249.60,,249.60,,249.60,,249.60,,272.05,,272.05,,272.05,,272.05,,272.05,,294.44,,294.44,,294.44,,294.44,,294.44,,316.80,,316.80,,316.80,,316.80,,316.80,,339.22,,339.22,,339.22,,339.22,,339.22,
RU,Russia,Zone 5,33.02,,33.02,,35.29,,38.12,,41.41,,43.94,,46.49,,49.01,,51.56,,54.07,,58.11,,60.66,,63.24,,65.74,,68.28,,71.06,,73.56,,76.13,,78.66,,81.22,,86.03,,86.03,,90.65,,90.65,,95.33,,95.33,,99.93,,99.93,,104.63,,104.63,,118.54,,118.54,,118.54,,118.54,,118.54,,132.49,,132.49,,132.49,,132.49,,132.49,,146.43,,146.43,,146.43,,146.43,,146.43,,160.36,,160.36,,160.36,,160.36,,160.36,,174.29,,174.29,,174.29,,174.29,,174.29,,188.22,,188.22,,188.22,,188.22,,188.22,,202.17,,202.17,,202.17,,202.17,,202.17,,216.12,,216.12,,216.12,,216.12,,216.12,
RU,Russia,Zone 5,33.02,,33.02,,35.29,,38.12,,41.41,,43.94,,46.49,,49.01,,51.56,,54.07,,58.11,,60.66,,63.24,,65.74,,68.28,,71.06,,73.56,,76.13,,78.66,,81.22,,86.03,,86.03,,90.65,,90.65,,95.33,,95.33,,99.93,,99.93,,104.63,,104.63,,118.54,,118.54,,118.54,,118.54,,118.54,,132.49,,132.49,,132.49,,132.49,,132.49,,146.43,,146.43,,146.43,,146.43,,146.43,,160.36,,160.36,,160.36,,160.36,,160.36,,174.29,,174.29,,174.29,,174.29,,174.29,,188.22,,188.22,,188.22,,188.22,,188.22,,202.17,,202.17,,202.17,,202.17,,202.17,,216.12,,216.12,,216.12,,216.12,,216.12,
RU,Russia - Other locations,Zone 8,22.68,,22.68,,22.68,,22.68,,22.68,,25.55,,27.62,,29.64,,31.73,,33.75,,38.75,,40.86,,42.98,,45.08,,47.20,,50.75,,52.90,,55.07,,57.24,,59.42,,63.82,,63.82,,68.00,,68.00,,72.18,,72.18,,76.34,,76.34,,80.48,,80.48,,91.15,,91.15,,91.15,,91.15,,91.15,,101.85,,101.85,,101.85,,101.85,,101.85,,112.55,,112.55,,112.55,,112.55,,112.55,,123.24,,123.24,,123.24,,123.24,,123.24,,133.93,,133.93,,133.93,,133.93,,133.93,,144.65,,144.65,,144.65,,144.65,,144.65,,155.30,,155.30,,155.30,,155.30,,155.30,,166.02,,166.02,,166.02,,166.02,,166.02,
RW,Rwanda,Zone 10,34.99,,34.99,,36.32,,40.36,,44.47,,51.20,,55.53,,59.87,,64.16,,68.50,,75.89,,80.16,,84.47,,88.74,,93.00,,97.24,,101.49,,105.80,,110.08,,114.35,,126.69,,126.69,,135.16,,135.16,,143.58,,143.58,,152.06,,152.06,,160.48,,160.48,,182.90,,182.90,,182.90,,182.90,,182.90,,205.38,,205.38,,205.38,,205.38,,205.38,,227.80,,227.80,,227.80,,227.80,,227.80,,250.34,,250.34,,250.34,,250.34,,250.34,,272.79,,272.79,,272.79,,272.79,,272.79,,295.29,,295.29,,295.29,,295.29,,295.29,,317.78,,317.78,,317.78,,317.78,,317.78,,340.22,,340.22,,340.22,,340.22,,340.22,
BQ,Saba,Zone 9,34.94,,34.94,,35.38,,39.98,,44.34,,50.25,,54.76,,59.27,,63.70,,68.21,,76.70,,80.77,,84.95,,89.04,,93.15,,97.88,,102.04,,106.18,,110.32,,114.49,,123.65,,123.65,,132.75,,132.75,,141.82,,141.82,,150.95,,150.95,,160.03,,160.03,,182.39,,182.39,,182.39,,182.39,,182.39,,204.84,,204.84,,204.84,,204.84,,204.84,,227.21,,227.21,,227.21,,227.21,,227.21,,249.60,,249.60,,249.60,,249.60,,249.60,,272.05,,272.05,,272.05,,272.05,,272.05,,294.44,,294.44,,294.44,,294.44,,294.44,,316.80,,316.80,,316.80,,316.80,,316.80,,339.22,,339.22,,339.22,,339.22,,339.22,
MP,Saipan (Northern Mariana Islands),Zone 9,34.94,,34.94,,35.38,,39.98,,44.34,,50.25,,54.76,,59.27,,63.70,,68.21,,76.70,,80.77,,84.95,,89.04,,93.15,,97.88,,102.04,,106.18,,110.32,,114.49,,123.65,,123.65,,132.75,,132.75,,141.82,,141.82,,150.95,,150.95,,160.03,,160.03,,182.39,,182.39,,182.39,,182.39,,182.39,,204.84,,204.84,,204.84,,204.84,,204.84,,227.21,,227.21,,227.21,,227.21,,227.21,,249.60,,249.60,,249.60,,249.60,,249.60,,272.05,,272.05,,272.05,,272.05,,272.05,,294.44,,294.44,,294.44,,294.44,,294.44,,316.80,,316.80,,316.80,,316.80,,316.80,,339.22,,339.22,,339.22,,339.22,,339.22,
WS,Samoa,Zone 9,34.94,,34.94,,35.38,,39.98,,44.34,,50.25,,54.76,,59.27,,63.70,,68.21,,76.70,,80.77,,84.95,,89.04,,93.15,,97.88,,102.04,,106.18,,110.32,,114.49,,123.65,,123.65,,132.75,,132.75,,141.82,,141.82,,150.95,,150.95,,160.03,,160.03,,182.39,,182.39,,182.39,,182.39,,182.39,,204.84,,204.84,,204.84,,204.84,,204.84,,227.21,,227.21,,227.21,,227.21,,227.21,,249.60,,249.60,,249.60,,249.60,,249.60,,272.05,,272.05,,272.05,,272.05,,272.05,,294.44,,294.44,,294.44,,294.44,,294.44,,316.80,,316.80,,316.80,,316.80,,316.80,,339.22,,339.22,,339.22,,339.22,,339.22,
SM,San Marino,Zone 5,33.02,,33.02,,35.29,,38.12,,41.41,,43.94,,46.49,,49.01,,51.56,,54.07,,58.11,,60.66,,63.24,,65.74,,68.28,,71.06,,73.56,,76.13,,78.66,,81.22,,86.03,,86.03,,90.65,,90.65,,95.33,,95.33,,99.93,,99.93,,104.63,,104.63,,118.54,,118.54,,118.54,,118.54,,118.54,,132.49,,132.49,,132.49,,132.49,,132.49,,146.43,,146.43,,146.43,,146.43,,146.43,,160.36,,160.36,,160.36,,160.36,,160.36,,174.29,,174.29,,174.29,,174.29,,174.29,,188.22,,188.22,,188.22,,188.22,,188.22,,202.17,,202.17,,202.17,,202.17,,202.17,,216.12,,216.12,,216.12,,216.12,,216.12,
ST,Sao Tome and Principe,Zone 10,34.99,,34.99,,36.32,,40.36,,44.47,,51.20,,55.53,,59.87,,64.16,,68.50,,75.89,,80.16,,84.47,,88.74,,93.00,,97.24,,101.49,,105.80,,110.08,,114.35,,126.69,,126.69,,135.16,,135.16,,143.58,,143.58,,152.06,,152.06,,160.48,,160.48,,182.90,,182.90,,182.90,,182.90,,182.90,,205.38,,205.38,,205.38,,205.38,,205.38,,227.80,,227.80,,227.80,,227.80,,227.80,,250.34,,250.34,,250.34,,250.34,,250.34,,272.79,,272.79,,272.79,,272.79,,272.79,,295.29,,295.29,,295.29,,295.29,,295.29,,317.78,,317.78,,317.78,,317.78,,317.78,,340.22,,340.22,,340.22,,340.22,,340.22,
SA,Saudi Arabia,Zone 9,34.94,,34.94,,35.38,,39.98,,44.34,,50.25,,54.76,,59.27,,63.70,,68.21,,76.70,,80.77,,84.95,,89.04,,93.15,,97.88,,102.04,,106.18,,110.32,,114.49,,123.65,,123.65,,132.75,,132.75,,141.82,,141.82,,150.95,,150.95,,160.03,,160.03,,182.39,,182.39,,182.39,,182.39,,182.39,,204.84,,204.84,,204.84,,204.84,,204.84,,227.21,,227.21,,227.21,,227.21,,227.21,,249.60,,249.60,,249.60,,249.60,,249.60,,272.05,,272.05,,272.05,,272.05,,272.05,,294.44,,294.44,,294.44,,294.44,,294.44,,316.80,,316.80,,316.80,,316.80,,316.80,,339.22,,339.22,,339.22,,339.22,,339.22,
GB,Scotland,Zone 1,6.25,,6.25,,6.25,,6.25,,6.25,,6.25,,6.25,,6.25,,6.25,,6.25,,6.25,,6.25,,6.25,,6.25,,6.25,,7.20,,7.20,,7.20,,7.20,,7.20,,8.68,,8.68,,8.68,,8.68,,8.68,,8.68,,8.68,,8.68,,8.68,,8.68,,9.58,,9.58,,9.58,,9.58,,9.58,,10.47,,10.47,,10.47,,10.47,,10.47,,11.37,,11.37,,11.37,,11.37,,11.37,,12.27,,12.27,,12.27,,12.27,,12.27,,13.18,,13.18,,13.18,,13.18,,13.18,,14.09,,14.09,,14.09,,14.09,,14.09,,15.00,,15.00,,15.00,,15.00,,15.00,,15.89,,15.89,,15.89,,15.89,,15.89,
SN,Senegal,Zone 10,34.99,,34.99,,36.32,,40.36,,44.47,,51.20,,55.53,,59.87,,64.16,,68.50,,75.89,,80.16,,84.47,,88.74,,93.00,,97.24,,101.49,,105.80,,110.08,,114.35,,126.69,,126.69,,135.16,,135.16,,143.58,,143.58,,152.06,,152.06,,160.48,,160.48,,182.90,,182.90,,182.90,,182.90,,182.90,,205.38,,205.38,,205.38,,205.38,,205.38,,227.80,,227.80,,227.80,,227.80,,227.80,,250.34,,250.34,,250.34,,250.34,,250.34,,272.79,,272.79,,272.79,,272.79,,272.79,,295.29,,295.29,,295.29,,295.29,,295.29,,317.78,,317.78,,317.78,,317.78,,317.78,,340.22,,340.22,,340.22,,340.22,,340.22,
RS,Serbia,Zone 5,33.02,,33.02,,35.29,,38.12,,41.41,,43.94,,46.49,,49.01,,51.56,,54.07,,58.11,,60.66,,63.24,,65.74,,68.28,,71.06,,73.56,,76.13,,78.66,,81.22,,86.03,,86.03,,90.65,,90.65,,95.33,,95.33,,99.93,,99.93,,104.63,,104.63,,118.54,,118.54,,118.54,,118.54,,118.54,,132.49,,132.49,,132.49,,132.49,,132.49,,146.43,,146.43,,146.43,,146.43,,146.43,,160.36,,160.36,,160.36,,160.36,,160.36,,174.29,,174.29,,174.29,,174.29,,174.29,,188.22,,188.22,,188.22,,188.22,,188.22,,202.17,,202.17,,202.17,,202.17,,202.17,,216.12,,216.12,,216.12,,216.12,,216.12,
SC,Seychelles,Zone 10,34.99,,34.99,,36.32,,40.36,,44.47,,51.20,,55.53,,59.87,,64.16,,68.50,,75.89,,80.16,,84.47,,88.74,,93.00,,97.24,,101.49,,105.80,,110.08,,114.35,,126.69,,126.69,,135.16,,135.16,,143.58,,143.58,,152.06,,152.06,,160.48,,160.48,,182.90,,182.90,,182.90,,182.90,,182.90,,205.38,,205.38,,205.38,,205.38,,205.38,,227.80,,227.80,,227.80,,227.80,,227.80,,250.34,,250.34,,250.34,,250.34,,250.34,,272.79,,272.79,,272.79,,272.79,,272.79,,295.29,,295.29,,295.29,,295.29,,295.29,,317.78,,317.78,,317.78,,317.78,,317.78,,340.22,,340.22,,340.22,,340.22,,340.22,
SL,Sierra Leone,Zone 10,34.99,,34.99,,36.32,,40.36,,44.47,,51.20,,55.53,,59.87,,64.16,,68.50,,75.89,,80.16,,84.47,,88.74,,93.00,,97.24,,101.49,,105.80,,110.08,,114.35,,126.69,,126.69,,135.16,,135.16,,143.58,,143.58,,152.06,,152.06,,160.48,,160.48,,182.90,,182.90,,182.90,,182.90,,182.90,,205.38,,205.38,,205.38,,205.38,,205.38,,227.80,,227.80,,227.80,,227.80,,227.80,,250.34,,250.34,,250.34,,250.34,,250.34,,272.79,,272.79,,272.79,,272.79,,272.79,,295.29,,295.29,,295.29,,295.29,,295.29,,317.78,,317.78,,317.78,,317.78,,317.78,,340.22,,340.22,,340.22,,340.22,,340.22,
SG,Singapore,Zone 8,22.68,,22.68,,22.68,,22.68,,22.68,,25.55,,27.62,,29.64,,31.73,,33.75,,38.75,,40.86,,42.98,,45.08,,47.20,,50.75,,52.90,,55.07,,57.24,,59.42,,63.82,,63.82,,68.00,,68.00,,72.18,,72.18,,76.34,,76.34,,80.48,,80.48,,91.15,,91.15,,91.15,,91.15,,91.15,,101.85,,101.85,,101.85,,101.85,,101.85,,112.55,,112.55,,112.55,,112.55,,112.55,,123.24,,123.24,,123.24,,123.24,,123.24,,133.93,,133.93,,133.93,,133.93,,133.93,,144.65,,144.65,,144.65,,144.65,,144.65,,155.30,,155.30,,155.30,,155.30,,155.30,,166.02,,166.02,,166.02,,166.02,,166.02,
SK,Slovak Republic (TB),Zone 41,,,,,,,,,,,,,,,,,,,,,,,,,,,,,,,,,,,,,,,,,,,,,,,,,,,,,,,,,,,,,,,,,,,,,,,,,,,,,,,,,,,,,,,,,,,,,,,,,,,,,,,,,,,,,,,,,,,,,,,,,,,,,,,,,,,,,,,,,,,,
SK,Slovak Republic (WW),Zone 741,15.14,,15.14,,15.65,,16.96,,18.55,,19.91,,21.12,,22.31,,23.51,,24.71,,26.27,,27.44,,28.56,,29.72,,30.87,,32.01,,33.17,,34.31,,35.45,,36.60,,38.86,,38.86,,40.91,,40.91,,43.01,,43.01,,45.07,,45.07,,47.16,,47.16,,53.47,,53.47,,53.47,,53.47,,53.47,,59.78,,59.78,,59.78,,59.78,,59.78,,66.07,,66.07,,66.07,,66.07,,66.07,,72.36,,72.36,,72.36,,72.36,,72.36,,78.68,,78.68,,78.68,,78.68,,78.68,,84.96,,84.96,,84.96,,84.96,,84.96,,91.25,,91.25,,91.25,,91.25,,91.25,,97.54,,97.54,,97.54,,97.54,,97.54,
SK,Slovakia (TB),Zone 41,,,,,,,,,,,,,,,,,,,,,,,,,,,,,,,,,,,,,,,,,,,,,,,,,,,,,,,,,,,,,,,,,,,,,,,,,,,,,,,,,,,,,,,,,,,,,,,,,,,,,,,,,,,,,,,,,,,,,,,,,,,,,,,,,,,,,,,,,,,,
SK,Slovakia (WW),Zone 741,15.14,,15.14,,15.65,,16.96,,18.55,,19.91,,21.12,,22.31,,23.51,,24.71,,26.27,,27.44,,28.56,,29.72,,30.87,,32.01,,33.17,,34.31,,35.45,,36.60,,38.86,,38.86,,40.91,,40.91,,43.01,,43.01,,45.07,,45.07,,47.16,,47.16,,53.47,,53.47,,53.47,,53.47,,53.47,,59.78,,59.78,,59.78,,59.78,,59.78,,66.07,,66.07,,66.07,,66.07,,66.07,,72.36,,72.36,,72.36,,72.36,,72.36,,78.68,,78.68,,78.68,,78.68,,78.68,,84.96,,84.96,,84.96,,84.96,,84.96,,91.25,,91.25,,91.25,,91.25,,91.25,,97.54,,97.54,,97.54,,97.54,,97.54,
SI,Slovenia (TB),Zone 41,,,,,,,,,,,,,,,,,,,,,,,,,,,,,,,,,,,,,,,,,,,,,,,,,,,,,,,,,,,,,,,,,,,,,,,,,,,,,,,,,,,,,,,,,,,,,,,,,,,,,,,,,,,,,,,,,,,,,,,,,,,,,,,,,,,,,,,,,,,,
SI,Slovenia (WW),Zone 741,15.14,,15.14,,15.65,,16.96,,18.55,,19.91,,21.12,,22.31,,23.51,,24.71,,26.27,,27.44,,28.56,,29.72,,30.87,,32.01,,33.17,,34.31,,35.45,,36.60,,38.86,,38.86,,40.91,,40.91,,43.01,,43.01,,45.07,,45.07,,47.16,,47.16,,53.47,,53.47,,53.47,,53.47,,53.47,,59.78,,59.78,,59.78,,59.78,,59.78,,66.07,,66.07,,66.07,,66.07,,66.07,,72.36,,72.36,,72.36,,72.36,,72.36,,78.68,,78.68,,78.68,,78.68,,78.68,,84.96,,84.96,,84.96,,84.96,,84.96,,91.25,,91.25,,91.25,,91.25,,91.25,,97.54,,97.54,,97.54,,97.54,,97.54,
SB,Solomon Islands,Zone 9,34.94,,34.94,,35.38,,39.98,,44.34,,50.25,,54.76,,59.27,,63.70,,68.21,,76.70,,80.77,,84.95,,89.04,,93.15,,97.88,,102.04,,106.18,,110.32,,114.49,,123.65,,123.65,,132.75,,132.75,,141.82,,141.82,,150.95,,150.95,,160.03,,160.03,,182.39,,182.39,,182.39,,182.39,,182.39,,204.84,,204.84,,204.84,,204.84,,204.84,,227.21,,227.21,,227.21,,227.21,,227.21,,249.60,,249.60,,249.60,,249.60,,249.60,,272.05,,272.05,,272.05,,272.05,,272.05,,294.44,,294.44,,294.44,,294.44,,294.44,,316.80,,316.80,,316.80,,316.80,,316.80,,339.22,,339.22,,339.22,,339.22,,339.22,
ZA,South Africa,Zone 8,22.68,,22.68,,22.68,,22.68,,22.68,,25.55,,27.62,,29.64,,31.73,,33.75,,38.75,,40.86,,42.98,,45.08,,47.20,,50.75,,52.90,,55.07,,57.24,,59.42,,63.82,,63.82,,68.00,,68.00,,72.18,,72.18,,76.34,,76.34,,80.48,,80.48,,91.15,,91.15,,91.15,,91.15,,91.15,,101.85,,101.85,,101.85,,101.85,,101.85,,112.55,,112.55,,112.55,,112.55,,112.55,,123.24,,123.24,,123.24,,123.24,,123.24,,133.93,,133.93,,133.93,,133.93,,133.93,,144.65,,144.65,,144.65,,144.65,,144.65,,155.30,,155.30,,155.30,,155.30,,155.30,,166.02,,166.02,,166.02,,166.02,,166.02,
ES,"Spain (TB) (excluding Canary Islands, Ceuta and Melilla)",Zone 4,34.94,,34.94,,35.38,,39.98,,44.34,,50.25,,54.76,,59.27,,63.70,,68.21,,76.70,,80.77,,84.95,,89.04,,93.15,,97.88,,102.04,,106.18,,110.32,,114.49,,123.65,,123.65,,132.75,,132.75,,141.82,,141.82,,150.95,,150.95,,160.03,,160.03,,182.39,,182.39,,182.39,,182.39,,182.39,,204.84,,204.84,,204.84,,204.84,,204.84,,227.21,,227.21,,227.21,,227.21,,227.21,,249.60,,249.60,,249.60,,249.60,,249.60,,272.05,,272.05,,272.05,,272.05,,272.05,,294.44,,294.44,,294.44,,294.44,,294.44,,316.80,,316.80,,316.80,,316.80,,316.80,,339.22,,339.22,,339.22,,339.22,,339.22,
ES,"Spain (WW) (excluding Canary Islands, Ceuta and Melilla)",Zone 704,10.58,,10.58,,10.75,,11.88,,12.99,,15.37,,16.52,,17.65,,18.82,,19.97,,23.27,,24.22,,25.18,,26.18,,27.14,,29.54,,30.56,,31.56,,32.60,,33.63,,38.81,,38.81,,40.85,,40.85,,42.86,,42.86,,44.89,,44.89,,46.91,,46.91,,53.30,,53.30,,53.30,,53.30,,53.30,,59.71,,59.71,,59.71,,59.71,,59.71,,66.10,,66.10,,66.10,,66.10,,66.10,,72.52,,72.52,,72.52,,72.52,,72.52,,78.93,,78.93,,78.93,,78.93,,78.93,,85.31,,85.31,,85.31,,85.31,,85.31,,91.71,,91.71,,91.71,,91.71,,91.71,,98.11,,98.11,,98.11,,98.11,,98.11,
LK,Sri Lanka,Zone 9,34.94,,34.94,,35.38,,39.98,,44.34,,50.25,,54.76,,59.27,,63.70,,68.21,,76.70,,80.77,,84.95,,89.04,,93.15,,97.88,,102.04,,106.18,,110.32,,114.49,,123.65,,123.65,,132.75,,132.75,,141.82,,141.82,,150.95,,150.95,,160.03,,160.03,,182.39,,182.39,,182.39,,182.39,,182.39,,204.84,,204.84,,204.84,,204.84,,204.84,,227.21,,227.21,,227.21,,227.21,,227.21,,249.60,,249.60,,249.60,,249.60,,249.60,,272.05,,272.05,,272.05,,272.05,,272.05,,294.44,,294.44,,294.44,,294.44,,294.44,,316.80,,316.80,,316.80,,316.80,,316.80,,339.22,,339.22,,339.22,,339.22,,339.22,
BL,St. Barthelemy,Zone 9,34.94,,34.94,,35.38,,39.98,,44.34,,50.25,,54.76,,59.27,,63.70,,68.21,,76.70,,80.77,,84.95,,89.04,,93.15,,97.88,,102.04,,106.18,,110.32,,114.49,,123.65,,123.65,,132.75,,132.75,,141.82,,141.82,,150.95,,150.95,,160.03,,160.03,,182.39,,182.39,,182.39,,182.39,,182.39,,204.84,,204.84,,204.84,,204.84,,204.84,,227.21,,227.21,,227.21,,227.21,,227.21,,249.60,,249.60,,249.60,,249.60,,249.60,,272.05,,272.05,,272.05,,272.05,,272.05,,294.44,,294.44,,294.44,,294.44,,294.44,,316.80,,316.80,,316.80,,316.80,,316.80,,339.22,,339.22,,339.22,,339.22,,339.22,
KN,St. Christopher (St. Kitts),Zone 9,34.94,,34.94,,35.38,,39.98,,44.34,,50.25,,54.76,,59.27,,63.70,,68.21,,76.70,,80.77,,84.95,,89.04,,93.15,,97.88,,102.04,,106.18,,110.32,,114.49,,123.65,,123.65,,132.75,,132.75,,141.82,,141.82,,150.95,,150.95,,160.03,,160.03,,182.39,,182.39,,182.39,,182.39,,182.39,,204.84,,204.84,,204.84,,204.84,,204.84,,227.21,,227.21,,227.21,,227.21,,227.21,,249.60,,249.60,,249.60,,249.60,,249.60,,272.05,,272.05,,272.05,,272.05,,272.05,,294.44,,294.44,,294.44,,294.44,,294.44,,316.80,,316.80,,316.80,,316.80,,316.80,,339.22,,339.22,,339.22,,339.22,,339.22,
VI,St. Croix (US Virgin Islands),Zone 9,34.94,,34.94,,35.38,,39.98,,44.34,,50.25,,54.76,,59.27,,63.70,,68.21,,76.70,,80.77,,84.95,,89.04,,93.15,,97.88,,102.04,,106.18,,110.32,,114.49,,123.65,,123.65,,132.75,,132.75,,141.82,,141.82,,150.95,,150.95,,160.03,,160.03,,182.39,,182.39,,182.39,,182.39,,182.39,,204.84,,204.84,,204.84,,204.84,,204.84,,227.21,,227.21,,227.21,,227.21,,227.21,,249.60,,249.60,,249.60,,249.60,,249.60,,272.05,,272.05,,272.05,,272.05,,272.05,,294.44,,294.44,,294.44,,294.44,,294.44,,316.80,,316.80,,316.80,,316.80,,316.80,,339.22,,339.22,,339.22,,339.22,,339.22,
BQ,St. Eustatius,Zone 9,34.94,,34.94,,35.38,,39.98,,44.34,,50.25,,54.76,,59.27,,63.70,,68.21,,76.70,,80.77,,84.95,,89.04,,93.15,,97.88,,102.04,,106.18,,110.32,,114.49,,123.65,,123.65,,132.75,,132.75,,141.82,,141.82,,150.95,,150.95,,160.03,,160.03,,182.39,,182.39,,182.39,,182.39,,182.39,,204.84,,204.84,,204.84,,204.84,,204.84,,227.21,,227.21,,227.21,,227.21,,227.21,,249.60,,249.60,,249.60,,249.60,,249.60,,272.05,,272.05,,272.05,,272.05,,272.05,,294.44,,294.44,,294.44,,294.44,,294.44,,316.80,,316.80,,316.80,,316.80,,316.80,,339.22,,339.22,,339.22,,339.22,,339.22,
VI,St. John (US Virgin Islands),Zone 9,34.94,,34.94,,35.38,,39.98,,44.34,,50.25,,54.76,,59.27,,63.70,,68.21,,76.70,,80.77,,84.95,,89.04,,93.15,,97.88,,102.04,,106.18,,110.32,,114.49,,123.65,,123.65,,132.75,,132.75,,141.82,,141.82,,150.95,,150.95,,160.03,,160.03,,182.39,,182.39,,182.39,,182.39,,182.39,,204.84,,204.84,,204.84,,204.84,,204.84,,227.21,,227.21,,227.21,,227.21,,227.21,,249.60,,249.60,,249.60,,249.60,,249.60,,272.05,,272.05,,272.05,,272.05,,272.05,,294.44,,294.44,,294.44,,294.44,,294.44,,316.80,,316.80,,316.80,,316.80,,316.80,,339.22,,339.22,,339.22,,339.22,,339.22,
KN,St. Kitts (St. Christopher),Zone 9,34.94,,34.94,,35.38,,39.98,,44.34,,50.25,,54.76,,59.27,,63.70,,68.21,,76.70,,80.77,,84.95,,89.04,,93.15,,97.88,,102.04,,106.18,,110.32,,114.49,,123.65,,123.65,,132.75,,132.75,,141.82,,141.82,,150.95,,150.95,,160.03,,160.03,,182.39,,182.39,,182.39,,182.39,,182.39,,204.84,,204.84,,204.84,,204.84,,204.84,,227.21,,227.21,,227.21,,227.21,,227.21,,249.60,,249.60,,249.60,,249.60,,249.60,,272.05,,272.05,,272.05,,272.05,,272.05,,294.44,,294.44,,294.44,,294.44,,294.44,,316.80,,316.80,,316.80,,316.80,,316.80,,339.22,,339.22,,339.22,,339.22,,339.22,
LC,St. Lucia,Zone 9,34.94,,34.94,,35.38,,39.98,,44.34,,50.25,,54.76,,59.27,,63.70,,68.21,,76.70,,80.77,,84.95,,89.04,,93.15,,97.88,,102.04,,106.18,,110.32,,114.49,,123.65,,123.65,,132.75,,132.75,,141.82,,141.82,,150.95,,150.95,,160.03,,160.03,,182.39,,182.39,,182.39,,182.39,,182.39,,204.84,,204.84,,204.84,,204.84,,204.84,,227.21,,227.21,,227.21,,227.21,,227.21,,249.60,,249.60,,249.60,,249.60,,249.60,,272.05,,272.05,,272.05,,272.05,,272.05,,294.44,,294.44,,294.44,,294.44,,294.44,,316.80,,316.80,,316.80,,316.80,,316.80,,339.22,,339.22,,339.22,,339.22,,339.22,
SX,St. Maarten,Zone 9,34.94,,34.94,,35.38,,39.98,,44.34,,50.25,,54.76,,59.27,,63.70,,68.21,,76.70,,80.77,,84.95,,89.04,,93.15,,97.88,,102.04,,106.18,,110.32,,114.49,,123.65,,123.65,,132.75,,132.75,,141.82,,141.82,,150.95,,150.95,,160.03,,160.03,,182.39,,182.39,,182.39,,182.39,,182.39,,204.84,,204.84,,204.84,,204.84,,204.84,,227.21,,227.21,,227.21,,227.21,,227.21,,249.60,,249.60,,249.60,,249.60,,249.60,,272.05,,272.05,,272.05,,272.05,,272.05,,294.44,,294.44,,294.44,,294.44,,294.44,,316.80,,316.80,,316.80,,316.80,,316.80,,339.22,,339.22,,339.22,,339.22,,339.22,
SX,St. Martin (Guadeloupe),Zone 9,34.94,,34.94,,35.38,,39.98,,44.34,,50.25,,54.76,,59.27,,63.70,,68.21,,76.70,,80.77,,84.95,,89.04,,93.15,,97.88,,102.04,,106.18,,110.32,,114.49,,123.65,,123.65,,132.75,,132.75,,141.82,,141.82,,150.95,,150.95,,160.03,,160.03,,182.39,,182.39,,182.39,,182.39,,182.39,,204.84,,204.84,,204.84,,204.84,,204.84,,227.21,,227.21,,227.21,,227.21,,227.21,,249.60,,249.60,,249.60,,249.60,,249.60,,272.05,,272.05,,272.05,,272.05,,272.05,,294.44,,294.44,,294.44,,294.44,,294.44,,316.80,,316.80,,316.80,,316.80,,316.80,,339.22,,339.22,,339.22,,339.22,,339.22,
VI,St. Thomas (US Virgin Islands),Zone 9,34.94,,34.94,,35.38,,39.98,,44.34,,50.25,,54.76,,59.27,,63.70,,68.21,,76.70,,80.77,,84.95,,89.04,,93.15,,97.88,,102.04,,106.18,,110.32,,114.49,,123.65,,123.65,,132.75,,132.75,,141.82,,141.82,,150.95,,150.95,,160.03,,160.03,,182.39,,182.39,,182.39,,182.39,,182.39,,204.84,,204.84,,204.84,,204.84,,204.84,,227.21,,227.21,,227.21,,227.21,,227.21,,249.60,,249.60,,249.60,,249.60,,249.60,,272.05,,272.05,,272.05,,272.05,,272.05,,294.44,,294.44,,294.44,,294.44,,294.44,,316.80,,316.80,,316.80,,316.80,,316.80,,339.22,,339.22,,339.22,,339.22,,339.22,
VC,St. Vincent and the Grenadines,Zone 9,34.94,,34.94,,35.38,,39.98,,44.34,,50.25,,54.76,,59.27,,63.70,,68.21,,76.70,,80.77,,84.95,,89.04,,93.15,,97.88,,102.04,,106.18,,110.32,,114.49,,123.65,,123.65,,132.75,,132.75,,141.82,,141.82,,150.95,,150.95,,160.03,,160.03,,182.39,,182.39,,182.39,,182.39,,182.39,,204.84,,204.84,,204.84,,204.84,,204.84,,227.21,,227.21,,227.21,,227.21,,227.21,,249.60,,249.60,,249.60,,249.60,,249.60,,272.05,,272.05,,272.05,,272.05,,272.05,,294.44,,294.44,,294.44,,294.44,,294.44,,316.80,,316.80,,316.80,,316.80,,316.80,,339.22,,339.22,,339.22,,339.22,,339.22,
SR,Suriname,Zone 10,34.99,,34.99,,36.32,,40.36,,44.47,,51.20,,55.53,,59.87,,64.16,,68.50,,75.89,,80.16,,84.47,,88.74,,93.00,,97.24,,101.49,,105.80,,110.08,,114.35,,126.69,,126.69,,135.16,,135.16,,143.58,,143.58,,152.06,,152.06,,160.48,,160.48,,182.90,,182.90,,182.90,,182.90,,182.90,,205.38,,205.38,,205.38,,205.38,,205.38,,227.80,,227.80,,227.80,,227.80,,227.80,,250.34,,250.34,,250.34,,250.34,,250.34,,272.79,,272.79,,272.79,,272.79,,272.79,,295.29,,295.29,,295.29,,295.29,,295.29,,317.78,,317.78,,317.78,,317.78,,317.78,,340.22,,340.22,,340.22,,340.22,,340.22,
SZ,Swaziland,Zone 10,34.99,,34.99,,36.32,,40.36,,44.47,,51.20,,55.53,,59.87,,64.16,,68.50,,75.89,,80.16,,84.47,,88.74,,93.00,,97.24,,101.49,,105.80,,110.08,,114.35,,126.69,,126.69,,135.16,,135.16,,143.58,,143.58,,152.06,,152.06,,160.48,,160.48,,182.90,,182.90,,182.90,,182.90,,182.90,,205.38,,205.38,,205.38,,205.38,,205.38,,227.80,,227.80,,227.80,,227.80,,227.80,,250.34,,250.34,,250.34,,250.34,,250.34,,272.79,,272.79,,272.79,,272.79,,272.79,,295.29,,295.29,,295.29,,295.29,,295.29,,317.78,,317.78,,317.78,,317.78,,317.78,,340.22,,340.22,,340.22,,340.22,,340.22,
SE,Sweden (TB),Zone 4,34.94,,34.94,,35.38,,39.98,,44.34,,50.25,,54.76,,59.27,,63.70,,68.21,,76.70,,80.77,,84.95,,89.04,,93.15,,97.88,,102.04,,106.18,,110.32,,114.49,,123.65,,123.65,,132.75,,132.75,,141.82,,141.82,,150.95,,150.95,,160.03,,160.03,,182.39,,182.39,,182.39,,182.39,,182.39,,204.84,,204.84,,204.84,,204.84,,204.84,,227.21,,227.21,,227.21,,227.21,,227.21,,249.60,,249.60,,249.60,,249.60,,249.60,,272.05,,272.05,,272.05,,272.05,,272.05,,294.44,,294.44,,294.44,,294.44,,294.44,,316.80,,316.80,,316.80,,316.80,,316.80,,339.22,,339.22,,339.22,,339.22,,339.22,
SE,Sweden (WW),Zone 704,10.58,,10.58,,10.75,,11.88,,12.99,,15.37,,16.52,,17.65,,18.82,,19.97,,23.27,,24.22,,25.18,,26.18,,27.14,,29.54,,30.56,,31.56,,32.60,,33.63,,38.81,,38.81,,40.85,,40.85,,42.86,,42.86,,44.89,,44.89,,46.91,,46.91,,53.30,,53.30,,53.30,,53.30,,53.30,,59.71,,59.71,,59.71,,59.71,,59.71,,66.10,,66.10,,66.10,,66.10,,66.10,,72.52,,72.52,,72.52,,72.52,,72.52,,78.93,,78.93,,78.93,,78.93,,78.93,,85.31,,85.31,,85.31,,85.31,,85.31,,91.71,,91.71,,91.71,,91.71,,91.71,,98.11,,98.11,,98.11,,98.11,,98.11,
CH,Switzerland,Zone 51,27.60,,27.60,,29.15,,32.31,,35.44,,38.39,,40.88,,43.34,,45.90,,48.37,,51.99,,54.50,,56.95,,59.43,,61.95,,64.48,,67.00,,69.47,,71.99,,74.45,,79.08,,79.08,,83.72,,83.72,,88.33,,88.33,,92.88,,92.88,,97.56,,97.56,,111.28,,111.28,,111.28,,111.28,,111.28,,125.04,,125.04,,125.04,,125.04,,125.04,,138.85,,138.85,,138.85,,138.85,,138.85,,152.61,,152.61,,152.61,,152.61,,152.61,,166.41,,166.41,,166.41,,166.41,,166.41,,180.18,,180.18,,180.18,,180.18,,180.18,,193.98,,193.98,,193.98,,193.98,,193.98,,207.75,,207.75,,207.75,,207.75,,207.75,
PF,Tahiti,Zone 9,34.94,,34.94,,35.38,,39.98,,44.34,,50.25,,54.76,,59.27,,63.70,,68.21,,76.70,,80.77,,84.95,,89.04,,93.15,,97.88,,102.04,,106.18,,110.32,,114.49,,123.65,,123.65,,132.75,,132.75,,141.82,,141.82,,150.95,,150.95,,160.03,,160.03,,182.39,,182.39,,182.39,,182.39,,182.39,,204.84,,204.84,,204.84,,204.84,,204.84,,227.21,,227.21,,227.21,,227.21,,227.21,,249.60,,249.60,,249.60,,249.60,,249.60,,272.05,,272.05,,272.05,,272.05,,272.05,,294.44,,294.44,,294.44,,294.44,,294.44,,316.80,,316.80,,316.80,,316.80,,316.80,,339.22,,339.22,,339.22,,339.22,,339.22,
TW,Taiwan,Zone 8,22.68,,22.68,,22.68,,22.68,,22.68,,25.55,,27.62,,29.64,,31.73,,33.75,,38.75,,40.86,,42.98,,45.08,,47.20,,50.75,,52.90,,55.07,,57.24,,59.42,,63.82,,63.82,,68.00,,68.00,,72.18,,72.18,,76.34,,76.34,,80.48,,80.48,,91.15,,91.15,,91.15,,91.15,,91.15,,101.85,,101.85,,101.85,,101.85,,101.85,,112.55,,112.55,,112.55,,112.55,,112.55,,123.24,,123.24,,123.24,,123.24,,123.24,,133.93,,133.93,,133.93,,133.93,,133.93,,144.65,,144.65,,144.65,,144.65,,144.65,,155.30,,155.30,,155.30,,155.30,,155.30,,166.02,,166.02,,166.02,,166.02,,166.02,
TJ,Tajikistan,Zone 9,34.94,,34.94,,35.38,,39.98,,44.34,,50.25,,54.76,,59.27,,63.70,,68.21,,76.70,,80.77,,84.95,,89.04,,93.15,,97.88,,102.04,,106.18,,110.32,,114.49,,123.65,,123.65,,132.75,,132.75,,141.82,,141.82,,150.95,,150.95,,160.03,,160.03,,182.39,,182.39,,182.39,,182.39,,182.39,,204.84,,204.84,,204.84,,204.84,,204.84,,227.21,,227.21,,227.21,,227.21,,227.21,,249.60,,249.60,,249.60,,249.60,,249.60,,272.05,,272.05,,272.05,,272.05,,272.05,,294.44,,294.44,,294.44,,294.44,,294.44,,316.80,,316.80,,316.80,,316.80,,316.80,,339.22,,339.22,,339.22,,339.22,,339.22,
TZ,Tanzania,Zone 10,34.99,,34.99,,36.32,,40.36,,44.47,,51.20,,55.53,,59.87,,64.16,,68.50,,75.89,,80.16,,84.47,,88.74,,93.00,,97.24,,101.49,,105.80,,110.08,,114.35,,126.69,,126.69,,135.16,,135.16,,143.58,,143.58,,152.06,,152.06,,160.48,,160.48,,182.90,,182.90,,182.90,,182.90,,182.90,,205.38,,205.38,,205.38,,205.38,,205.38,,227.80,,227.80,,227.80,,227.80,,227.80,,250.34,,250.34,,250.34,,250.34,,250.34,,272.79,,272.79,,272.79,,272.79,,272.79,,295.29,,295.29,,295.29,,295.29,,295.29,,317.78,,317.78,,317.78,,317.78,,317.78,,340.22,,340.22,,340.22,,340.22,,340.22,
TH,Thailand,Zone 8,22.68,,22.68,,22.68,,22.68,,22.68,,25.55,,27.62,,29.64,,31.73,,33.75,,38.75,,40.86,,42.98,,45.08,,47.20,,50.75,,52.90,,55.07,,57.24,,59.42,,63.82,,63.82,,68.00,,68.00,,72.18,,72.18,,76.34,,76.34,,80.48,,80.48,,91.15,,91.15,,91.15,,91.15,,91.15,,101.85,,101.85,,101.85,,101.85,,101.85,,112.55,,112.55,,112.55,,112.55,,112.55,,123.24,,123.24,,123.24,,123.24,,123.24,,133.93,,133.93,,133.93,,133.93,,133.93,,144.65,,144.65,,144.65,,144.65,,144.65,,155.30,,155.30,,155.30,,155.30,,155.30,,166.02,,166.02,,166.02,,166.02,,166.02,
MP,Tinian (Northern Mariana Islands),Zone 9,34.94,,34.94,,35.38,,39.98,,44.34,,50.25,,54.76,,59.27,,63.70,,68.21,,76.70,,80.77,,84.95,,89.04,,93.15,,97.88,,102.04,,106.18,,110.32,,114.49,,123.65,,123.65,,132.75,,132.75,,141.82,,141.82,,150.95,,150.95,,160.03,,160.03,,182.39,,182.39,,182.39,,182.39,,182.39,,204.84,,204.84,,204.84,,204.84,,204.84,,227.21,,227.21,,227.21,,227.21,,227.21,,249.60,,249.60,,249.60,,249.60,,249.60,,272.05,,272.05,,272.05,,272.05,,272.05,,294.44,,294.44,,294.44,,294.44,,294.44,,316.80,,316.80,,316.80,,316.80,,316.80,,339.22,,339.22,,339.22,,339.22,,339.22,
TG,Togo,Zone 10,34.99,,34.99,,36.32,,40.36,,44.47,,51.20,,55.53,,59.87,,64.16,,68.50,,75.89,,80.16,,84.47,,88.74,,93.00,,97.24,,101.49,,105.80,,110.08,,114.35,,126.69,,126.69,,135.16,,135.16,,143.58,,143.58,,152.06,,152.06,,160.48,,160.48,,182.90,,182.90,,182.90,,182.90,,182.90,,205.38,,205.38,,205.38,,205.38,,205.38,,227.80,,227.80,,227.80,,227.80,,227.80,,250.34,,250.34,,250.34,,250.34,,250.34,,272.79,,272.79,,272.79,,272.79,,272.79,,295.29,,295.29,,295.29,,295.29,,295.29,,317.78,,317.78,,317.78,,317.78,,317.78,,340.22,,340.22,,340.22,,340.22,,340.22,
TO,Tonga,Zone 9,34.94,,34.94,,35.38,,39.98,,44.34,,50.25,,54.76,,59.27,,63.70,,68.21,,76.70,,80.77,,84.95,,89.04,,93.15,,97.88,,102.04,,106.18,,110.32,,114.49,,123.65,,123.65,,132.75,,132.75,,141.82,,141.82,,150.95,,150.95,,160.03,,160.03,,182.39,,182.39,,182.39,,182.39,,182.39,,204.84,,204.84,,204.84,,204.84,,204.84,,227.21,,227.21,,227.21,,227.21,,227.21,,249.60,,249.60,,249.60,,249.60,,249.60,,272.05,,272.05,,272.05,,272.05,,272.05,,294.44,,294.44,,294.44,,294.44,,294.44,,316.80,,316.80,,316.80,,316.80,,316.80,,339.22,,339.22,,339.22,,339.22,,339.22,
VG,Tortola (British Virgin Islands),Zone 9,34.94,,34.94,,35.38,,39.98,,44.34,,50.25,,54.76,,59.27,,63.70,,68.21,,76.70,,80.77,,84.95,,89.04,,93.15,,97.88,,102.04,,106.18,,110.32,,114.49,,123.65,,123.65,,132.75,,132.75,,141.82,,141.82,,150.95,,150.95,,160.03,,160.03,,182.39,,182.39,,182.39,,182.39,,182.39,,204.84,,204.84,,204.84,,204.84,,204.84,,227.21,,227.21,,227.21,,227.21,,227.21,,249.60,,249.60,,249.60,,249.60,,249.60,,272.05,,272.05,,272.05,,272.05,,272.05,,294.44,,294.44,,294.44,,294.44,,294.44,,316.80,,316.80,,316.80,,316.80,,316.80,,339.22,,339.22,,339.22,,339.22,,339.22,
TT,Trinidad and Tobago,Zone 9,34.94,,34.94,,35.38,,39.98,,44.34,,50.25,,54.76,,59.27,,63.70,,68.21,,76.70,,80.77,,84.95,,89.04,,93.15,,97.88,,102.04,,106.18,,110.32,,114.49,,123.65,,123.65,,132.75,,132.75,,141.82,,141.82,,150.95,,150.95,,160.03,,160.03,,182.39,,182.39,,182.39,,182.39,,182.39,,204.84,,204.84,,204.84,,204.84,,204.84,,227.21,,227.21,,227.21,,227.21,,227.21,,249.60,,249.60,,249.60,,249.60,,249.60,,272.05,,272.05,,272.05,,272.05,,272.05,,294.44,,294.44,,294.44,,294.44,,294.44,,316.80,,316.80,,316.80,,316.80,,316.80,,339.22,,339.22,,339.22,,339.22,,339.22,
FM,"Truk (Micronesia, Federated States of)",Zone 9,34.94,,34.94,,35.38,,39.98,,44.34,,50.25,,54.76,,59.27,,63.70,,68.21,,76.70,,80.77,,84.95,,89.04,,93.15,,97.88,,102.04,,106.18,,110.32,,114.49,,123.65,,123.65,,132.75,,132.75,,141.82,,141.82,,150.95,,150.95,,160.03,,160.03,,182.39,,182.39,,182.39,,182.39,,182.39,,204.84,,204.84,,204.84,,204.84,,204.84,,227.21,,227.21,,227.21,,227.21,,227.21,,249.60,,249.60,,249.60,,249.60,,249.60,,272.05,,272.05,,272.05,,272.05,,272.05,,294.44,,294.44,,294.44,,294.44,,294.44,,316.80,,316.80,,316.80,,316.80,,316.80,,339.22,,339.22,,339.22,,339.22,,339.22,
TN,Tunisia,Zone 10,34.99,,34.99,,36.32,,40.36,,44.47,,51.20,,55.53,,59.87,,64.16,,68.50,,75.89,,80.16,,84.47,,88.74,,93.00,,97.24,,101.49,,105.80,,110.08,,114.35,,126.69,,126.69,,135.16,,135.16,,143.58,,143.58,,152.06,,152.06,,160.48,,160.48,,182.90,,182.90,,182.90,,182.90,,182.90,,205.38,,205.38,,205.38,,205.38,,205.38,,227.80,,227.80,,227.80,,227.80,,227.80,,250.34,,250.34,,250.34,,250.34,,250.34,,272.79,,272.79,,272.79,,272.79,,272.79,,295.29,,295.29,,295.29,,295.29,,295.29,,317.78,,317.78,,317.78,,317.78,,317.78,,340.22,,340.22,,340.22,,340.22,,340.22,
TR,Turkey,Zone 5,33.02,,33.02,,35.29,,38.12,,41.41,,43.94,,46.49,,49.01,,51.56,,54.07,,58.11,,60.66,,63.24,,65.74,,68.28,,71.06,,73.56,,76.13,,78.66,,81.22,,86.03,,86.03,,90.65,,90.65,,95.33,,95.33,,99.93,,99.93,,104.63,,104.63,,118.54,,118.54,,118.54,,118.54,,118.54,,132.49,,132.49,,132.49,,132.49,,132.49,,146.43,,146.43,,146.43,,146.43,,146.43,,160.36,,160.36,,160.36,,160.36,,160.36,,174.29,,174.29,,174.29,,174.29,,174.29,,188.22,,188.22,,188.22,,188.22,,188.22,,202.17,,202.17,,202.17,,202.17,,202.17,,216.12,,216.12,,216.12,,216.12,,216.12,
TM,Turkmenistan,Zone 9,34.94,,34.94,,35.38,,39.98,,44.34,,50.25,,54.76,,59.27,,63.70,,68.21,,76.70,,80.77,,84.95,,89.04,,93.15,,97.88,,102.04,,106.18,,110.32,,114.49,,123.65,,123.65,,132.75,,132.75,,141.82,,141.82,,150.95,,150.95,,160.03,,160.03,,182.39,,182.39,,182.39,,182.39,,182.39,,204.84,,204.84,,204.84,,204.84,,204.84,,227.21,,227.21,,227.21,,227.21,,227.21,,249.60,,249.60,,249.60,,249.60,,249.60,,272.05,,272.05,,272.05,,272.05,,272.05,,294.44,,294.44,,294.44,,294.44,,294.44,,316.80,,316.80,,316.80,,316.80,,316.80,,339.22,,339.22,,339.22,,339.22,,339.22,
TC,Turks and Caicos Islands,Zone 9,34.94,,34.94,,35.38,,39.98,,44.34,,50.25,,54.76,,59.27,,63.70,,68.21,,76.70,,80.77,,84.95,,89.04,,93.15,,97.88,,102.04,,106.18,,110.32,,114.49,,123.65,,123.65,,132.75,,132.75,,141.82,,141.82,,150.95,,150.95,,160.03,,160.03,,182.39,,182.39,,182.39,,182.39,,182.39,,204.84,,204.84,,204.84,,204.84,,204.84,,227.21,,227.21,,227.21,,227.21,,227.21,,249.60,,249.60,,249.60,,249.60,,249.60,,272.05,,272.05,,272.05,,272.05,,272.05,,294.44,,294.44,,294.44,,294.44,,294.44,,316.80,,316.80,,316.80,,316.80,,316.80,,339.22,,339.22,,339.22,,339.22,,339.22,
TV,Tuvalu,Zone 10,34.99,,34.99,,36.32,,40.36,,44.47,,51.20,,55.53,,59.87,,64.16,,68.50,,75.89,,80.16,,84.47,,88.74,,93.00,,97.24,,101.49,,105.80,,110.08,,114.35,,126.69,,126.69,,135.16,,135.16,,143.58,,143.58,,152.06,,152.06,,160.48,,160.48,,182.90,,182.90,,182.90,,182.90,,182.90,,205.38,,205.38,,205.38,,205.38,,205.38,,227.80,,227.80,,227.80,,227.80,,227.80,,250.34,,250.34,,250.34,,250.34,,250.34,,272.79,,272.79,,272.79,,272.79,,272.79,,295.29,,295.29,,295.29,,295.29,,295.29,,317.78,,317.78,,317.78,,317.78,,317.78,,340.22,,340.22,,340.22,,340.22,,340.22,
UG,Uganda,Zone 10,34.99,,34.99,,36.32,,40.36,,44.47,,51.20,,55.53,,59.87,,64.16,,68.50,,75.89,,80.16,,84.47,,88.74,,93.00,,97.24,,101.49,,105.80,,110.08,,114.35,,126.69,,126.69,,135.16,,135.16,,143.58,,143.58,,152.06,,152.06,,160.48,,160.48,,182.90,,182.90,,182.90,,182.90,,182.90,,205.38,,205.38,,205.38,,205.38,,205.38,,227.80,,227.80,,227.80,,227.80,,227.80,,250.34,,250.34,,250.34,,250.34,,250.34,,272.79,,272.79,,272.79,,272.79,,272.79,,295.29,,295.29,,295.29,,295.29,,295.29,,317.78,,317.78,,317.78,,317.78,,317.78,,340.22,,340.22,,340.22,,340.22,,340.22,
UA,Ukraine,Zone 5,33.02,,33.02,,35.29,,38.12,,41.41,,43.94,,46.49,,49.01,,51.56,,54.07,,58.11,,60.66,,63.24,,65.74,,68.28,,71.06,,73.56,,76.13,,78.66,,81.22,,86.03,,86.03,,90.65,,90.65,,95.33,,95.33,,99.93,,99.93,,104.63,,104.63,,118.54,,118.54,,118.54,,118.54,,118.54,,132.49,,132.49,,132.49,,132.49,,132.49,,146.43,,146.43,,146.43,,146.43,,146.43,,160.36,,160.36,,160.36,,160.36,,160.36,,174.29,,174.29,,174.29,,174.29,,174.29,,188.22,,188.22,,188.22,,188.22,,188.22,,202.17,,202.17,,202.17,,202.17,,202.17,,216.12,,216.12,,216.12,,216.12,,216.12,
VC,Union Island (St. Vincent and the Grenadines),Zone 9,34.94,,34.94,,35.38,,39.98,,44.34,,50.25,,54.76,,59.27,,63.70,,68.21,,76.70,,80.77,,84.95,,89.04,,93.15,,97.88,,102.04,,106.18,,110.32,,114.49,,123.65,,123.65,,132.75,,132.75,,141.82,,141.82,,150.95,,150.95,,160.03,,160.03,,182.39,,182.39,,182.39,,182.39,,182.39,,204.84,,204.84,,204.84,,204.84,,204.84,,227.21,,227.21,,227.21,,227.21,,227.21,,249.60,,249.60,,249.60,,249.60,,249.60,,272.05,,272.05,,272.05,,272.05,,272.05,,294.44,,294.44,,294.44,,294.44,,294.44,,316.80,,316.80,,316.80,,316.80,,316.80,,339.22,,339.22,,339.22,,339.22,,339.22,
AE,United Arab Emirates,Zone 9,34.94,,34.94,,35.38,,39.98,,44.34,,50.25,,54.76,,59.27,,63.70,,68.21,,76.70,,80.77,,84.95,,89.04,,93.15,,97.88,,102.04,,106.18,,110.32,,114.49,,123.65,,123.65,,132.75,,132.75,,141.82,,141.82,,150.95,,150.95,,160.03,,160.03,,182.39,,182.39,,182.39,,182.39,,182.39,,204.84,,204.84,,204.84,,204.84,,204.84,,227.21,,227.21,,227.21,,227.21,,227.21,,249.60,,249.60,,249.60,,249.60,,249.60,,272.05,,272.05,,272.05,,272.05,,272.05,,294.44,,294.44,,294.44,,294.44,,294.44,,316.80,,316.80,,316.80,,316.80,,316.80,,339.22,,339.22,,339.22,,339.22,,339.22,
GB,"United Kingdom (England, Scotland, Wales)",Zone 1,6.25,,6.25,,6.25,,6.25,,6.25,,6.25,,6.25,,6.25,,6.25,,6.25,,6.25,,6.25,,6.25,,6.25,,6.25,,7.20,,7.20,,7.20,,7.20,,7.20,,8.68,,8.68,,8.68,,8.68,,8.68,,8.68,,8.68,,8.68,,8.68,,8.68,,9.58,,9.58,,9.58,,9.58,,9.58,,10.47,,10.47,,10.47,,10.47,,10.47,,11.37,,11.37,,11.37,,11.37,,11.37,,12.27,,12.27,,12.27,,12.27,,12.27,,13.18,,13.18,,13.18,,13.18,,13.18,,14.09,,14.09,,14.09,,14.09,,14.09,,15.00,,15.00,,15.00,,15.00,,15.00,,15.89,,15.89,,15.89,,15.89,,15.89,
GB,United Kingdom (Northern Ireland),Zone 1,6.25,,6.25,,6.25,,6.25,,6.25,,6.25,,6.25,,6.25,,6.25,,6.25,,6.25,,6.25,,6.25,,6.25,,6.25,,7.20,,7.20,,7.20,,7.20,,7.20,,8.68,,8.68,,8.68,,8.68,,8.68,,8.68,,8.68,,8.68,,8.68,,8.68,,9.58,,9.58,,9.58,,9.58,,9.58,,10.47,,10.47,,10.47,,10.47,,10.47,,11.37,,11.37,,11.37,,11.37,,11.37,,12.27,,12.27,,12.27,,12.27,,12.27,,13.18,,13.18,,13.18,,13.18,,13.18,,14.09,,14.09,,14.09,,14.09,,14.09,,15.00,,15.00,,15.00,,15.00,,15.00,,15.89,,15.89,,15.89,,15.89,,15.89,
US,United States (New Jersey),Zone 6,17.53,,17.53,,17.53,,17.53,,17.53,,21.11,,22.47,,23.81,,25.12,,26.44,,31.94,,33.22,,34.46,,35.74,,36.97,,41.64,,42.96,,44.35,,45.73,,47.09,,57.39,,57.39,,60.37,,60.37,,63.34,,63.34,,66.36,,66.36,,69.32,,69.32,,77.01,,77.01,,77.01,,77.01,,77.01,,84.84,,84.84,,84.84,,84.84,,84.84,,92.71,,92.71,,92.71,,92.71,,92.71,,100.52,,100.52,,100.52,,100.52,,100.52,,108.40,,108.40,,108.40,,108.40,,108.40,,116.19,,116.19,,116.19,,116.19,,116.19,,124.07,,124.07,,124.07,,124.07,,124.07,,131.94,,131.94,,131.94,,131.94,,131.94,
US,United States (New Jersey),Zone 6,17.53,,17.53,,17.53,,17.53,,17.53,,21.11,,22.47,,23.81,,25.12,,26.44,,31.94,,33.22,,34.46,,35.74,,36.97,,41.64,,42.96,,44.35,,45.73,,47.09,,57.39,,57.39,,60.37,,60.37,,63.34,,63.34,,66.36,,66.36,,69.32,,69.32,,77.01,,77.01,,77.01,,77.01,,77.01,,84.84,,84.84,,84.84,,84.84,,84.84,,92.71,,92.71,,92.71,,92.71,,92.71,,100.52,,100.52,,100.52,,100.52,,100.52,,108.40,,108.40,,108.40,,108.40,,108.40,,116.19,,116.19,,116.19,,116.19,,116.19,,124.07,,124.07,,124.07,,124.07,,124.07,,131.94,,131.94,,131.94,,131.94,,131.94,
US,United States (New York),Zone 6,17.53,,17.53,,17.53,,17.53,,17.53,,21.11,,22.47,,23.81,,25.12,,26.44,,31.94,,33.22,,34.46,,35.74,,36.97,,41.64,,42.96,,44.35,,45.73,,47.09,,57.39,,57.39,,60.37,,60.37,,63.34,,63.34,,66.36,,66.36,,69.32,,69.32,,77.01,,77.01,,77.01,,77.01,,77.01,,84.84,,84.84,,84.84,,84.84,,84.84,,92.71,,92.71,,92.71,,92.71,,92.71,,100.52,,100.52,,100.52,,100.52,,100.52,,108.40,,108.40,,108.40,,108.40,,108.40,,116.19,,116.19,,116.19,,116.19,,116.19,,124.07,,124.07,,124.07,,124.07,,124.07,,131.94,,131.94,,131.94,,131.94,,131.94,
US,United States - Other locations,Zone 7,17.62,,17.62,,17.62,,17.62,,17.62,,21.16,,22.55,,24.00,,25.38,,26.77,,32.01,,33.40,,34.82,,36.24,,37.67,,41.66,,43.09,,44.62,,46.14,,47.65,,60.97,,60.97,,64.28,,64.28,,67.51,,67.51,,70.78,,70.78,,74.05,,74.05,,84.65,,84.65,,84.65,,84.65,,84.65,,95.06,,95.06,,95.06,,95.06,,95.06,,105.47,,105.47,,105.47,,105.47,,105.47,,115.88,,115.88,,115.88,,115.88,,115.88,,126.29,,126.29,,126.29,,126.29,,126.29,,136.74,,136.74,,136.74,,136.74,,136.74,,147.15,,147.15,,147.15,,147.15,,147.15,,157.51,,157.51,,157.51,,157.51,,157.51,
UY,Uruguay,Zone 10,34.99,,34.99,,36.32,,40.36,,44.47,,51.20,,55.53,,59.87,,64.16,,68.50,,75.89,,80.16,,84.47,,88.74,,93.00,,97.24,,101.49,,105.80,,110.08,,114.35,,126.69,,126.69,,135.16,,135.16,,143.58,,143.58,,152.06,,152.06,,160.48,,160.48,,182.90,,182.90,,182.90,,182.90,,182.90,,205.38,,205.38,,205.38,,205.38,,205.38,,227.80,,227.80,,227.80,,227.80,,227.80,,250.34,,250.34,,250.34,,250.34,,250.34,,272.79,,272.79,,272.79,,272.79,,272.79,,295.29,,295.29,,295.29,,295.29,,295.29,,317.78,,317.78,,317.78,,317.78,,317.78,,340.22,,340.22,,340.22,,340.22,,340.22,
UZ,Uzbekistan,Zone 9,34.94,,34.94,,35.38,,39.98,,44.34,,50.25,,54.76,,59.27,,63.70,,68.21,,76.70,,80.77,,84.95,,89.04,,93.15,,97.88,,102.04,,106.18,,110.32,,114.49,,123.65,,123.65,,132.75,,132.75,,141.82,,141.82,,150.95,,150.95,,160.03,,160.03,,182.39,,182.39,,182.39,,182.39,,182.39,,204.84,,204.84,,204.84,,204.84,,204.84,,227.21,,227.21,,227.21,,227.21,,227.21,,249.60,,249.60,,249.60,,249.60,,249.60,,272.05,,272.05,,272.05,,272.05,,272.05,,294.44,,294.44,,294.44,,294.44,,294.44,,316.80,,316.80,,316.80,,316.80,,316.80,,339.22,,339.22,,339.22,,339.22,,339.22,
VU,Vanuatu,Zone 9,34.94,,34.94,,35.38,,39.98,,44.34,,50.25,,54.76,,59.27,,63.70,,68.21,,76.70,,80.77,,84.95,,89.04,,93.15,,97.88,,102.04,,106.18,,110.32,,114.49,,123.65,,123.65,,132.75,,132.75,,141.82,,141.82,,150.95,,150.95,,160.03,,160.03,,182.39,,182.39,,182.39,,182.39,,182.39,,204.84,,204.84,,204.84,,204.84,,204.84,,227.21,,227.21,,227.21,,227.21,,227.21,,249.60,,249.60,,249.60,,249.60,,249.60,,272.05,,272.05,,272.05,,272.05,,272.05,,294.44,,294.44,,294.44,,294.44,,294.44,,316.80,,316.80,,316.80,,316.80,,316.80,,339.22,,339.22,,339.22,,339.22,,339.22,
VA,Vatican City (Italy) (TB),Zone 4,34.94,,34.94,,35.38,,39.98,,44.34,,50.25,,54.76,,59.27,,63.70,,68.21,,76.70,,80.77,,84.95,,89.04,,93.15,,97.88,,102.04,,106.18,,110.32,,114.49,,123.65,,123.65,,132.75,,132.75,,141.82,,141.82,,150.95,,150.95,,160.03,,160.03,,182.39,,182.39,,182.39,,182.39,,182.39,,204.84,,204.84,,204.84,,204.84,,204.84,,227.21,,227.21,,227.21,,227.21,,227.21,,249.60,,249.60,,249.60,,249.60,,249.60,,272.05,,272.05,,272.05,,272.05,,272.05,,294.44,,294.44,,294.44,,294.44,,294.44,,316.80,,316.80,,316.80,,316.80,,316.80,,339.22,,339.22,,339.22,,339.22,,339.22,
VA,Vatican City (Italy) (WW),Zone 704,10.58,,10.58,,10.75,,11.88,,12.99,,15.37,,16.52,,17.65,,18.82,,19.97,,23.27,,24.22,,25.18,,26.18,,27.14,,29.54,,30.56,,31.56,,32.60,,33.63,,38.81,,38.81,,40.85,,40.85,,42.86,,42.86,,44.89,,44.89,,46.91,,46.91,,53.30,,53.30,,53.30,,53.30,,53.30,,59.71,,59.71,,59.71,,59.71,,59.71,,66.10,,66.10,,66.10,,66.10,,66.10,,72.52,,72.52,,72.52,,72.52,,72.52,,78.93,,78.93,,78.93,,78.93,,78.93,,85.31,,85.31,,85.31,,85.31,,85.31,,91.71,,91.71,,91.71,,91.71,,91.71,,98.11,,98.11,,98.11,,98.11,,98.11,
VE,Venezuela,Zone 10,34.99,,34.99,,36.32,,40.36,,44.47,,51.20,,55.53,,59.87,,64.16,,68.50,,75.89,,80.16,,84.47,,88.74,,93.00,,97.24,,101.49,,105.80,,110.08,,114.35,,126.69,,126.69,,135.16,,135.16,,143.58,,143.58,,152.06,,152.06,,160.48,,160.48,,182.90,,182.90,,182.90,,182.90,,182.90,,205.38,,205.38,,205.38,,205.38,,205.38,,227.80,,227.80,,227.80,,227.80,,227.80,,250.34,,250.34,,250.34,,250.34,,250.34,,272.79,,272.79,,272.79,,272.79,,272.79,,295.29,,295.29,,295.29,,295.29,,295.29,,317.78,,317.78,,317.78,,317.78,,317.78,,340.22,,340.22,,340.22,,340.22,,340.22,
VN,Vietnam,Zone 9,34.94,,34.94,,35.38,,39.98,,44.34,,50.25,,54.76,,59.27,,63.70,,68.21,,76.70,,80.77,,84.95,,89.04,,93.15,,97.88,,102.04,,106.18,,110.32,,114.49,,123.65,,123.65,,132.75,,132.75,,141.82,,141.82,,150.95,,150.95,,160.03,,160.03,,182.39,,182.39,,182.39,,182.39,,182.39,,204.84,,204.84,,204.84,,204.84,,204.84,,227.21,,227.21,,227.21,,227.21,,227.21,,249.60,,249.60,,249.60,,249.60,,249.60,,272.05,,272.05,,272.05,,272.05,,272.05,,294.44,,294.44,,294.44,,294.44,,294.44,,316.80,,316.80,,316.80,,316.80,,316.80,,339.22,,339.22,,339.22,,339.22,,339.22,
VG,Virgin Gorda (British Virgin Islands),Zone 9,34.94,,34.94,,35.38,,39.98,,44.34,,50.25,,54.76,,59.27,,63.70,,68.21,,76.70,,80.77,,84.95,,89.04,,93.15,,97.88,,102.04,,106.18,,110.32,,114.49,,123.65,,123.65,,132.75,,132.75,,141.82,,141.82,,150.95,,150.95,,160.03,,160.03,,182.39,,182.39,,182.39,,182.39,,182.39,,204.84,,204.84,,204.84,,204.84,,204.84,,227.21,,227.21,,227.21,,227.21,,227.21,,249.60,,249.60,,249.60,,249.60,,249.60,,272.05,,272.05,,272.05,,272.05,,272.05,,294.44,,294.44,,294.44,,294.44,,294.44,,316.80,,316.80,,316.80,,316.80,,316.80,,339.22,,339.22,,339.22,,339.22,,339.22,
VI,Virgin Islands (US),Zone 9,34.94,,34.94,,35.38,,39.98,,44.34,,50.25,,54.76,,59.27,,63.70,,68.21,,76.70,,80.77,,84.95,,89.04,,93.15,,97.88,,102.04,,106.18,,110.32,,114.49,,123.65,,123.65,,132.75,,132.75,,141.82,,141.82,,150.95,,150.95,,160.03,,160.03,,182.39,,182.39,,182.39,,182.39,,182.39,,204.84,,204.84,,204.84,,204.84,,204.84,,227.21,,227.21,,227.21,,227.21,,227.21,,249.60,,249.60,,249.60,,249.60,,249.60,,272.05,,272.05,,272.05,,272.05,,272.05,,294.44,,294.44,,294.44,,294.44,,294.44,,316.80,,316.80,,316.80,,316.80,,316.80,,339.22,,339.22,,339.22,,339.22,,339.22,
GB,Wales,Zone 1,6.25,,6.25,,6.25,,6.25,,6.25,,6.25,,6.25,,6.25,,6.25,,6.25,,6.25,,6.25,,6.25,,6.25,,6.25,,7.20,,7.20,,7.20,,7.20,,7.20,,8.68,,8.68,,8.68,,8.68,,8.68,,8.68,,8.68,,8.68,,8.68,,8.68,,9.58,,9.58,,9.58,,9.58,,9.58,,10.47,,10.47,,10.47,,10.47,,10.47,,11.37,,11.37,,11.37,,11.37,,11.37,,12.27,,12.27,,12.27,,12.27,,12.27,,13.18,,13.18,,13.18,,13.18,,13.18,,14.09,,14.09,,14.09,,14.09,,14.09,,15.00,,15.00,,15.00,,15.00,,15.00,,15.89,,15.89,,15.89,,15.89,,15.89,
WF,Wallis and Futuna Islands,Zone 9,34.94,,34.94,,35.38,,39.98,,44.34,,50.25,,54.76,,59.27,,63.70,,68.21,,76.70,,80.77,,84.95,,89.04,,93.15,,97.88,,102.04,,106.18,,110.32,,114.49,,123.65,,123.65,,132.75,,132.75,,141.82,,141.82,,150.95,,150.95,,160.03,,160.03,,182.39,,182.39,,182.39,,182.39,,182.39,,204.84,,204.84,,204.84,,204.84,,204.84,,227.21,,227.21,,227.21,,227.21,,227.21,,249.60,,249.60,,249.60,,249.60,,249.60,,272.05,,272.05,,272.05,,272.05,,272.05,,294.44,,294.44,,294.44,,294.44,,294.44,,316.80,,316.80,,316.80,,316.80,,316.80,,339.22,,339.22,,339.22,,339.22,,339.22,
PS,West Bank (Gaza),Zone 9,34.94,,34.94,,35.38,,39.98,,44.34,,50.25,,54.76,,59.27,,63.70,,68.21,,76.70,,80.77,,84.95,,89.04,,93.15,,97.88,,102.04,,106.18,,110.32,,114.49,,123.65,,123.65,,132.75,,132.75,,141.82,,141.82,,150.95,,150.95,,160.03,,160.03,,182.39,,182.39,,182.39,,182.39,,182.39,,204.84,,204.84,,204.84,,204.84,,204.84,,227.21,,227.21,,227.21,,227.21,,227.21,,249.60,,249.60,,249.60,,249.60,,249.60,,272.05,,272.05,,272.05,,272.05,,272.05,,294.44,,294.44,,294.44,,294.44,,294.44,,316.80,,316.80,,316.80,,316.80,,316.80,,339.22,,339.22,,339.22,,339.22,,339.22,
FM,"Yap (Micronesia, Federated States of)",Zone 9,34.94,,34.94,,35.38,,39.98,,44.34,,50.25,,54.76,,59.27,,63.70,,68.21,,76.70,,80.77,,84.95,,89.04,,93.15,,97.88,,102.04,,106.18,,110.32,,114.49,,123.65,,123.65,,132.75,,132.75,,141.82,,141.82,,150.95,,150.95,,160.03,,160.03,,182.39,,182.39,,182.39,,182.39,,182.39,,204.84,,204.84,,204.84,,204.84,,204.84,,227.21,,227.21,,227.21,,227.21,,227.21,,249.60,,249.60,,249.60,,249.60,,249.60,,272.05,,272.05,,272.05,,272.05,,272.05,,294.44,,294.44,,294.44,,294.44,,294.44,,316.80,,316.80,,316.80,,316.80,,316.80,,339.22,,339.22,,339.22,,339.22,,339.22,
YE,"Yemen, Republic of",Zone 10,34.99,,34.99,,36.32,,40.36,,44.47,,51.20,,55.53,,59.87,,64.16,,68.50,,75.89,,80.16,,84.47,,88.74,,93.00,,97.24,,101.49,,105.80,,110.08,,114.35,,126.69,,126.69,,135.16,,135.16,,143.58,,143.58,,152.06,,152.06,,160.48,,160.48,,182.90,,182.90,,182.90,,182.90,,182.90,,205.38,,205.38,,205.38,,205.38,,205.38,,227.80,,227.80,,227.80,,227.80,,227.80,,250.34,,250.34,,250.34,,250.34,,250.34,,272.79,,272.79,,272.79,,272.79,,272.79,,295.29,,295.29,,295.29,,295.29,,295.29,,317.78,,317.78,,317.78,,317.78,,317.78,,340.22,,340.22,,340.22,,340.22,,340.22,
ZM,Zambia,Zone 10,34.99,,34.99,,36.32,,40.36,,44.47,,51.20,,55.53,,59.87,,64.16,,68.50,,75.89,,80.16,,84.47,,88.74,,93.00,,97.24,,101.49,,105.80,,110.08,,114.35,,126.69,,126.69,,135.16,,135.16,,143.58,,143.58,,152.06,,152.06,,160.48,,160.48,,182.90,,182.90,,182.90,,182.90,,182.90,,205.38,,205.38,,205.38,,205.38,,205.38,,227.80,,227.80,,227.80,,227.80,,227.80,,250.34,,250.34,,250.34,,250.34,,250.34,,272.79,,272.79,,272.79,,272.79,,272.79,,295.29,,295.29,,295.29,,295.29,,295.29,,317.78,,317.78,,317.78,,317.78,,317.78,,340.22,,340.22,,340.22,,340.22,,340.22,
ZW,Zimbabwe,Zone 9,34.94,,34.94,,35.38,,39.98,,44.34,,50.25,,54.76,,59.27,,63.70,,68.21,,76.70,,80.77,,84.95,,89.04,,93.15,,97.88,,102.04,,106.18,,110.32,,114.49,,123.65,,123.65,,132.75,,132.75,,141.82,,141.82,,150.95,,150.95,,160.03,,160.03,,182.39,,182.39,,182.39,,182.39,,182.39,,204.84,,204.84,,204.84,,204.84,,204.84,,227.21,,227.21,,227.21,,227.21,,227.21,,249.60,,249.60,,249.60,,249.60,,249.60,,272.05,,272.05,,272.05,,272.05,,272.05,,294.44,,294.44,,294.44,,294.44,,294.44,,316.80,,316.80,,316.80,,316.80,,316.80,,339.22,,339.22,,339.22,,339.22,,339.22,
