Country Code (ISO),Country Name,Zone,0.5 kg,1.0 kg,1.5 kg,2.0 kg,2.5 kg,3.0 kg,3.5 kg,4.0 kg,4.5 kg,5.0 kg,5.5 kg,6.0 kg,6.5 kg,7.0 kg,7.5 kg,8.0 kg,8.5 kg,9.0 kg,9.5 kg,10.0 kg,10.5 kg,11.0 kg,11.5 kg,12.0 kg,12.5 kg,13.0 kg,13.5 kg,14.0 kg,14.5 kg,15.0 kg,15.5 kg,16.0 kg,16.5 kg,17.0 kg,17.5 kg,18.0 kg,18.5 kg,19.0 kg,19.5 kg,20.0 kg,20.5 kg,21.0 kg,21.5 kg,22.0 kg,22.5 kg,23.0 kg,23.5 kg,24.0 kg,24.5 kg,25.0 kg,25.5 kg,26.0 kg,26.5 kg,27.0 kg,27.5 kg,28.0 kg,28.5 kg,29.0 kg,29.5 kg,30.0 kg,30.5 kg,31.0 kg,31.5 kg,32.0 kg,32.5 kg,33.0 kg,33.5 kg,34.0 kg,34.5 kg,35.0 kg,35.5 kg,36.0 kg,36.5 kg,37.0 kg,37.5 kg,38.0 kg,38.5 kg,39.0 kg,39.5 kg,40.0 kg,40.5 kg,41.0 kg,41.5 kg,42.0 kg,42.5 kg,43.0 kg,43.5 kg,44.0 kg,44.5 kg,45.0 kg,45.5 kg,46.0 kg,46.5 kg,47.0 kg,47.5 kg,48.0 kg,48.5 kg,49.0 kg,49.5 kg,50.0 kg,50.5 kg,51.0 kg,51.5 kg,52.0 kg,52.5 kg,53.0 kg,53.5 kg,54.0 kg,54.5 kg,55.0 kg,55.5 kg,56.0 kg,56.5 kg,57.0 kg,57.5 kg,58.0 kg,58.5 kg,59.0 kg,59.5 kg,60.0 kg,60.5 kg,61.0 kg,61.5 kg,62.0 kg,62.5 kg,63.0 kg,63.5 kg,64.0 kg,64.5 kg,65.0 kg,65.5 kg,66.0 kg,66.5 kg,67.0 kg,67.5 kg,68.0 kg,68.5 kg,69.0 kg,69.5 kg,70.0 kg
AF,Afghanistan,Zone 9,37.01,37.01,37.01,37.01,37.81,40.02,42.31,44.61,46.92,49.22,53.23,55.58,57.98,60.32,62.76,65.12,67.51,69.89,72.29,74.66,81.12,81.12,85.44,85.44,89.83,89.83,94.22,94.22,98.55,98.55,103.57,103.57,107.97,107.97,112.29,112.29,116.72,116.72,121.16,121.16,131.00,131.00,131.00,131.00,140.73,140.73,140.73,140.73,150.50,150.50,150.50,150.50,160.20,160.20,160.20,160.20,169.94,169.94,169.94,169.94,192.89,192.89,192.89,192.89,192.89,192.89,192.89,192.89,192.89,192.89,216.70,216.70,216.70,216.70,216.70,216.70,216.70,216.70,216.70,216.70,240.43,240.43,240.43,240.43,240.43,240.43,240.43,240.43,240.43,240.43,264.25,264.25,264.25,264.25,264.25,264.25,264.25,264.25,264.25,264.25,288.03,288.03,288.03,288.03,288.03,288.03,288.03,288.03,288.03,288.03,311.80,311.80,311.80,311.80,311.80,311.80,311.80,311.80,311.80,311.80,335.57,335.57,335.57,335.57,335.57,335.57,335.57,335.57,335.57,335.57,359.36,359.36,359.36,359.36,359.36,359.36,359.36,359.36,359.36,359.36
AL,Albania,Zone 5,34.84,34.84,34.84,34.84,37.45,38.24,39.94,41.67,43.37,45.07,46.14,47.52,48.89,50.31,51.68,53.07,54.46,55.84,57.23,58.61,61.39,61.39,64.08,64.08,66.71,66.71,69.36,69.36,72.02,72.02,74.87,74.87,77.54,77.54,80.20,80.20,82.87,82.87,85.53,85.53,90.65,90.65,90.65,90.65,95.64,95.64,95.64,95.64,100.56,100.56,100.56,100.56,105.54,105.54,105.54,105.54,110.48,110.48,110.48,110.48,125.06,125.06,125.06,125.06,125.06,125.06,125.06,125.06,125.06,125.06,139.85,139.85,139.85,139.85,139.85,139.85,139.85,139.85,139.85,139.85,154.64,154.64,154.64,154.64,154.64,154.64,154.64,154.64,154.64,154.64,169.45,169.45,169.45,169.45,169.45,169.45,169.45,169.45,169.45,169.45,184.24,184.24,184.24,184.24,184.24,184.24,184.24,184.24,184.24,184.24,199.03,199.03,199.03,199.03,199.03,199.03,199.03,199.03,199.03,199.03,213.85,213.85,213.85,213.85,213.85,213.85,213.85,213.85,213.85,213.85,228.60,228.60,228.60,228.60,228.60,228.60,228.60,228.60,228.60,228.60
AS,American Samoa,Zone 9,37.01,37.01,37.01,37.01,37.81,40.02,42.31,44.61,46.92,49.22,53.23,55.58,57.98,60.32,62.76,65.12,67.51,69.89,72.29,74.66,81.12,81.12,85.44,85.44,89.83,89.83,94.22,94.22,98.55,98.55,103.57,103.57,107.97,107.97,112.29,112.29,116.72,116.72,121.16,121.16,131.00,131.00,131.00,131.00,140.73,140.73,140.73,140.73,150.50,150.50,150.50,150.50,160.20,160.20,160.20,160.20,169.94,169.94,169.94,169.94,192.89,192.89,192.89,192.89,192.89,192.89,192.89,192.89,192.89,192.89,216.70,216.70,216.70,216.70,216.70,216.70,216.70,216.70,216.70,216.70,240.43,240.43,240.43,240.43,240.43,240.43,240.43,240.43,240.43,240.43,264.25,264.25,264.25,264.25,264.25,264.25,264.25,264.25,264.25,264.25,288.03,288.03,288.03,288.03,288.03,288.03,288.03,288.03,288.03,288.03,311.80,311.80,311.80,311.80,311.80,311.80,311.80,311.80,311.80,311.80,335.57,335.57,335.57,335.57,335.57,335.57,335.57,335.57,335.57,335.57,359.36,359.36,359.36,359.36,359.36,359.36,359.36,359.36,359.36,359.36
AD,Andorra,Zone 5,34.84,34.84,34.84,34.84,37.45,38.24,39.94,41.67,43.37,45.07,46.14,47.52,48.89,50.31,51.68,53.07,54.46,55.84,57.23,58.61,61.39,61.39,64.08,64.08,66.71,66.71,69.36,69.36,72.02,72.02,74.87,74.87,77.54,77.54,80.20,80.20,82.87,82.87,85.53,85.53,90.65,90.65,90.65,90.65,95.64,95.64,95.64,95.64,100.56,100.56,100.56,100.56,105.54,105.54,105.54,105.54,110.48,110.48,110.48,110.48,125.06,125.06,125.06,125.06,125.06,125.06,125.06,125.06,125.06,125.06,139.85,139.85,139.85,139.85,139.85,139.85,139.85,139.85,139.85,139.85,154.64,154.64,154.64,154.64,154.64,154.64,154.64,154.64,154.64,154.64,169.45,169.45,169.45,169.45,169.45,169.45,169.45,169.45,169.45,169.45,184.24,184.24,184.24,184.24,184.24,184.24,184.24,184.24,184.24,184.24,199.03,199.03,199.03,199.03,199.03,199.03,199.03,199.03,199.03,199.03,213.85,213.85,213.85,213.85,213.85,213.85,213.85,213.85,213.85,213.85,228.60,228.60,228.60,228.60,228.60,228.60,228.60,228.60,228.60,228.60
AO,Angola,Zone 10,37.00,37.00,37.00,37.00,38.70,40.63,42.80,44.92,47.08,49.20,54.20,56.50,58.75,61.03,63.26,65.59,67.83,70.14,72.38,74.68,80.39,80.39,84.92,84.92,89.46,89.46,93.96,93.96,98.52,98.52,102.96,102.96,107.54,107.54,112.09,112.09,116.59,116.59,121.14,121.14,134.19,134.19,134.19,134.19,143.14,143.14,143.14,143.14,152.09,152.09,152.09,152.09,161.03,161.03,161.03,161.03,169.98,169.98,169.98,169.98,193.78,193.78,193.78,193.78,193.78,193.78,193.78,193.78,193.78,193.78,217.59,217.59,217.59,217.59,217.59,217.59,217.59,217.59,217.59,217.59,241.36,241.36,241.36,241.36,241.36,241.36,241.36,241.36,241.36,241.36,265.16,265.16,265.16,265.16,265.16,265.16,265.16,265.16,265.16,265.16,288.94,288.94,288.94,288.94,288.94,288.94,288.94,288.94,288.94,288.94,312.72,312.72,312.72,312.72,312.72,312.72,312.72,312.72,312.72,312.72,336.55,336.55,336.55,336.55,336.55,336.55,336.55,336.55,336.55,336.55,360.31,360.31,360.31,360.31,360.31,360.31,360.31,360.31,360.31,360.31
AI,Anguilla,Zone 9,37.01,37.01,37.01,37.01,37.81,40.02,42.31,44.61,46.92,49.22,53.23,55.58,57.98,60.32,62.76,65.12,67.51,69.89,72.29,74.66,81.12,81.12,85.44,85.44,89.83,89.83,94.22,94.22,98.55,98.55,103.57,103.57,107.97,107.97,112.29,112.29,116.72,116.72,121.16,121.16,131.00,131.00,131.00,131.00,140.73,140.73,140.73,140.73,150.50,150.50,150.50,150.50,160.20,160.20,160.20,160.20,169.94,169.94,169.94,169.94,192.89,192.89,192.89,192.89,192.89,192.89,192.89,192.89,192.89,192.89,216.70,216.70,216.70,216.70,216.70,216.70,216.70,216.70,216.70,216.70,240.43,240.43,240.43,240.43,240.43,240.43,240.43,240.43,240.43,240.43,264.25,264.25,264.25,264.25,264.25,264.25,264.25,264.25,264.25,264.25,288.03,288.03,288.03,288.03,288.03,288.03,288.03,288.03,288.03,288.03,311.80,311.80,311.80,311.80,311.80,311.80,311.80,311.80,311.80,311.80,335.57,335.57,335.57,335.57,335.57,335.57,335.57,335.57,335.57,335.57,359.36,359.36,359.36,359.36,359.36,359.36,359.36,359.36,359.36,359.36
AG,Antigua and Barbuda,Zone 9,37.01,37.01,37.01,37.01,37.81,40.02,42.31,44.61,46.92,49.22,53.23,55.58,57.98,60.32,62.76,65.12,67.51,69.89,72.29,74.66,81.12,81.12,85.44,85.44,89.83,89.83,94.22,94.22,98.55,98.55,103.57,103.57,107.97,107.97,112.29,112.29,116.72,116.72,121.16,121.16,131.00,131.00,131.00,131.00,140.73,140.73,140.73,140.73,150.50,150.50,150.50,150.50,160.20,160.20,160.20,160.20,169.94,169.94,169.94,169.94,192.89,192.89,192.89,192.89,192.89,192.89,192.89,192.89,192.89,192.89,216.70,216.70,216.70,216.70,216.70,216.70,216.70,216.70,216.70,216.70,240.43,240.43,240.43,240.43,240.43,240.43,240.43,240.43,240.43,240.43,264.25,264.25,264.25,264.25,264.25,264.25,264.25,264.25,264.25,264.25,288.03,288.03,288.03,288.03,288.03,288.03,288.03,288.03,288.03,288.03,311.80,311.80,311.80,311.80,311.80,311.80,311.80,311.80,311.80,311.80,335.57,335.57,335.57,335.57,335.57,335.57,335.57,335.57,335.57,335.57,359.36,359.36,359.36,359.36,359.36,359.36,359.36,359.36,359.36,359.36
AR,Argentina,Zone 10,37.00,37.00,37.00,37.00,38.70,40.63,42.80,44.92,47.08,49.20,54.20,56.50,58.75,61.03,63.26,65.59,67.83,70.14,72.38,74.68,80.39,80.39,84.92,84.92,89.46,89.46,93.96,93.96,98.52,98.52,102.96,102.96,107.54,107.54,112.09,112.09,116.59,116.59,121.14,121.14,134.19,134.19,134.19,134.19,143.14,143.14,143.14,143.14,152.09,152.09,152.09,152.09,161.03,161.03,161.03,161.03,169.98,169.98,169.98,169.98,193.78,193.78,193.78,193.78,193.78,193.78,193.78,193.78,193.78,193.78,217.59,217.59,217.59,217.59,217.59,217.59,217.59,217.59,217.59,217.59,241.36,241.36,241.36,241.36,241.36,241.36,241.36,241.36,241.36,241.36,265.16,265.16,265.16,265.16,265.16,265.16,265.16,265.16,265.16,265.16,288.94,288.94,288.94,288.94,288.94,288.94,288.94,288.94,288.94,288.94,312.72,312.72,312.72,312.72,312.72,312.72,312.72,312.72,312.72,312.72,336.55,336.55,336.55,336.55,336.55,336.55,336.55,336.55,336.55,336.55,360.31,360.31,360.31,360.31,360.31,360.31,360.31,360.31,360.31,360.31
AM,Armenia,Zone 9,37.01,37.01,37.01,37.01,37.81,40.02,42.31,44.61,46.92,49.22,53.23,55.58,57.98,60.32,62.76,65.12,67.51,69.89,72.29,74.66,81.12,81.12,85.44,85.44,89.83,89.83,94.22,94.22,98.55,98.55,103.57,103.57,107.97,107.97,112.29,112.29,116.72,116.72,121.16,121.16,131.00,131.00,131.00,131.00,140.73,140.73,140.73,140.73,150.50,150.50,150.50,150.50,160.20,160.20,160.20,160.20,169.94,169.94,169.94,169.94,192.89,192.89,192.89,192.89,192.89,192.89,192.89,192.89,192.89,192.89,216.70,216.70,216.70,216.70,216.70,216.70,216.70,216.70,216.70,216.70,240.43,240.43,240.43,240.43,240.43,240.43,240.43,240.43,240.43,240.43,264.25,264.25,264.25,264.25,264.25,264.25,264.25,264.25,264.25,264.25,288.03,288.03,288.03,288.03,288.03,288.03,288.03,288.03,288.03,288.03,311.80,311.80,311.80,311.80,311.80,311.80,311.80,311.80,311.80,311.80,335.57,335.57,335.57,335.57,335.57,335.57,335.57,335.57,335.57,335.57,359.36,359.36,359.36,359.36,359.36,359.36,359.36,359.36,359.36,359.36
AW,Aruba,Zone 9,37.01,37.01,37.01,37.01,37.81,40.02,42.31,44.61,46.92,49.22,53.23,55.58,57.98,60.32,62.76,65.12,67.51,69.89,72.29,74.66,81.12,81.12,85.44,85.44,89.83,89.83,94.22,94.22,98.55,98.55,103.57,103.57,107.97,107.97,112.29,112.29,116.72,116.72,121.16,121.16,131.00,131.00,131.00,131.00,140.73,140.73,140.73,140.73,150.50,150.50,150.50,150.50,160.20,160.20,160.20,160.20,169.94,169.94,169.94,169.94,192.89,192.89,192.89,192.89,192.89,192.89,192.89,192.89,192.89,192.89,216.70,216.70,216.70,216.70,216.70,216.70,216.70,216.70,216.70,216.70,240.43,240.43,240.43,240.43,240.43,240.43,240.43,240.43,240.43,240.43,264.25,264.25,264.25,264.25,264.25,264.25,264.25,264.25,264.25,264.25,288.03,288.03,288.03,288.03,288.03,288.03,288.03,288.03,288.03,288.03,311.80,311.80,311.80,311.80,311.80,311.80,311.80,311.80,311.80,311.80,335.57,335.57,335.57,335.57,335.57,335.57,335.57,335.57,335.57,335.57,359.36,359.36,359.36,359.36,359.36,359.36,359.36,359.36,359.36,359.36
AU,Australia,Zone 8,24.03,24.03,24.03,24.03,24.03,24.03,24.03,24.03,24.03,24.03,27.04,28.12,29.22,30.31,31.43,32.51,33.60,34.71,35.76,36.86,41.16,41.16,43.35,43.35,45.55,45.55,47.79,47.79,49.98,49.98,53.72,53.72,56.04,56.04,58.31,58.31,60.58,60.58,62.84,62.84,67.54,67.54,67.54,67.54,71.96,71.96,71.96,71.96,76.39,76.39,76.39,76.39,80.82,80.82,80.82,80.82,85.26,85.26,85.26,85.26,96.58,96.58,96.58,96.58,96.58,96.58,96.58,96.58,96.58,96.58,107.91,107.91,107.91,107.91,107.91,107.91,107.91,107.91,107.91,107.91,119.23,119.23,119.23,119.23,119.23,119.23,119.23,119.23,119.23,119.23,130.58,130.58,130.58,130.58,130.58,130.58,130.58,130.58,130.58,130.58,141.88,141.88,141.88,141.88,141.88,141.88,141.88,141.88,141.88,141.88,153.20,153.20,153.20,153.20,153.20,153.20,153.20,153.20,153.20,153.20,164.54,164.54,164.54,164.54,164.54,164.54,164.54,164.54,164.54,164.54,175.86,175.86,175.86,175.86,175.86,175.86,175.86,175.86,175.86,175.86
AT,Austria,Zone 704,16.13,16.13,16.13,16.13,16.11,16.11,16.86,17.63,18.37,19.15,19.92,20.70,21.46,22.24,23.00,23.76,24.52,25.30,26.06,26.85,28.10,28.10,29.25,29.25,30.42,30.42,31.62,31.62,32.79,32.79,33.83,33.83,34.98,34.98,36.11,36.11,37.28,37.28,38.42,38.42,40.68,40.68,40.68,40.68,42.78,42.78,42.78,42.78,44.85,44.85,44.85,44.85,46.97,46.97,46.97,46.97,49.03,49.03,49.03,49.03,55.97,55.97,55.97,55.97,55.97,55.97,55.97,55.97,55.97,55.97,62.78,62.78,62.78,62.78,62.78,62.78,62.78,62.78,62.78,62.78,69.57,69.57,69.57,69.57,69.57,69.57,69.57,69.57,69.57,69.57,76.35,76.35,76.35,76.35,76.35,76.35,76.35,76.35,76.35,76.35,83.15,83.15,83.15,83.15,83.15,83.15,83.15,83.15,83.15,83.15,89.95,89.95,89.95,89.95,89.95,89.95,89.95,89.95,89.95,89.95,96.74,96.74,96.74,96.74,96.74,96.74,96.74,96.74,96.74,96.74,103.54,103.54,103.54,103.54,103.54,103.54,103.54,103.54,103.54,103.54
AZ,Azerbaijan,Zone 9,37.01,37.01,37.01,37.01,37.81,40.02,42.31,44.61,46.92,49.22,53.23,55.58,57.98,60.32,62.76,65.12,67.51,69.89,72.29,74.66,81.12,81.12,85.44,85.44,89.83,89.83,94.22,94.22,98.55,98.55,103.57,103.57,107.97,107.97,112.29,112.29,116.72,116.72,121.16,121.16,131.00,131.00,131.00,131.00,140.73,140.73,140.73,140.73,150.50,150.50,150.50,150.50,160.20,160.20,160.20,160.20,169.94,169.94,169.94,169.94,192.89,192.89,192.89,192.89,192.89,192.89,192.89,192.89,192.89,192.89,216.70,216.70,216.70,216.70,216.70,216.70,216.70,216.70,216.70,216.70,240.43,240.43,240.43,240.43,240.43,240.43,240.43,240.43,240.43,240.43,264.25,264.25,264.25,264.25,264.25,264.25,264.25,264.25,264.25,264.25,288.03,288.03,288.03,288.03,288.03,288.03,288.03,288.03,288.03,288.03,311.80,311.80,311.80,311.80,311.80,311.80,311.80,311.80,311.80,311.80,335.57,335.57,335.57,335.57,335.57,335.57,335.57,335.57,335.57,335.57,359.36,359.36,359.36,359.36,359.36,359.36,359.36,359.36,359.36,359.36
BS,Bahamas,Zone 9,37.01,37.01,37.01,37.01,37.81,40.02,42.31,44.61,46.92,49.22,53.23,55.58,57.98,60.32,62.76,65.12,67.51,69.89,72.29,74.66,81.12,81.12,85.44,85.44,89.83,89.83,94.22,94.22,98.55,98.55,103.57,103.57,107.97,107.97,112.29,112.29,116.72,116.72,121.16,121.16,131.00,131.00,131.00,131.00,140.73,140.73,140.73,140.73,150.50,150.50,150.50,150.50,160.20,160.20,160.20,160.20,169.94,169.94,169.94,169.94,192.89,192.89,192.89,192.89,192.89,192.89,192.89,192.89,192.89,192.89,216.70,216.70,216.70,216.70,216.70,216.70,216.70,216.70,216.70,216.70,240.43,240.43,240.43,240.43,240.43,240.43,240.43,240.43,240.43,240.43,264.25,264.25,264.25,264.25,264.25,264.25,264.25,264.25,264.25,264.25,288.03,288.03,288.03,288.03,288.03,288.03,288.03,288.03,288.03,288.03,311.80,311.80,311.80,311.80,311.80,311.80,311.80,311.80,311.80,311.80,335.57,335.57,335.57,335.57,335.57,335.57,335.57,335.57,335.57,335.57,359.36,359.36,359.36,359.36,359.36,359.36,359.36,359.36,359.36,359.36
BH,Bahrain,Zone 9,37.01,37.01,37.01,37.01,37.81,40.02,42.31,44.61,46.92,49.22,53.23,55.58,57.98,60.32,62.76,65.12,67.51,69.89,72.29,74.66,81.12,81.12,85.44,85.44,89.83,89.83,94.22,94.22,98.55,98.55,103.57,103.57,107.97,107.97,112.29,112.29,116.72,116.72,121.16,121.16,131.00,131.00,131.00,131.00,140.73,140.73,140.73,140.73,150.50,150.50,150.50,150.50,160.20,160.20,160.20,160.20,169.94,169.94,169.94,169.94,192.89,192.89,192.89,192.89,192.89,192.89,192.89,192.89,192.89,192.89,216.70,216.70,216.70,216.70,216.70,216.70,216.70,216.70,216.70,216.70,240.43,240.43,240.43,240.43,240.43,240.43,240.43,240.43,240.43,240.43,264.25,264.25,264.25,264.25,264.25,264.25,264.25,264.25,264.25,264.25,288.03,288.03,288.03,288.03,288.03,288.03,288.03,288.03,288.03,288.03,311.80,311.80,311.80,311.80,311.80,311.80,311.80,311.80,311.80,311.80,335.57,335.57,335.57,335.57,335.57,335.57,335.57,335.57,335.57,335.57,359.36,359.36,359.36,359.36,359.36,359.36,359.36,359.36,359.36,359.36
BB,Barbados,Zone 9,37.01,37.01,37.01,37.01,37.81,40.02,42.31,44.61,46.92,49.22,53.23,55.58,57.98,60.32,62.76,65.12,67.51,69.89,72.29,74.66,81.12,81.12,85.44,85.44,89.83,89.83,94.22,94.22,98.55,98.55,103.57,103.57,107.97,107.97,112.29,112.29,116.72,116.72,121.16,121.16,131.00,131.00,131.00,131.00,140.73,140.73,140.73,140.73,150.50,150.50,150.50,150.50,160.20,160.20,160.20,160.20,169.94,169.94,169.94,169.94,192.89,192.89,192.89,192.89,192.89,192.89,192.89,192.89,192.89,192.89,216.70,216.70,216.70,216.70,216.70,216.70,216.70,216.70,216.70,216.70,240.43,240.43,240.43,240.43,240.43,240.43,240.43,240.43,240.43,240.43,264.25,264.25,264.25,264.25,264.25,264.25,264.25,264.25,264.25,264.25,288.03,288.03,288.03,288.03,288.03,288.03,288.03,288.03,288.03,288.03,311.80,311.80,311.80,311.80,311.80,311.80,311.80,311.80,311.80,311.80,335.57,335.57,335.57,335.57,335.57,335.57,335.57,335.57,335.57,335.57,359.36,359.36,359.36,359.36,359.36,359.36,359.36,359.36,359.36,359.36
BE,Belgium,Zone 702,13.08,13.08,13.08,13.08,14.55,14.91,15.35,15.77,16.21,16.67,18.41,18.76,19.11,19.47,19.81,20.14,20.48,20.82,21.14,21.51,22.40,22.40,23.06,23.06,23.77,23.77,24.41,24.41,25.09,25.09,26.08,26.08,26.77,26.77,27.47,27.47,28.13,28.13,28.77,28.77,31.00,31.00,31.00,31.00,32.26,32.26,32.26,32.26,33.51,33.51,33.51,33.51,34.76,34.76,34.76,34.76,36.01,36.01,36.01,36.01,39.64,39.64,39.64,39.64,39.64,39.64,39.64,39.64,39.64,39.64,43.05,43.05,43.05,43.05,43.05,43.05,43.05,43.05,43.05,43.05,46.52,46.52,46.52,46.52,46.52,46.52,46.52,46.52,46.52,46.52,49.93,49.93,49.93,49.93,49.93,49.93,49.93,49.93,49.93,49.93,53.37,53.37,53.37,53.37,53.37,53.37,53.37,53.37,53.37,53.37,56.84,56.84,56.84,56.84,56.84,56.84,56.84,56.84,56.84,56.84,60.27,60.27,60.27,60.27,60.27,60.27,60.27,60.27,60.27,60.27,63.69,63.69,63.69,63.69,63.69,63.69,63.69,63.69,63.69,63.69
BZ,Belize,Zone 10,37.00,37.00,37.00,37.00,38.70,40.63,42.80,44.92,47.08,49.20,54.20,56.50,58.75,61.03,63.26,65.59,67.83,70.14,72.38,74.68,80.39,80.39,84.92,84.92,89.46,89.46,93.96,93.96,98.52,98.52,102.96,102.96,107.54,107.54,112.09,112.09,116.59,116.59,121.14,121.14,134.19,134.19,134.19,134.19,143.14,143.14,143.14,143.14,152.09,152.09,152.09,152.09,161.03,161.03,161.03,161.03,169.98,169.98,169.98,169.98,193.78,193.78,193.78,193.78,193.78,193.78,193.78,193.78,193.78,193.78,217.59,217.59,217.59,217.59,217.59,217.59,217.59,217.59,217.59,217.59,241.36,241.36,241.36,241.36,241.36,241.36,241.36,241.36,241.36,241.36,265.16,265.16,265.16,265.16,265.16,265.16,265.16,265.16,265.16,265.16,288.94,288.94,288.94,288.94,288.94,288.94,288.94,288.94,288.94,288.94,312.72,312.72,312.72,312.72,312.72,312.72,312.72,312.72,312.72,312.72,336.55,336.55,336.55,336.55,336.55,336.55,336.55,336.55,336.55,336.55,360.31,360.31,360.31,360.31,360.31,360.31,360.31,360.31,360.31,360.31
BJ,Benin,Zone 10,37.00,37.00,37.00,37.00,38.70,40.63,42.80,44.92,47.08,49.20,54.20,56.50,58.75,61.03,63.26,65.59,67.83,70.14,72.38,74.68,80.39,80.39,84.92,84.92,89.46,89.46,93.96,93.96,98.52,98.52,102.96,102.96,107.54,107.54,112.09,112.09,116.59,116.59,121.14,121.14,134.19,134.19,134.19,134.19,143.14,143.14,143.14,143.14,152.09,152.09,152.09,152.09,161.03,161.03,161.03,161.03,169.98,169.98,169.98,169.98,193.78,193.78,193.78,193.78,193.78,193.78,193.78,193.78,193.78,193.78,217.59,217.59,217.59,217.59,217.59,217.59,217.59,217.59,217.59,217.59,241.36,241.36,241.36,241.36,241.36,241.36,241.36,241.36,241.36,241.36,265.16,265.16,265.16,265.16,265.16,265.16,265.16,265.16,265.16,265.16,288.94,288.94,288.94,288.94,288.94,288.94,288.94,288.94,288.94,288.94,312.72,312.72,312.72,312.72,312.72,312.72,312.72,312.72,312.72,312.72,336.55,336.55,336.55,336.55,336.55,336.55,336.55,336.55,336.55,336.55,360.31,360.31,360.31,360.31,360.31,360.31,360.31,360.31,360.31,360.31
BM,Bermuda,Zone 9,37.01,37.01,37.01,37.01,37.81,40.02,42.31,44.61,46.92,49.22,53.23,55.58,57.98,60.32,62.76,65.12,67.51,69.89,72.29,74.66,81.12,81.12,85.44,85.44,89.83,89.83,94.22,94.22,98.55,98.55,103.57,103.57,107.97,107.97,112.29,112.29,116.72,116.72,121.16,121.16,131.00,131.00,131.00,131.00,140.73,140.73,140.73,140.73,150.50,150.50,150.50,150.50,160.20,160.20,160.20,160.20,169.94,169.94,169.94,169.94,192.89,192.89,192.89,192.89,192.89,192.89,192.89,192.89,192.89,192.89,216.70,216.70,216.70,216.70,216.70,216.70,216.70,216.70,216.70,216.70,240.43,240.43,240.43,240.43,240.43,240.43,240.43,240.43,240.43,240.43,264.25,264.25,264.25,264.25,264.25,264.25,264.25,264.25,264.25,264.25,288.03,288.03,288.03,288.03,288.03,288.03,288.03,288.03,288.03,288.03,311.80,311.80,311.80,311.80,311.80,311.80,311.80,311.80,311.80,311.80,335.57,335.57,335.57,335.57,335.57,335.57,335.57,335.57,335.57,335.57,359.36,359.36,359.36,359.36,359.36,359.36,359.36,359.36,359.36,359.36
BT,Bhutan,Zone 10,37.00,37.00,37.00,37.00,38.70,40.63,42.80,44.92,47.08,49.20,54.20,56.50,58.75,61.03,63.26,65.59,67.83,70.14,72.38,74.68,80.39,80.39,84.92,84.92,89.46,89.46,93.96,93.96,98.52,98.52,102.96,102.96,107.54,107.54,112.09,112.09,116.59,116.59,121.14,121.14,134.19,134.19,134.19,134.19,143.14,143.14,143.14,143.14,152.09,152.09,152.09,152.09,161.03,161.03,161.03,161.03,169.98,169.98,169.98,169.98,193.78,193.78,193.78,193.78,193.78,193.78,193.78,193.78,193.78,193.78,217.59,217.59,217.59,217.59,217.59,217.59,217.59,217.59,217.59,217.59,241.36,241.36,241.36,241.36,241.36,241.36,241.36,241.36,241.36,241.36,265.16,265.16,265.16,265.16,265.16,265.16,265.16,265.16,265.16,265.16,288.94,288.94,288.94,288.94,288.94,288.94,288.94,288.94,288.94,288.94,312.72,312.72,312.72,312.72,312.72,312.72,312.72,312.72,312.72,312.72,336.55,336.55,336.55,336.55,336.55,336.55,336.55,336.55,336.55,336.55,360.31,360.31,360.31,360.31,360.31,360.31,360.31,360.31,360.31,360.31
BO,Bolivia,Zone 10,37.00,37.00,37.00,37.00,38.70,40.63,42.80,44.92,47.08,49.20,54.20,56.50,58.75,61.03,63.26,65.59,67.83,70.14,72.38,74.68,80.39,80.39,84.92,84.92,89.46,89.46,93.96,93.96,98.52,98.52,102.96,102.96,107.54,107.54,112.09,112.09,116.59,116.59,121.14,121.14,134.19,134.19,134.19,134.19,143.14,143.14,143.14,143.14,152.09,152.09,152.09,152.09,161.03,161.03,161.03,161.03,169.98,169.98,169.98,169.98,193.78,193.78,193.78,193.78,193.78,193.78,193.78,193.78,193.78,193.78,217.59,217.59,217.59,217.59,217.59,217.59,217.59,217.59,217.59,217.59,241.36,241.36,241.36,241.36,241.36,241.36,241.36,241.36,241.36,241.36,265.16,265.16,265.16,265.16,265.16,265.16,265.16,265.16,265.16,265.16,288.94,288.94,288.94,288.94,288.94,288.94,288.94,288.94,288.94,288.94,312.72,312.72,312.72,312.72,312.72,312.72,312.72,312.72,312.72,312.72,336.55,336.55,336.55,336.55,336.55,336.55,336.55,336.55,336.55,336.55,360.31,360.31,360.31,360.31,360.31,360.31,360.31,360.31,360.31,360.31
BQ,Bonaire,Zone 9,37.01,37.01,37.01,37.01,37.81,40.02,42.31,44.61,46.92,49.22,53.23,55.58,57.98,60.32,62.76,65.12,67.51,69.89,72.29,74.66,81.12,81.12,85.44,85.44,89.83,89.83,94.22,94.22,98.55,98.55,103.57,103.57,107.97,107.97,112.29,112.29,116.72,116.72,121.16,121.16,131.00,131.00,131.00,131.00,140.73,140.73,140.73,140.73,150.50,150.50,150.50,150.50,160.20,160.20,160.20,160.20,169.94,169.94,169.94,169.94,192.89,192.89,192.89,192.89,192.89,192.89,192.89,192.89,192.89,192.89,216.70,216.70,216.70,216.70,216.70,216.70,216.70,216.70,216.70,216.70,240.43,240.43,240.43,240.43,240.43,240.43,240.43,240.43,240.43,240.43,264.25,264.25,264.25,264.25,264.25,264.25,264.25,264.25,264.25,264.25,288.03,288.03,288.03,288.03,288.03,288.03,288.03,288.03,288.03,288.03,311.80,311.80,311.80,311.80,311.80,311.80,311.80,311.80,311.80,311.80,335.57,335.57,335.57,335.57,335.57,335.57,335.57,335.57,335.57,335.57,359.36,359.36,359.36,359.36,359.36,359.36,359.36,359.36,359.36,359.36
BA,Bosnia-Herzegovina,Zone 5,34.84,34.84,34.84,34.84,37.45,38.24,39.94,41.67,43.37,45.07,46.14,47.52,48.89,50.31,51.68,53.07,54.46,55.84,57.23,58.61,61.39,61.39,64.08,64.08,66.71,66.71,69.36,69.36,72.02,72.02,74.87,74.87,77.54,77.54,80.20,80.20,82.87,82.87,85.53,85.53,90.65,90.65,90.65,90.65,95.64,95.64,95.64,95.64,100.56,100.56,100.56,100.56,105.54,105.54,105.54,105.54,110.48,110.48,110.48,110.48,125.06,125.06,125.06,125.06,125.06,125.06,125.06,125.06,125.06,125.06,139.85,139.85,139.85,139.85,139.85,139.85,139.85,139.85,139.85,139.85,154.64,154.64,154.64,154.64,154.64,154.64,154.64,154.64,154.64,154.64,169.45,169.45,169.45,169.45,169.45,169.45,169.45,169.45,169.45,169.45,184.24,184.24,184.24,184.24,184.24,184.24,184.24,184.24,184.24,184.24,199.03,199.03,199.03,199.03,199.03,199.03,199.03,199.03,199.03,199.03,213.85,213.85,213.85,213.85,213.85,213.85,213.85,213.85,213.85,213.85,228.60,228.60,228.60,228.60,228.60,228.60,228.60,228.60,228.60,228.60
BW,Botswana,Zone 10,37.00,37.00,37.00,37.00,38.70,40.63,42.80,44.92,47.08,49.20,54.20,56.50,58.75,61.03,63.26,65.59,67.83,70.14,72.38,74.68,80.39,80.39,84.92,84.92,89.46,89.46,93.96,93.96,98.52,98.52,102.96,102.96,107.54,107.54,112.09,112.09,116.59,116.59,121.14,121.14,134.19,134.19,134.19,134.19,143.14,143.14,143.14,143.14,152.09,152.09,152.09,152.09,161.03,161.03,161.03,161.03,169.98,169.98,169.98,169.98,193.78,193.78,193.78,193.78,193.78,193.78,193.78,193.78,193.78,193.78,217.59,217.59,217.59,217.59,217.59,217.59,217.59,217.59,217.59,217.59,241.36,241.36,241.36,241.36,241.36,241.36,241.36,241.36,241.36,241.36,265.16,265.16,265.16,265.16,265.16,265.16,265.16,265.16,265.16,265.16,288.94,288.94,288.94,288.94,288.94,288.94,288.94,288.94,288.94,288.94,312.72,312.72,312.72,312.72,312.72,312.72,312.72,312.72,312.72,312.72,336.55,336.55,336.55,336.55,336.55,336.55,336.55,336.55,336.55,336.55,360.31,360.31,360.31,360.31,360.31,360.31,360.31,360.31,360.31,360.31
BR,Brazil,Zone 10,37.00,37.00,37.00,37.00,38.70,40.63,42.80,44.92,47.08,49.20,54.20,56.50,58.75,61.03,63.26,65.59,67.83,70.14,72.38,74.68,80.39,80.39,84.92,84.92,89.46,89.46,93.96,93.96,98.52,98.52,102.96,102.96,107.54,107.54,112.09,112.09,116.59,116.59,121.14,121.14,134.19,134.19,134.19,134.19,143.14,143.14,143.14,143.14,152.09,152.09,152.09,152.09,161.03,161.03,161.03,161.03,169.98,169.98,169.98,169.98,193.78,193.78,193.78,193.78,193.78,193.78,193.78,193.78,193.78,193.78,217.59,217.59,217.59,217.59,217.59,217.59,217.59,217.59,217.59,217.59,241.36,241.36,241.36,241.36,241.36,241.36,241.36,241.36,241.36,241.36,265.16,265.16,265.16,265.16,265.16,265.16,265.16,265.16,265.16,265.16,288.94,288.94,288.94,288.94,288.94,288.94,288.94,288.94,288.94,288.94,312.72,312.72,312.72,312.72,312.72,312.72,312.72,312.72,312.72,312.72,336.55,336.55,336.55,336.55,336.55,336.55,336.55,336.55,336.55,336.55,360.31,360.31,360.31,360.31,360.31,360.31,360.31,360.31,360.31,360.31
VG,British Virgin Islands,Zone 9,37.01,37.01,37.01,37.01,37.81,40.02,42.31,44.61,46.92,49.22,53.23,55.58,57.98,60.32,62.76,65.12,67.51,69.89,72.29,74.66,81.12,81.12,85.44,85.44,89.83,89.83,94.22,94.22,98.55,98.55,103.57,103.57,107.97,107.97,112.29,112.29,116.72,116.72,121.16,121.16,131.00,131.00,131.00,131.00,140.73,140.73,140.73,140.73,150.50,150.50,150.50,150.50,160.20,160.20,160.20,160.20,169.94,169.94,169.94,169.94,192.89,192.89,192.89,192.89,192.89,192.89,192.89,192.89,192.89,192.89,216.70,216.70,216.70,216.70,216.70,216.70,216.70,216.70,216.70,216.70,240.43,240.43,240.43,240.43,240.43,240.43,240.43,240.43,240.43,240.43,264.25,264.25,264.25,264.25,264.25,264.25,264.25,264.25,264.25,264.25,288.03,288.03,288.03,288.03,288.03,288.03,288.03,288.03,288.03,288.03,311.80,311.80,311.80,311.80,311.80,311.80,311.80,311.80,311.80,311.80,335.57,335.57,335.57,335.57,335.57,335.57,335.57,335.57,335.57,335.57,359.36,359.36,359.36,359.36,359.36,359.36,359.36,359.36,359.36,359.36
BN,Brunei,Zone 9,37.01,37.01,37.01,37.01,37.81,40.02,42.31,44.61,46.92,49.22,53.23,55.58,57.98,60.32,62.76,65.12,67.51,69.89,72.29,74.66,81.12,81.12,85.44,85.44,89.83,89.83,94.22,94.22,98.55,98.55,103.57,103.57,107.97,107.97,112.29,112.29,116.72,116.72,121.16,121.16,131.00,131.00,131.00,131.00,140.73,140.73,140.73,140.73,150.50,150.50,150.50,150.50,160.20,160.20,160.20,160.20,169.94,169.94,169.94,169.94,192.89,192.89,192.89,192.89,192.89,192.89,192.89,192.89,192.89,192.89,216.70,216.70,216.70,216.70,216.70,216.70,216.70,216.70,216.70,216.70,240.43,240.43,240.43,240.43,240.43,240.43,240.43,240.43,240.43,240.43,264.25,264.25,264.25,264.25,264.25,264.25,264.25,264.25,264.25,264.25,288.03,288.03,288.03,288.03,288.03,288.03,288.03,288.03,288.03,288.03,311.80,311.80,311.80,311.80,311.80,311.80,311.80,311.80,311.80,311.80,335.57,335.57,335.57,335.57,335.57,335.57,335.57,335.57,335.57,335.57,359.36,359.36,359.36,359.36,359.36,359.36,359.36,359.36,359.36,359.36
BG,Bulgaria,Zone 742,29.75,29.75,29.75,29.75,32.63,34.15,35.61,37.01,38.46,39.95,42.05,43.31,44.57,45.86,47.14,48.42,49.69,50.97,52.26,53.53,57.15,57.15,59.60,59.60,62.03,62.03,64.46,64.46,66.91,66.91,70.51,70.51,73.02,73.02,75.47,75.47,77.92,77.92,80.41,80.41,86.28,86.28,86.28,86.28,91.06,91.06,91.06,91.06,95.89,95.89,95.89,95.89,100.70,100.70,100.70,100.70,105.35,105.35,105.35,105.35,119.61,119.61,119.61,119.61,119.61,119.61,119.61,119.61,119.61,119.61,133.78,133.78,133.78,133.78,133.78,133.78,133.78,133.78,133.78,133.78,147.86,147.86,147.86,147.86,147.86,147.86,147.86,147.86,147.86,147.86,161.98,161.98,161.98,161.98,161.98,161.98,161.98,161.98,161.98,161.98,176.08,176.08,176.08,176.08,176.08,176.08,176.08,176.08,176.08,176.08,190.19,190.19,190.19,190.19,190.19,190.19,190.19,190.19,190.19,190.19,204.33,204.33,204.33,204.33,204.33,204.33,204.33,204.33,204.33,204.33,218.40,218.40,218.40,218.40,218.40,218.40,218.40,218.40,218.40,218.40
BF,Burkina Faso,Zone 10,37.00,37.00,37.00,37.00,38.70,40.63,42.80,44.92,47.08,49.20,54.20,56.50,58.75,61.03,63.26,65.59,67.83,70.14,72.38,74.68,80.39,80.39,84.92,84.92,89.46,89.46,93.96,93.96,98.52,98.52,102.96,102.96,107.54,107.54,112.09,112.09,116.59,116.59,121.14,121.14,134.19,134.19,134.19,134.19,143.14,143.14,143.14,143.14,152.09,152.09,152.09,152.09,161.03,161.03,161.03,161.03,169.98,169.98,169.98,169.98,193.78,193.78,193.78,193.78,193.78,193.78,193.78,193.78,193.78,193.78,217.59,217.59,217.59,217.59,217.59,217.59,217.59,217.59,217.59,217.59,241.36,241.36,241.36,241.36,241.36,241.36,241.36,241.36,241.36,241.36,265.16,265.16,265.16,265.16,265.16,265.16,265.16,265.16,265.16,265.16,288.94,288.94,288.94,288.94,288.94,288.94,288.94,288.94,288.94,288.94,312.72,312.72,312.72,312.72,312.72,312.72,312.72,312.72,312.72,312.72,336.55,336.55,336.55,336.55,336.55,336.55,336.55,336.55,336.55,336.55,360.31,360.31,360.31,360.31,360.31,360.31,360.31,360.31,360.31,360.31
BI,Burundi,Zone 10,37.00,37.00,37.00,37.00,38.70,40.63,42.80,44.92,47.08,49.20,54.20,56.50,58.75,61.03,63.26,65.59,67.83,70.14,72.38,74.68,80.39,80.39,84.92,84.92,89.46,89.46,93.96,93.96,98.52,98.52,102.96,102.96,107.54,107.54,112.09,112.09,116.59,116.59,121.14,121.14,134.19,134.19,134.19,134.19,143.14,143.14,143.14,143.14,152.09,152.09,152.09,152.09,161.03,161.03,161.03,161.03,169.98,169.98,169.98,169.98,193.78,193.78,193.78,193.78,193.78,193.78,193.78,193.78,193.78,193.78,217.59,217.59,217.59,217.59,217.59,217.59,217.59,217.59,217.59,217.59,241.36,241.36,241.36,241.36,241.36,241.36,241.36,241.36,241.36,241.36,265.16,265.16,265.16,265.16,265.16,265.16,265.16,265.16,265.16,265.16,288.94,288.94,288.94,288.94,288.94,288.94,288.94,288.94,288.94,288.94,312.72,312.72,312.72,312.72,312.72,312.72,312.72,312.72,312.72,312.72,336.55,336.55,336.55,336.55,336.55,336.55,336.55,336.55,336.55,336.55,360.31,360.31,360.31,360.31,360.31,360.31,360.31,360.31,360.31,360.31
KH,Cambodia,Zone 10,37.00,37.00,37.00,37.00,38.70,40.63,42.80,44.92,47.08,49.20,54.20,56.50,58.75,61.03,63.26,65.59,67.83,70.14,72.38,74.68,80.39,80.39,84.92,84.92,89.46,89.46,93.96,93.96,98.52,98.52,102.96,102.96,107.54,107.54,112.09,112.09,116.59,116.59,121.14,121.14,134.19,134.19,134.19,134.19,143.14,143.14,143.14,143.14,152.09,152.09,152.09,152.09,161.03,161.03,161.03,161.03,169.98,169.98,169.98,169.98,193.78,193.78,193.78,193.78,193.78,193.78,193.78,193.78,193.78,193.78,217.59,217.59,217.59,217.59,217.59,217.59,217.59,217.59,217.59,217.59,241.36,241.36,241.36,241.36,241.36,241.36,241.36,241.36,241.36,241.36,265.16,265.16,265.16,265.16,265.16,265.16,265.16,265.16,265.16,265.16,288.94,288.94,288.94,288.94,288.94,288.94,288.94,288.94,288.94,288.94,312.72,312.72,312.72,312.72,312.72,312.72,312.72,312.72,312.72,312.72,336.55,336.55,336.55,336.55,336.55,336.55,336.55,336.55,336.55,336.55,360.31,360.31,360.31,360.31,360.31,360.31,360.31,360.31,360.31,360.31
CM,Cameroon,Zone 10,37.00,37.00,37.00,37.00,38.70,40.63,42.80,44.92,47.08,49.20,54.20,56.50,58.75,61.03,63.26,65.59,67.83,70.14,72.38,74.68,80.39,80.39,84.92,84.92,89.46,89.46,93.96,93.96,98.52,98.52,102.96,102.96,107.54,107.54,112.09,112.09,116.59,116.59,121.14,121.14,134.19,134.19,134.19,134.19,143.14,143.14,143.14,143.14,152.09,152.09,152.09,152.09,161.03,161.03,161.03,161.03,169.98,169.98,169.98,169.98,193.78,193.78,193.78,193.78,193.78,193.78,193.78,193.78,193.78,193.78,217.59,217.59,217.59,217.59,217.59,217.59,217.59,217.59,217.59,217.59,241.36,241.36,241.36,241.36,241.36,241.36,241.36,241.36,241.36,241.36,265.16,265.16,265.16,265.16,265.16,265.16,265.16,265.16,265.16,265.16,288.94,288.94,288.94,288.94,288.94,288.94,288.94,288.94,288.94,288.94,312.72,312.72,312.72,312.72,312.72,312.72,312.72,312.72,312.72,312.72,336.55,336.55,336.55,336.55,336.55,336.55,336.55,336.55,336.55,336.55,360.31,360.31,360.31,360.31,360.31,360.31,360.31,360.31,360.31,360.31
CA,Canada,Zone 7,18.70,18.70,18.70,18.70,18.70,18.70,18.70,18.70,18.70,18.70,22.39,23.14,23.89,24.63,25.38,26.13,26.89,27.63,28.39,29.16,33.94,33.94,35.46,35.46,36.91,36.91,38.43,38.43,39.91,39.91,44.07,44.07,45.67,45.67,47.29,47.29,48.83,48.83,50.43,50.43,64.52,64.52,64.52,64.52,67.96,67.96,67.96,67.96,71.41,71.41,71.41,71.41,74.88,74.88,74.88,74.88,78.37,78.37,78.37,78.37,89.44,89.44,89.44,89.44,89.44,89.44,89.44,89.44,89.44,89.44,100.53,100.53,100.53,100.53,100.53,100.53,100.53,100.53,100.53,100.53,111.60,111.60,111.60,111.60,111.60,111.60,111.60,111.60,111.60,111.60,122.70,122.70,122.70,122.70,122.70,122.70,122.70,122.70,122.70,122.70,133.82,133.82,133.82,133.82,133.82,133.82,133.82,133.82,133.82,133.82,144.89,144.89,144.89,144.89,144.89,144.89,144.89,144.89,144.89,144.89,155.98,155.98,155.98,155.98,155.98,155.98,155.98,155.98,155.98,155.98,167.08,167.08,167.08,167.08,167.08,167.08,167.08,167.08,167.08,167.08
CV,Cape Verde Islands,Zone 10,37.00,37.00,37.00,37.00,38.70,40.63,42.80,44.92,47.08,49.20,54.20,56.50,58.75,61.03,63.26,65.59,67.83,70.14,72.38,74.68,80.39,80.39,84.92,84.92,89.46,89.46,93.96,93.96,98.52,98.52,102.96,102.96,107.54,107.54,112.09,112.09,116.59,116.59,121.14,121.14,134.19,134.19,134.19,134.19,143.14,143.14,143.14,143.14,152.09,152.09,152.09,152.09,161.03,161.03,161.03,161.03,169.98,169.98,169.98,169.98,193.78,193.78,193.78,193.78,193.78,193.78,193.78,193.78,193.78,193.78,217.59,217.59,217.59,217.59,217.59,217.59,217.59,217.59,217.59,217.59,241.36,241.36,241.36,241.36,241.36,241.36,241.36,241.36,241.36,241.36,265.16,265.16,265.16,265.16,265.16,265.16,265.16,265.16,265.16,265.16,288.94,288.94,288.94,288.94,288.94,288.94,288.94,288.94,288.94,288.94,312.72,312.72,312.72,312.72,312.72,312.72,312.72,312.72,312.72,312.72,336.55,336.55,336.55,336.55,336.55,336.55,336.55,336.55,336.55,336.55,360.31,360.31,360.31,360.31,360.31,360.31,360.31,360.31,360.31,360.31
KY,Cayman Islands,Zone 9,37.01,37.01,37.01,37.01,37.81,40.02,42.31,44.61,46.92,49.22,53.23,55.58,57.98,60.32,62.76,65.12,67.51,69.89,72.29,74.66,81.12,81.12,85.44,85.44,89.83,89.83,94.22,94.22,98.55,98.55,103.57,103.57,107.97,107.97,112.29,112.29,116.72,116.72,121.16,121.16,131.00,131.00,131.00,131.00,140.73,140.73,140.73,140.73,150.50,150.50,150.50,150.50,160.20,160.20,160.20,160.20,169.94,169.94,169.94,169.94,192.89,192.89,192.89,192.89,192.89,192.89,192.89,192.89,192.89,192.89,216.70,216.70,216.70,216.70,216.70,216.70,216.70,216.70,216.70,216.70,240.43,240.43,240.43,240.43,240.43,240.43,240.43,240.43,240.43,240.43,264.25,264.25,264.25,264.25,264.25,264.25,264.25,264.25,264.25,264.25,288.03,288.03,288.03,288.03,288.03,288.03,288.03,288.03,288.03,288.03,311.80,311.80,311.80,311.80,311.80,311.80,311.80,311.80,311.80,311.80,335.57,335.57,335.57,335.57,335.57,335.57,335.57,335.57,335.57,335.57,359.36,359.36,359.36,359.36,359.36,359.36,359.36,359.36,359.36,359.36
CF,Central African Republic,Zone 10,37.00,37.00,37.00,37.00,38.70,40.63,42.80,44.92,47.08,49.20,54.20,56.50,58.75,61.03,63.26,65.59,67.83,70.14,72.38,74.68,80.39,80.39,84.92,84.92,89.46,89.46,93.96,93.96,98.52,98.52,102.96,102.96,107.54,107.54,112.09,112.09,116.59,116.59,121.14,121.14,134.19,134.19,134.19,134.19,143.14,143.14,143.14,143.14,152.09,152.09,152.09,152.09,161.03,161.03,161.03,161.03,169.98,169.98,169.98,169.98,193.78,193.78,193.78,193.78,193.78,193.78,193.78,193.78,193.78,193.78,217.59,217.59,217.59,217.59,217.59,217.59,217.59,217.59,217.59,217.59,241.36,241.36,241.36,241.36,241.36,241.36,241.36,241.36,241.36,241.36,265.16,265.16,265.16,265.16,265.16,265.16,265.16,265.16,265.16,265.16,288.94,288.94,288.94,288.94,288.94,288.94,288.94,288.94,288.94,288.94,312.72,312.72,312.72,312.72,312.72,312.72,312.72,312.72,312.72,312.72,336.55,336.55,336.55,336.55,336.55,336.55,336.55,336.55,336.55,336.55,360.31,360.31,360.31,360.31,360.31,360.31,360.31,360.31,360.31,360.31
TD,Chad,Zone 10,37.00,37.00,37.00,37.00,38.70,40.63,42.80,44.92,47.08,49.20,54.20,56.50,58.75,61.03,63.26,65.59,67.83,70.14,72.38,74.68,80.39,80.39,84.92,84.92,89.46,89.46,93.96,93.96,98.52,98.52,102.96,102.96,107.54,107.54,112.09,112.09,116.59,116.59,121.14,121.14,134.19,134.19,134.19,134.19,143.14,143.14,143.14,143.14,152.09,152.09,152.09,152.09,161.03,161.03,161.03,161.03,169.98,169.98,169.98,169.98,193.78,193.78,193.78,193.78,193.78,193.78,193.78,193.78,193.78,193.78,217.59,217.59,217.59,217.59,217.59,217.59,217.59,217.59,217.59,217.59,241.36,241.36,241.36,241.36,241.36,241.36,241.36,241.36,241.36,241.36,265.16,265.16,265.16,265.16,265.16,265.16,265.16,265.16,265.16,265.16,288.94,288.94,288.94,288.94,288.94,288.94,288.94,288.94,288.94,288.94,312.72,312.72,312.72,312.72,312.72,312.72,312.72,312.72,312.72,312.72,336.55,336.55,336.55,336.55,336.55,336.55,336.55,336.55,336.55,336.55,360.31,360.31,360.31,360.31,360.31,360.31,360.31,360.31,360.31,360.31
CL,Chile,Zone 10,37.00,37.00,37.00,37.00,38.70,40.63,42.80,44.92,47.08,49.20,54.20,56.50,58.75,61.03,63.26,65.59,67.83,70.14,72.38,74.68,80.39,80.39,84.92,84.92,89.46,89.46,93.96,93.96,98.52,98.52,102.96,102.96,107.54,107.54,112.09,112.09,116.59,116.59,121.14,121.14,134.19,134.19,134.19,134.19,143.14,143.14,143.14,143.14,152.09,152.09,152.09,152.09,161.03,161.03,161.03,161.03,169.98,169.98,169.98,169.98,193.78,193.78,193.78,193.78,193.78,193.78,193.78,193.78,193.78,193.78,217.59,217.59,217.59,217.59,217.59,217.59,217.59,217.59,217.59,217.59,241.36,241.36,241.36,241.36,241.36,241.36,241.36,241.36,241.36,241.36,265.16,265.16,265.16,265.16,265.16,265.16,265.16,265.16,265.16,265.16,288.94,288.94,288.94,288.94,288.94,288.94,288.94,288.94,288.94,288.94,312.72,312.72,312.72,312.72,312.72,312.72,312.72,312.72,312.72,312.72,336.55,336.55,336.55,336.55,336.55,336.55,336.55,336.55,336.55,336.55,360.31,360.31,360.31,360.31,360.31,360.31,360.31,360.31,360.31,360.31
CN,China,Zone 8,24.03,24.03,24.03,24.03,24.03,24.03,24.03,24.03,24.03,24.03,27.04,28.12,29.22,30.31,31.43,32.51,33.60,34.71,35.76,36.86,41.16,41.16,43.35,43.35,45.55,45.55,47.79,47.79,49.98,49.98,53.72,53.72,56.04,56.04,58.31,58.31,60.58,60.58,62.84,62.84,67.54,67.54,67.54,67.54,71.96,71.96,71.96,71.96,76.39,76.39,76.39,76.39,80.82,80.82,80.82,80.82,85.26,85.26,85.26,85.26,96.58,96.58,96.58,96.58,96.58,96.58,96.58,96.58,96.58,96.58,107.91,107.91,107.91,107.91,107.91,107.91,107.91,107.91,107.91,107.91,119.23,119.23,119.23,119.23,119.23,119.23,119.23,119.23,119.23,119.23,130.58,130.58,130.58,130.58,130.58,130.58,130.58,130.58,130.58,130.58,141.88,141.88,141.88,141.88,141.88,141.88,141.88,141.88,141.88,141.88,153.20,153.20,153.20,153.20,153.20,153.20,153.20,153.20,153.20,153.20,164.54,164.54,164.54,164.54,164.54,164.54,164.54,164.54,164.54,164.54,175.86,175.86,175.86,175.86,175.86,175.86,175.86,175.86,175.86,175.86
KM,Comoros,Zone 10,37.00,37.00,37.00,37.00,38.70,40.63,42.80,44.92,47.08,49.20,54.20,56.50,58.75,61.03,63.26,65.59,67.83,70.14,72.38,74.68,80.39,80.39,84.92,84.92,89.46,89.46,93.96,93.96,98.52,98.52,102.96,102.96,107.54,107.54,112.09,112.09,116.59,116.59,121.14,121.14,134.19,134.19,134.19,134.19,143.14,143.14,143.14,143.14,152.09,152.09,152.09,152.09,161.03,161.03,161.03,161.03,169.98,169.98,169.98,169.98,193.78,193.78,193.78,193.78,193.78,193.78,193.78,193.78,193.78,193.78,217.59,217.59,217.59,217.59,217.59,217.59,217.59,217.59,217.59,217.59,241.36,241.36,241.36,241.36,241.36,241.36,241.36,241.36,241.36,241.36,265.16,265.16,265.16,265.16,265.16,265.16,265.16,265.16,265.16,265.16,288.94,288.94,288.94,288.94,288.94,288.94,288.94,288.94,288.94,288.94,312.72,312.72,312.72,312.72,312.72,312.72,312.72,312.72,312.72,312.72,336.55,336.55,336.55,336.55,336.55,336.55,336.55,336.55,336.55,336.55,360.31,360.31,360.31,360.31,360.31,360.31,360.31,360.31,360.31,360.31
CG,Congo (Brazzaville),Zone 10,37.00,37.00,37.00,37.00,38.70,40.63,42.80,44.92,47.08,49.20,54.20,56.50,58.75,61.03,63.26,65.59,67.83,70.14,72.38,74.68,80.39,80.39,84.92,84.92,89.46,89.46,93.96,93.96,98.52,98.52,102.96,102.96,107.54,107.54,112.09,112.09,116.59,116.59,121.14,121.14,134.19,134.19,134.19,134.19,143.14,143.14,143.14,143.14,152.09,152.09,152.09,152.09,161.03,161.03,161.03,161.03,169.98,169.98,169.98,169.98,193.78,193.78,193.78,193.78,193.78,193.78,193.78,193.78,193.78,193.78,217.59,217.59,217.59,217.59,217.59,217.59,217.59,217.59,217.59,217.59,241.36,241.36,241.36,241.36,241.36,241.36,241.36,241.36,241.36,241.36,265.16,265.16,265.16,265.16,265.16,265.16,265.16,265.16,265.16,265.16,288.94,288.94,288.94,288.94,288.94,288.94,288.94,288.94,288.94,288.94,312.72,312.72,312.72,312.72,312.72,312.72,312.72,312.72,312.72,312.72,336.55,336.55,336.55,336.55,336.55,336.55,336.55,336.55,336.55,336.55,360.31,360.31,360.31,360.31,360.31,360.31,360.31,360.31,360.31,360.31
CD,"Congo, Democratic Republic of",Zone 10,37.00,37.00,37.00,37.00,38.70,40.63,42.80,44.92,47.08,49.20,54.20,56.50,58.75,61.03,63.26,65.59,67.83,70.14,72.38,74.68,80.39,80.39,84.92,84.92,89.46,89.46,93.96,93.96,98.52,98.52,102.96,102.96,107.54,107.54,112.09,112.09,116.59,116.59,121.14,121.14,134.19,134.19,134.19,134.19,143.14,143.14,143.14,143.14,152.09,152.09,152.09,152.09,161.03,161.03,161.03,161.03,169.98,169.98,169.98,169.98,193.78,193.78,193.78,193.78,193.78,193.78,193.78,193.78,193.78,193.78,217.59,217.59,217.59,217.59,217.59,217.59,217.59,217.59,217.59,217.59,241.36,241.36,241.36,241.36,241.36,241.36,241.36,241.36,241.36,241.36,265.16,265.16,265.16,265.16,265.16,265.16,265.16,265.16,265.16,265.16,288.94,288.94,288.94,288.94,288.94,288.94,288.94,288.94,288.94,288.94,312.72,312.72,312.72,312.72,312.72,312.72,312.72,312.72,312.72,312.72,336.55,336.55,336.55,336.55,336.55,336.55,336.55,336.55,336.55,336.55,360.31,360.31,360.31,360.31,360.31,360.31,360.31,360.31,360.31,360.31
CK,Cook Islands,Zone 9,37.01,37.01,37.01,37.01,37.81,40.02,42.31,44.61,46.92,49.22,53.23,55.58,57.98,60.32,62.76,65.12,67.51,69.89,72.29,74.66,81.12,81.12,85.44,85.44,89.83,89.83,94.22,94.22,98.55,98.55,103.57,103.57,107.97,107.97,112.29,112.29,116.72,116.72,121.16,121.16,131.00,131.00,131.00,131.00,140.73,140.73,140.73,140.73,150.50,150.50,150.50,150.50,160.20,160.20,160.20,160.20,169.94,169.94,169.94,169.94,192.89,192.89,192.89,192.89,192.89,192.89,192.89,192.89,192.89,192.89,216.70,216.70,216.70,216.70,216.70,216.70,216.70,216.70,216.70,216.70,240.43,240.43,240.43,240.43,240.43,240.43,240.43,240.43,240.43,240.43,264.25,264.25,264.25,264.25,264.25,264.25,264.25,264.25,264.25,264.25,288.03,288.03,288.03,288.03,288.03,288.03,288.03,288.03,288.03,288.03,311.80,311.80,311.80,311.80,311.80,311.80,311.80,311.80,311.80,311.80,335.57,335.57,335.57,335.57,335.57,335.57,335.57,335.57,335.57,335.57,359.36,359.36,359.36,359.36,359.36,359.36,359.36,359.36,359.36,359.36
CR,Costa Rica,Zone 10,37.00,37.00,37.00,37.00,38.70,40.63,42.80,44.92,47.08,49.20,54.20,56.50,58.75,61.03,63.26,65.59,67.83,70.14,72.38,74.68,80.39,80.39,84.92,84.92,89.46,89.46,93.96,93.96,98.52,98.52,102.96,102.96,107.54,107.54,112.09,112.09,116.59,116.59,121.14,121.14,134.19,134.19,134.19,134.19,143.14,143.14,143.14,143.14,152.09,152.09,152.09,152.09,161.03,161.03,161.03,161.03,169.98,169.98,169.98,169.98,193.78,193.78,193.78,193.78,193.78,193.78,193.78,193.78,193.78,193.78,217.59,217.59,217.59,217.59,217.59,217.59,217.59,217.59,217.59,217.59,241.36,241.36,241.36,241.36,241.36,241.36,241.36,241.36,241.36,241.36,265.16,265.16,265.16,265.16,265.16,265.16,265.16,265.16,265.16,265.16,288.94,288.94,288.94,288.94,288.94,288.94,288.94,288.94,288.94,288.94,312.72,312.72,312.72,312.72,312.72,312.72,312.72,312.72,312.72,312.72,336.55,336.55,336.55,336.55,336.55,336.55,336.55,336.55,336.55,336.55,360.31,360.31,360.31,360.31,360.31,360.31,360.31,360.31,360.31,360.31
HR,Croatia,Zone 741,16.24,16.24,16.24,16.24,16.71,17.27,18.11,18.96,19.76,20.50,21.16,21.82,22.49,23.16,23.81,24.47,25.13,25.79,26.45,27.11,28.19,28.19,29.43,29.43,30.65,30.65,31.90,31.90,33.16,33.16,34.36,34.36,35.55,35.55,36.76,36.76,37.97,37.97,39.17,39.17,41.62,41.62,41.62,41.62,43.87,43.87,43.87,43.87,46.14,46.14,46.14,46.14,48.37,48.37,48.37,48.37,50.62,50.62,50.62,50.62,57.41,57.41,57.41,57.41,57.41,57.41,57.41,57.41,57.41,57.41,64.17,64.17,64.17,64.17,64.17,64.17,64.17,64.17,64.17,64.17,70.97,70.97,70.97,70.97,70.97,70.97,70.97,70.97,70.97,70.97,77.76,77.76,77.76,77.76,77.76,77.76,77.76,77.76,77.76,77.76,84.51,84.51,84.51,84.51,84.51,84.51,84.51,84.51,84.51,84.51,91.31,91.31,91.31,91.31,91.31,91.31,91.31,91.31,91.31,91.31,98.10,98.10,98.10,98.10,98.10,98.10,98.10,98.10,98.10,98.10,104.88,104.88,104.88,104.88,104.88,104.88,104.88,104.88,104.88,104.88
CU,Cuba,Zone 9,37.01,37.01,37.01,37.01,37.81,40.02,42.31,44.61,46.92,49.22,53.23,55.58,57.98,60.32,62.76,65.12,67.51,69.89,72.29,74.66,81.12,81.12,85.44,85.44,89.83,89.83,94.22,94.22,98.55,98.55,103.57,103.57,107.97,107.97,112.29,112.29,116.72,116.72,121.16,121.16,131.00,131.00,131.00,131.00,140.73,140.73,140.73,140.73,150.50,150.50,150.50,150.50,160.20,160.20,160.20,160.20,169.94,169.94,169.94,169.94,192.89,192.89,192.89,192.89,192.89,192.89,192.89,192.89,192.89,192.89,216.70,216.70,216.70,216.70,216.70,216.70,216.70,216.70,216.70,216.70,240.43,240.43,240.43,240.43,240.43,240.43,240.43,240.43,240.43,240.43,264.25,264.25,264.25,264.25,264.25,264.25,264.25,264.25,264.25,264.25,288.03,288.03,288.03,288.03,288.03,288.03,288.03,288.03,288.03,288.03,311.80,311.80,311.80,311.80,311.80,311.80,311.80,311.80,311.80,311.80,335.57,335.57,335.57,335.57,335.57,335.57,335.57,335.57,335.57,335.57,359.36,359.36,359.36,359.36,359.36,359.36,359.36,359.36,359.36,359.36
CW,Curaçao,Zone 9,37.01,37.01,37.01,37.01,37.81,40.02,42.31,44.61,46.92,49.22,53.23,55.58,57.98,60.32,62.76,65.12,67.51,69.89,72.29,74.66,81.12,81.12,85.44,85.44,89.83,89.83,94.22,94.22,98.55,98.55,103.57,103.57,107.97,107.97,112.29,112.29,116.72,116.72,121.16,121.16,131.00,131.00,131.00,131.00,140.73,140.73,140.73,140.73,150.50,150.50,150.50,150.50,160.20,160.20,160.20,160.20,169.94,169.94,169.94,169.94,192.89,192.89,192.89,192.89,192.89,192.89,192.89,192.89,192.89,192.89,216.70,216.70,216.70,216.70,216.70,216.70,216.70,216.70,216.70,216.70,240.43,240.43,240.43,240.43,240.43,240.43,240.43,240.43,240.43,240.43,264.25,264.25,264.25,264.25,264.25,264.25,264.25,264.25,264.25,264.25,288.03,288.03,288.03,288.03,288.03,288.03,288.03,288.03,288.03,288.03,311.80,311.80,311.80,311.80,311.80,311.80,311.80,311.80,311.80,311.80,335.57,335.57,335.57,335.57,335.57,335.57,335.57,335.57,335.57,335.57,359.36,359.36,359.36,359.36,359.36,359.36,359.36,359.36,359.36,359.36
CY,Cyprus,Zone 742,29.75,29.75,29.75,29.75,32.63,34.15,35.61,37.01,38.46,39.95,42.05,43.31,44.57,45.86,47.14,48.42,49.69,50.97,52.26,53.53,57.15,57.15,59.60,59.60,62.03,62.03,64.46,64.46,66.91,66.91,70.51,70.51,73.02,73.02,75.47,75.47,77.92,77.92,80.41,80.41,86.28,86.28,86.28,86.28,91.06,91.06,91.06,91.06,95.89,95.89,95.89,95.89,100.70,100.70,100.70,100.70,105.35,105.35,105.35,105.35,119.61,119.61,119.61,119.61,119.61,119.61,119.61,119.61,119.61,119.61,133.78,133.78,133.78,133.78,133.78,133.78,133.78,133.78,133.78,133.78,147.86,147.86,147.86,147.86,147.86,147.86,147.86,147.86,147.86,147.86,161.98,161.98,161.98,161.98,161.98,161.98,161.98,161.98,161.98,161.98,176.08,176.08,176.08,176.08,176.08,176.08,176.08,176.08,176.08,176.08,190.19,190.19,190.19,190.19,190.19,190.19,190.19,190.19,190.19,190.19,204.33,204.33,204.33,204.33,204.33,204.33,204.33,204.33,204.33,204.33,218.40,218.40,218.40,218.40,218.40,218.40,218.40,218.40,218.40,218.40
CZ,Czech Republic,Zone 741,16.24,16.24,16.24,16.24,16.71,17.27,18.11,18.96,19.76,20.50,21.16,21.82,22.49,23.16,23.81,24.47,25.13,25.79,26.45,27.11,28.19,28.19,29.43,29.43,30.65,30.65,31.90,31.90,33.16,33.16,34.36,34.36,35.55,35.55,36.76,36.76,37.97,37.97,39.17,39.17,41.62,41.62,41.62,41.62,43.87,43.87,43.87,43.87,46.14,46.14,46.14,46.14,48.37,48.37,48.37,48.37,50.62,50.62,50.62,50.62,57.41,57.41,57.41,57.41,57.41,57.41,57.41,57.41,57.41,57.41,64.17,64.17,64.17,64.17,64.17,64.17,64.17,64.17,64.17,64.17,70.97,70.97,70.97,70.97,70.97,70.97,70.97,70.97,70.97,70.97,77.76,77.76,77.76,77.76,77.76,77.76,77.76,77.76,77.76,77.76,84.51,84.51,84.51,84.51,84.51,84.51,84.51,84.51,84.51,84.51,91.31,91.31,91.31,91.31,91.31,91.31,91.31,91.31,91.31,91.31,98.10,98.10,98.10,98.10,98.10,98.10,98.10,98.10,98.10,98.10,104.88,104.88,104.88,104.88,104.88,104.88,104.88,104.88,104.88,104.88
CI,Côte d'Ivoire,Zone 10,37.00,37.00,37.00,37.00,38.70,40.63,42.80,44.92,47.08,49.20,54.20,56.50,58.75,61.03,63.26,65.59,67.83,70.14,72.38,74.68,80.39,80.39,84.92,84.92,89.46,89.46,93.96,93.96,98.52,98.52,102.96,102.96,107.54,107.54,112.09,112.09,116.59,116.59,121.14,121.14,134.19,134.19,134.19,134.19,143.14,143.14,143.14,143.14,152.09,152.09,152.09,152.09,161.03,161.03,161.03,161.03,169.98,169.98,169.98,169.98,193.78,193.78,193.78,193.78,193.78,193.78,193.78,193.78,193.78,193.78,217.59,217.59,217.59,217.59,217.59,217.59,217.59,217.59,217.59,217.59,241.36,241.36,241.36,241.36,241.36,241.36,241.36,241.36,241.36,241.36,265.16,265.16,265.16,265.16,265.16,265.16,265.16,265.16,265.16,265.16,288.94,288.94,288.94,288.94,288.94,288.94,288.94,288.94,288.94,288.94,312.72,312.72,312.72,312.72,312.72,312.72,312.72,312.72,312.72,312.72,336.55,336.55,336.55,336.55,336.55,336.55,336.55,336.55,336.55,336.55,360.31,360.31,360.31,360.31,360.31,360.31,360.31,360.31,360.31,360.31
DK,Denmark,Zone 704,16.13,16.13,16.13,16.13,16.11,16.11,16.86,17.63,18.37,19.15,19.92,20.70,21.46,22.24,23.00,23.76,24.52,25.30,26.06,26.85,28.10,28.10,29.25,29.25,30.42,30.42,31.62,31.62,32.79,32.79,33.83,33.83,34.98,34.98,36.11,36.11,37.28,37.28,38.42,38.42,40.68,40.68,40.68,40.68,42.78,42.78,42.78,42.78,44.85,44.85,44.85,44.85,46.97,46.97,46.97,46.97,49.03,49.03,49.03,49.03,55.97,55.97,55.97,55.97,55.97,55.97,55.97,55.97,55.97,55.97,62.78,62.78,62.78,62.78,62.78,62.78,62.78,62.78,62.78,62.78,69.57,69.57,69.57,69.57,69.57,69.57,69.57,69.57,69.57,69.57,76.35,76.35,76.35,76.35,76.35,76.35,76.35,76.35,76.35,76.35,83.15,83.15,83.15,83.15,83.15,83.15,83.15,83.15,83.15,83.15,89.95,89.95,89.95,89.95,89.95,89.95,89.95,89.95,89.95,89.95,96.74,96.74,96.74,96.74,96.74,96.74,96.74,96.74,96.74,96.74,103.54,103.54,103.54,103.54,103.54,103.54,103.54,103.54,103.54,103.54
DJ,Djibouti,Zone 10,37.00,37.00,37.00,37.00,38.70,40.63,42.80,44.92,47.08,49.20,54.20,56.50,58.75,61.03,63.26,65.59,67.83,70.14,72.38,74.68,80.39,80.39,84.92,84.92,89.46,89.46,93.96,93.96,98.52,98.52,102.96,102.96,107.54,107.54,112.09,112.09,116.59,116.59,121.14,121.14,134.19,134.19,134.19,134.19,143.14,143.14,143.14,143.14,152.09,152.09,152.09,152.09,161.03,161.03,161.03,161.03,169.98,169.98,169.98,169.98,193.78,193.78,193.78,193.78,193.78,193.78,193.78,193.78,193.78,193.78,217.59,217.59,217.59,217.59,217.59,217.59,217.59,217.59,217.59,217.59,241.36,241.36,241.36,241.36,241.36,241.36,241.36,241.36,241.36,241.36,265.16,265.16,265.16,265.16,265.16,265.16,265.16,265.16,265.16,265.16,288.94,288.94,288.94,288.94,288.94,288.94,288.94,288.94,288.94,288.94,312.72,312.72,312.72,312.72,312.72,312.72,312.72,312.72,312.72,312.72,336.55,336.55,336.55,336.55,336.55,336.55,336.55,336.55,336.55,336.55,360.31,360.31,360.31,360.31,360.31,360.31,360.31,360.31,360.31,360.31
DM,Dominica,Zone 9,37.01,37.01,37.01,37.01,37.81,40.02,42.31,44.61,46.92,49.22,53.23,55.58,57.98,60.32,62.76,65.12,67.51,69.89,72.29,74.66,81.12,81.12,85.44,85.44,89.83,89.83,94.22,94.22,98.55,98.55,103.57,103.57,107.97,107.97,112.29,112.29,116.72,116.72,121.16,121.16,131.00,131.00,131.00,131.00,140.73,140.73,140.73,140.73,150.50,150.50,150.50,150.50,160.20,160.20,160.20,160.20,169.94,169.94,169.94,169.94,192.89,192.89,192.89,192.89,192.89,192.89,192.89,192.89,192.89,192.89,216.70,216.70,216.70,216.70,216.70,216.70,216.70,216.70,216.70,216.70,240.43,240.43,240.43,240.43,240.43,240.43,240.43,240.43,240.43,240.43,264.25,264.25,264.25,264.25,264.25,264.25,264.25,264.25,264.25,264.25,288.03,288.03,288.03,288.03,288.03,288.03,288.03,288.03,288.03,288.03,311.80,311.80,311.80,311.80,311.80,311.80,311.80,311.80,311.80,311.80,335.57,335.57,335.57,335.57,335.57,335.57,335.57,335.57,335.57,335.57,359.36,359.36,359.36,359.36,359.36,359.36,359.36,359.36,359.36,359.36
TL,East Timor,Zone 9,37.01,37.01,37.01,37.01,37.81,40.02,42.31,44.61,46.92,49.22,53.23,55.58,57.98,60.32,62.76,65.12,67.51,69.89,72.29,74.66,81.12,81.12,85.44,85.44,89.83,89.83,94.22,94.22,98.55,98.55,103.57,103.57,107.97,107.97,112.29,112.29,116.72,116.72,121.16,121.16,131.00,131.00,131.00,131.00,140.73,140.73,140.73,140.73,150.50,150.50,150.50,150.50,160.20,160.20,160.20,160.20,169.94,169.94,169.94,169.94,192.89,192.89,192.89,192.89,192.89,192.89,192.89,192.89,192.89,192.89,216.70,216.70,216.70,216.70,216.70,216.70,216.70,216.70,216.70,216.70,240.43,240.43,240.43,240.43,240.43,240.43,240.43,240.43,240.43,240.43,264.25,264.25,264.25,264.25,264.25,264.25,264.25,264.25,264.25,264.25,288.03,288.03,288.03,288.03,288.03,288.03,288.03,288.03,288.03,288.03,311.80,311.80,311.80,311.80,311.80,311.80,311.80,311.80,311.80,311.80,335.57,335.57,335.57,335.57,335.57,335.57,335.57,335.57,335.57,335.57,359.36,359.36,359.36,359.36,359.36,359.36,359.36,359.36,359.36,359.36
EG,Egypt,Zone 9,37.01,37.01,37.01,37.01,37.81,40.02,42.31,44.61,46.92,49.22,53.23,55.58,57.98,60.32,62.76,65.12,67.51,69.89,72.29,74.66,81.12,81.12,85.44,85.44,89.83,89.83,94.22,94.22,98.55,98.55,103.57,103.57,107.97,107.97,112.29,112.29,116.72,116.72,121.16,121.16,131.00,131.00,131.00,131.00,140.73,140.73,140.73,140.73,150.50,150.50,150.50,150.50,160.20,160.20,160.20,160.20,169.94,169.94,169.94,169.94,192.89,192.89,192.89,192.89,192.89,192.89,192.89,192.89,192.89,192.89,216.70,216.70,216.70,216.70,216.70,216.70,216.70,216.70,216.70,216.70,240.43,240.43,240.43,240.43,240.43,240.43,240.43,240.43,240.43,240.43,264.25,264.25,264.25,264.25,264.25,264.25,264.25,264.25,264.25,264.25,288.03,288.03,288.03,288.03,288.03,288.03,288.03,288.03,288.03,288.03,311.80,311.80,311.80,311.80,311.80,311.80,311.80,311.80,311.80,311.80,335.57,335.57,335.57,335.57,335.57,335.57,335.57,335.57,335.57,335.57,359.36,359.36,359.36,359.36,359.36,359.36,359.36,359.36,359.36,359.36
GQ,Equatorial Guinea,Zone 10,37.00,37.00,37.00,37.00,38.70,40.63,42.80,44.92,47.08,49.20,54.20,56.50,58.75,61.03,63.26,65.59,67.83,70.14,72.38,74.68,80.39,80.39,84.92,84.92,89.46,89.46,93.96,93.96,98.52,98.52,102.96,102.96,107.54,107.54,112.09,112.09,116.59,116.59,121.14,121.14,134.19,134.19,134.19,134.19,143.14,143.14,143.14,143.14,152.09,152.09,152.09,152.09,161.03,161.03,161.03,161.03,169.98,169.98,169.98,169.98,193.78,193.78,193.78,193.78,193.78,193.78,193.78,193.78,193.78,193.78,217.59,217.59,217.59,217.59,217.59,217.59,217.59,217.59,217.59,217.59,241.36,241.36,241.36,241.36,241.36,241.36,241.36,241.36,241.36,241.36,265.16,265.16,265.16,265.16,265.16,265.16,265.16,265.16,265.16,265.16,288.94,288.94,288.94,288.94,288.94,288.94,288.94,288.94,288.94,288.94,312.72,312.72,312.72,312.72,312.72,312.72,312.72,312.72,312.72,312.72,336.55,336.55,336.55,336.55,336.55,336.55,336.55,336.55,336.55,336.55,360.31,360.31,360.31,360.31,360.31,360.31,360.31,360.31,360.31,360.31
ER,Eritrea,Zone 10,37.00,37.00,37.00,37.00,38.70,40.63,42.80,44.92,47.08,49.20,54.20,56.50,58.75,61.03,63.26,65.59,67.83,70.14,72.38,74.68,80.39,80.39,84.92,84.92,89.46,89.46,93.96,93.96,98.52,98.52,102.96,102.96,107.54,107.54,112.09,112.09,116.59,116.59,121.14,121.14,134.19,134.19,134.19,134.19,143.14,143.14,143.14,143.14,152.09,152.09,152.09,152.09,161.03,161.03,161.03,161.03,169.98,169.98,169.98,169.98,193.78,193.78,193.78,193.78,193.78,193.78,193.78,193.78,193.78,193.78,217.59,217.59,217.59,217.59,217.59,217.59,217.59,217.59,217.59,217.59,241.36,241.36,241.36,241.36,241.36,241.36,241.36,241.36,241.36,241.36,265.16,265.16,265.16,265.16,265.16,265.16,265.16,265.16,265.16,265.16,288.94,288.94,288.94,288.94,288.94,288.94,288.94,288.94,288.94,288.94,312.72,312.72,312.72,312.72,312.72,312.72,312.72,312.72,312.72,312.72,336.55,336.55,336.55,336.55,336.55,336.55,336.55,336.55,336.55,336.55,360.31,360.31,360.31,360.31,360.31,360.31,360.31,360.31,360.31,360.31
EE,Estonia,Zone 742,29.75,29.75,29.75,29.75,32.63,34.15,35.61,37.01,38.46,39.95,42.05,43.31,44.57,45.86,47.14,48.42,49.69,50.97,52.26,53.53,57.15,57.15,59.60,59.60,62.03,62.03,64.46,64.46,66.91,66.91,70.51,70.51,73.02,73.02,75.47,75.47,77.92,77.92,80.41,80.41,86.28,86.28,86.28,86.28,91.06,91.06,91.06,91.06,95.89,95.89,95.89,95.89,100.70,100.70,100.70,100.70,105.35,105.35,105.35,105.35,119.61,119.61,119.61,119.61,119.61,119.61,119.61,119.61,119.61,119.61,133.78,133.78,133.78,133.78,133.78,133.78,133.78,133.78,133.78,133.78,147.86,147.86,147.86,147.86,147.86,147.86,147.86,147.86,147.86,147.86,161.98,161.98,161.98,161.98,161.98,161.98,161.98,161.98,161.98,161.98,176.08,176.08,176.08,176.08,176.08,176.08,176.08,176.08,176.08,176.08,190.19,190.19,190.19,190.19,190.19,190.19,190.19,190.19,190.19,190.19,204.33,204.33,204.33,204.33,204.33,204.33,204.33,204.33,204.33,204.33,218.40,218.40,218.40,218.40,218.40,218.40,218.40,218.40,218.40,218.40
ET,Ethiopia,Zone 10,37.00,37.00,37.00,37.00,38.70,40.63,42.80,44.92,47.08,49.20,54.20,56.50,58.75,61.03,63.26,65.59,67.83,70.14,72.38,74.68,80.39,80.39,84.92,84.92,89.46,89.46,93.96,93.96,98.52,98.52,102.96,102.96,107.54,107.54,112.09,112.09,116.59,116.59,121.14,121.14,134.19,134.19,134.19,134.19,143.14,143.14,143.14,143.14,152.09,152.09,152.09,152.09,161.03,161.03,161.03,161.03,169.98,169.98,169.98,169.98,193.78,193.78,193.78,193.78,193.78,193.78,193.78,193.78,193.78,193.78,217.59,217.59,217.59,217.59,217.59,217.59,217.59,217.59,217.59,217.59,241.36,241.36,241.36,241.36,241.36,241.36,241.36,241.36,241.36,241.36,265.16,265.16,265.16,265.16,265.16,265.16,265.16,265.16,265.16,265.16,288.94,288.94,288.94,288.94,288.94,288.94,288.94,288.94,288.94,288.94,312.72,312.72,312.72,312.72,312.72,312.72,312.72,312.72,312.72,312.72,336.55,336.55,336.55,336.55,336.55,336.55,336.55,336.55,336.55,336.55,360.31,360.31,360.31,360.31,360.31,360.31,360.31,360.31,360.31,360.31
FO,Faroe Islands,Zone 9,37.01,37.01,37.01,37.01,37.81,40.02,42.31,44.61,46.92,49.22,53.23,55.58,57.98,60.32,62.76,65.12,67.51,69.89,72.29,74.66,81.12,81.12,85.44,85.44,89.83,89.83,94.22,94.22,98.55,98.55,103.57,103.57,107.97,107.97,112.29,112.29,116.72,116.72,121.16,121.16,131.00,131.00,131.00,131.00,140.73,140.73,140.73,140.73,150.50,150.50,150.50,150.50,160.20,160.20,160.20,160.20,169.94,169.94,169.94,169.94,192.89,192.89,192.89,192.89,192.89,192.89,192.89,192.89,192.89,192.89,216.70,216.70,216.70,216.70,216.70,216.70,216.70,216.70,216.70,216.70,240.43,240.43,240.43,240.43,240.43,240.43,240.43,240.43,240.43,240.43,264.25,264.25,264.25,264.25,264.25,264.25,264.25,264.25,264.25,264.25,288.03,288.03,288.03,288.03,288.03,288.03,288.03,288.03,288.03,288.03,311.80,311.80,311.80,311.80,311.80,311.80,311.80,311.80,311.80,311.80,335.57,335.57,335.57,335.57,335.57,335.57,335.57,335.57,335.57,335.57,359.36,359.36,359.36,359.36,359.36,359.36,359.36,359.36,359.36,359.36
FJ,Fiji,Zone 9,37.01,37.01,37.01,37.01,37.81,40.02,42.31,44.61,46.92,49.22,53.23,55.58,57.98,60.32,62.76,65.12,67.51,69.89,72.29,74.66,81.12,81.12,85.44,85.44,89.83,89.83,94.22,94.22,98.55,98.55,103.57,103.57,107.97,107.97,112.29,112.29,116.72,116.72,121.16,121.16,131.00,131.00,131.00,131.00,140.73,140.73,140.73,140.73,150.50,150.50,150.50,150.50,160.20,160.20,160.20,160.20,169.94,169.94,169.94,169.94,192.89,192.89,192.89,192.89,192.89,192.89,192.89,192.89,192.89,192.89,216.70,216.70,216.70,216.70,216.70,216.70,216.70,216.70,216.70,216.70,240.43,240.43,240.43,240.43,240.43,240.43,240.43,240.43,240.43,240.43,264.25,264.25,264.25,264.25,264.25,264.25,264.25,264.25,264.25,264.25,288.03,288.03,288.03,288.03,288.03,288.03,288.03,288.03,288.03,288.03,311.80,311.80,311.80,311.80,311.80,311.80,311.80,311.80,311.80,311.80,335.57,335.57,335.57,335.57,335.57,335.57,335.57,335.57,335.57,335.57,359.36,359.36,359.36,359.36,359.36,359.36,359.36,359.36,359.36,359.36
FI,Finland,Zone 704,16.13,16.13,16.13,16.13,16.11,16.11,16.86,17.63,18.37,19.15,19.92,20.70,21.46,22.24,23.00,23.76,24.52,25.30,26.06,26.85,28.10,28.10,29.25,29.25,30.42,30.42,31.62,31.62,32.79,32.79,33.83,33.83,34.98,34.98,36.11,36.11,37.28,37.28,38.42,38.42,40.68,40.68,40.68,40.68,42.78,42.78,42.78,42.78,44.85,44.85,44.85,44.85,46.97,46.97,46.97,46.97,49.03,49.03,49.03,49.03,55.97,55.97,55.97,55.97,55.97,55.97,55.97,55.97,55.97,55.97,62.78,62.78,62.78,62.78,62.78,62.78,62.78,62.78,62.78,62.78,69.57,69.57,69.57,69.57,69.57,69.57,69.57,69.57,69.57,69.57,76.35,76.35,76.35,76.35,76.35,76.35,76.35,76.35,76.35,76.35,83.15,83.15,83.15,83.15,83.15,83.15,83.15,83.15,83.15,83.15,89.95,89.95,89.95,89.95,89.95,89.95,89.95,89.95,89.95,89.95,96.74,96.74,96.74,96.74,96.74,96.74,96.74,96.74,96.74,96.74,103.54,103.54,103.54,103.54,103.54,103.54,103.54,103.54,103.54,103.54
FR,France,Zone 703,13.16,13.16,13.16,13.16,14.55,15.11,15.75,16.37,17.02,17.66,17.68,18.21,18.73,19.26,19.78,20.30,20.81,21.36,21.89,22.40,22.60,22.60,23.33,23.33,24.06,24.06,24.79,24.79,25.54,25.54,26.26,26.26,26.97,26.97,27.69,27.69,28.42,28.42,29.14,29.14,31.00,31.00,31.00,31.00,32.34,32.34,32.34,32.34,33.71,33.71,33.71,33.71,35.08,35.08,35.08,35.08,36.46,36.46,36.46,36.46,40.95,40.95,40.95,40.95,40.95,40.95,40.95,40.95,40.95,40.95,44.85,44.85,44.85,44.85,44.85,44.85,44.85,44.85,44.85,44.85,48.75,48.75,48.75,48.75,48.75,48.75,48.75,48.75,48.75,48.75,52.66,52.66,52.66,52.66,52.66,52.66,52.66,52.66,52.66,52.66,56.56,56.56,56.56,56.56,56.56,56.56,56.56,56.56,56.56,56.56,60.45,60.45,60.45,60.45,60.45,60.45,60.45,60.45,60.45,60.45,64.38,64.38,64.38,64.38,64.38,64.38,64.38,64.38,64.38,64.38,68.28,68.28,68.28,68.28,68.28,68.28,68.28,68.28,68.28,68.28
GF,French Guiana,Zone 10,37.00,37.00,37.00,37.00,38.70,40.63,42.80,44.92,47.08,49.20,54.20,56.50,58.75,61.03,63.26,65.59,67.83,70.14,72.38,74.68,80.39,80.39,84.92,84.92,89.46,89.46,93.96,93.96,98.52,98.52,102.96,102.96,107.54,107.54,112.09,112.09,116.59,116.59,121.14,121.14,134.19,134.19,134.19,134.19,143.14,143.14,143.14,143.14,152.09,152.09,152.09,152.09,161.03,161.03,161.03,161.03,169.98,169.98,169.98,169.98,193.78,193.78,193.78,193.78,193.78,193.78,193.78,193.78,193.78,193.78,217.59,217.59,217.59,217.59,217.59,217.59,217.59,217.59,217.59,217.59,241.36,241.36,241.36,241.36,241.36,241.36,241.36,241.36,241.36,241.36,265.16,265.16,265.16,265.16,265.16,265.16,265.16,265.16,265.16,265.16,288.94,288.94,288.94,288.94,288.94,288.94,288.94,288.94,288.94,288.94,312.72,312.72,312.72,312.72,312.72,312.72,312.72,312.72,312.72,312.72,336.55,336.55,336.55,336.55,336.55,336.55,336.55,336.55,336.55,336.55,360.31,360.31,360.31,360.31,360.31,360.31,360.31,360.31,360.31,360.31
PF,French Polynesia,Zone 9,37.01,37.01,37.01,37.01,37.81,40.02,42.31,44.61,46.92,49.22,53.23,55.58,57.98,60.32,62.76,65.12,67.51,69.89,72.29,74.66,81.12,81.12,85.44,85.44,89.83,89.83,94.22,94.22,98.55,98.55,103.57,103.57,107.97,107.97,112.29,112.29,116.72,116.72,121.16,121.16,131.00,131.00,131.00,131.00,140.73,140.73,140.73,140.73,150.50,150.50,150.50,150.50,160.20,160.20,160.20,160.20,169.94,169.94,169.94,169.94,192.89,192.89,192.89,192.89,192.89,192.89,192.89,192.89,192.89,192.89,216.70,216.70,216.70,216.70,216.70,216.70,216.70,216.70,216.70,216.70,240.43,240.43,240.43,240.43,240.43,240.43,240.43,240.43,240.43,240.43,264.25,264.25,264.25,264.25,264.25,264.25,264.25,264.25,264.25,264.25,288.03,288.03,288.03,288.03,288.03,288.03,288.03,288.03,288.03,288.03,311.80,311.80,311.80,311.80,311.80,311.80,311.80,311.80,311.80,311.80,335.57,335.57,335.57,335.57,335.57,335.57,335.57,335.57,335.57,335.57,359.36,359.36,359.36,359.36,359.36,359.36,359.36,359.36,359.36,359.36
GA,Gabon,Zone 10,37.00,37.00,37.00,37.00,38.70,40.63,42.80,44.92,47.08,49.20,54.20,56.50,58.75,61.03,63.26,65.59,67.83,70.14,72.38,74.68,80.39,80.39,84.92,84.92,89.46,89.46,93.96,93.96,98.52,98.52,102.96,102.96,107.54,107.54,112.09,112.09,116.59,116.59,121.14,121.14,134.19,134.19,134.19,134.19,143.14,143.14,143.14,143.14,152.09,152.09,152.09,152.09,161.03,161.03,161.03,161.03,169.98,169.98,169.98,169.98,193.78,193.78,193.78,193.78,193.78,193.78,193.78,193.78,193.78,193.78,217.59,217.59,217.59,217.59,217.59,217.59,217.59,217.59,217.59,217.59,241.36,241.36,241.36,241.36,241.36,241.36,241.36,241.36,241.36,241.36,265.16,265.16,265.16,265.16,265.16,265.16,265.16,265.16,265.16,265.16,288.94,288.94,288.94,288.94,288.94,288.94,288.94,288.94,288.94,288.94,312.72,312.72,312.72,312.72,312.72,312.72,312.72,312.72,312.72,312.72,336.55,336.55,336.55,336.55,336.55,336.55,336.55,336.55,336.55,336.55,360.31,360.31,360.31,360.31,360.31,360.31,360.31,360.31,360.31,360.31
GM,Gambia,Zone 10,37.00,37.00,37.00,37.00,38.70,40.63,42.80,44.92,47.08,49.20,54.20,56.50,58.75,61.03,63.26,65.59,67.83,70.14,72.38,74.68,80.39,80.39,84.92,84.92,89.46,89.46,93.96,93.96,98.52,98.52,102.96,102.96,107.54,107.54,112.09,112.09,116.59,116.59,121.14,121.14,134.19,134.19,134.19,134.19,143.14,143.14,143.14,143.14,152.09,152.09,152.09,152.09,161.03,161.03,161.03,161.03,169.98,169.98,169.98,169.98,193.78,193.78,193.78,193.78,193.78,193.78,193.78,193.78,193.78,193.78,217.59,217.59,217.59,217.59,217.59,217.59,217.59,217.59,217.59,217.59,241.36,241.36,241.36,241.36,241.36,241.36,241.36,241.36,241.36,241.36,265.16,265.16,265.16,265.16,265.16,265.16,265.16,265.16,265.16,265.16,288.94,288.94,288.94,288.94,288.94,288.94,288.94,288.94,288.94,288.94,312.72,312.72,312.72,312.72,312.72,312.72,312.72,312.72,312.72,312.72,336.55,336.55,336.55,336.55,336.55,336.55,336.55,336.55,336.55,336.55,360.31,360.31,360.31,360.31,360.31,360.31,360.31,360.31,360.31,360.31
PS,Gaza (West Bank),Zone 9,37.01,37.01,37.01,37.01,37.81,40.02,42.31,44.61,46.92,49.22,53.23,55.58,57.98,60.32,62.76,65.12,67.51,69.89,72.29,74.66,81.12,81.12,85.44,85.44,89.83,89.83,94.22,94.22,98.55,98.55,103.57,103.57,107.97,107.97,112.29,112.29,116.72,116.72,121.16,121.16,131.00,131.00,131.00,131.00,140.73,140.73,140.73,140.73,150.50,150.50,150.50,150.50,160.20,160.20,160.20,160.20,169.94,169.94,169.94,169.94,192.89,192.89,192.89,192.89,192.89,192.89,192.89,192.89,192.89,192.89,216.70,216.70,216.70,216.70,216.70,216.70,216.70,216.70,216.70,216.70,240.43,240.43,240.43,240.43,240.43,240.43,240.43,240.43,240.43,240.43,264.25,264.25,264.25,264.25,264.25,264.25,264.25,264.25,264.25,264.25,288.03,288.03,288.03,288.03,288.03,288.03,288.03,288.03,288.03,288.03,311.80,311.80,311.80,311.80,311.80,311.80,311.80,311.80,311.80,311.80,335.57,335.57,335.57,335.57,335.57,335.57,335.57,335.57,335.57,335.57,359.36,359.36,359.36,359.36,359.36,359.36,359.36,359.36,359.36,359.36
GE,Georgia,Zone 9,37.01,37.01,37.01,37.01,37.81,40.02,42.31,44.61,46.92,49.22,53.23,55.58,57.98,60.32,62.76,65.12,67.51,69.89,72.29,74.66,81.12,81.12,85.44,85.44,89.83,89.83,94.22,94.22,98.55,98.55,103.57,103.57,107.97,107.97,112.29,112.29,116.72,116.72,121.16,121.16,131.00,131.00,131.00,131.00,140.73,140.73,140.73,140.73,150.50,150.50,150.50,150.50,160.20,160.20,160.20,160.20,169.94,169.94,169.94,169.94,192.89,192.89,192.89,192.89,192.89,192.89,192.89,192.89,192.89,192.89,216.70,216.70,216.70,216.70,216.70,216.70,216.70,216.70,216.70,216.70,240.43,240.43,240.43,240.43,240.43,240.43,240.43,240.43,240.43,240.43,264.25,264.25,264.25,264.25,264.25,264.25,264.25,264.25,264.25,264.25,288.03,288.03,288.03,288.03,288.03,288.03,288.03,288.03,288.03,288.03,311.80,311.80,311.80,311.80,311.80,311.80,311.80,311.80,311.80,311.80,335.57,335.57,335.57,335.57,335.57,335.57,335.57,335.57,335.57,335.57,359.36,359.36,359.36,359.36,359.36,359.36,359.36,359.36,359.36,359.36
DE,Germany,Zone 703,13.16,13.16,13.16,13.16,14.55,15.11,15.75,16.37,17.02,17.66,17.68,18.21,18.73,19.26,19.78,20.30,20.81,21.36,21.89,22.40,22.60,22.60,23.33,23.33,24.06,24.06,24.79,24.79,25.54,25.54,26.26,26.26,26.97,26.97,27.69,27.69,28.42,28.42,29.14,29.14,31.00,31.00,31.00,31.00,32.34,32.34,32.34,32.34,33.71,33.71,33.71,33.71,35.08,35.08,35.08,35.08,36.46,36.46,36.46,36.46,40.95,40.95,40.95,40.95,40.95,40.95,40.95,40.95,40.95,40.95,44.85,44.85,44.85,44.85,44.85,44.85,44.85,44.85,44.85,44.85,48.75,48.75,48.75,48.75,48.75,48.75,48.75,48.75,48.75,48.75,52.66,52.66,52.66,52.66,52.66,52.66,52.66,52.66,52.66,52.66,56.56,56.56,56.56,56.56,56.56,56.56,56.56,56.56,56.56,56.56,60.45,60.45,60.45,60.45,60.45,60.45,60.45,60.45,60.45,60.45,64.38,64.38,64.38,64.38,64.38,64.38,64.38,64.38,64.38,64.38,68.28,68.28,68.28,68.28,68.28,68.28,68.28,68.28,68.28,68.28
GH,Ghana,Zone 10,37.00,37.00,37.00,37.00,38.70,40.63,42.80,44.92,47.08,49.20,54.20,56.50,58.75,61.03,63.26,65.59,67.83,70.14,72.38,74.68,80.39,80.39,84.92,84.92,89.46,89.46,93.96,93.96,98.52,98.52,102.96,102.96,107.54,107.54,112.09,112.09,116.59,116.59,121.14,121.14,134.19,134.19,134.19,134.19,143.14,143.14,143.14,143.14,152.09,152.09,152.09,152.09,161.03,161.03,161.03,161.03,169.98,169.98,169.98,169.98,193.78,193.78,193.78,193.78,193.78,193.78,193.78,193.78,193.78,193.78,217.59,217.59,217.59,217.59,217.59,217.59,217.59,217.59,217.59,217.59,241.36,241.36,241.36,241.36,241.36,241.36,241.36,241.36,241.36,241.36,265.16,265.16,265.16,265.16,265.16,265.16,265.16,265.16,265.16,265.16,288.94,288.94,288.94,288.94,288.94,288.94,288.94,288.94,288.94,288.94,312.72,312.72,312.72,312.72,312.72,312.72,312.72,312.72,312.72,312.72,336.55,336.55,336.55,336.55,336.55,336.55,336.55,336.55,336.55,336.55,360.31,360.31,360.31,360.31,360.31,360.31,360.31,360.31,360.31,360.31
GI,Gibraltar,Zone 5,34.84,34.84,34.84,34.84,37.45,38.24,39.94,41.67,43.37,45.07,46.14,47.52,48.89,50.31,51.68,53.07,54.46,55.84,57.23,58.61,61.39,61.39,64.08,64.08,66.71,66.71,69.36,69.36,72.02,72.02,74.87,74.87,77.54,77.54,80.20,80.20,82.87,82.87,85.53,85.53,90.65,90.65,90.65,90.65,95.64,95.64,95.64,95.64,100.56,100.56,100.56,100.56,105.54,105.54,105.54,105.54,110.48,110.48,110.48,110.48,125.06,125.06,125.06,125.06,125.06,125.06,125.06,125.06,125.06,125.06,139.85,139.85,139.85,139.85,139.85,139.85,139.85,139.85,139.85,139.85,154.64,154.64,154.64,154.64,154.64,154.64,154.64,154.64,154.64,154.64,169.45,169.45,169.45,169.45,169.45,169.45,169.45,169.45,169.45,169.45,184.24,184.24,184.24,184.24,184.24,184.24,184.24,184.24,184.24,184.24,199.03,199.03,199.03,199.03,199.03,199.03,199.03,199.03,199.03,199.03,213.85,213.85,213.85,213.85,213.85,213.85,213.85,213.85,213.85,213.85,228.60,228.60,228.60,228.60,228.60,228.60,228.60,228.60,228.60,228.60
GR,Greece,Zone 704,16.13,16.13,16.13,16.13,16.11,16.11,16.86,17.63,18.37,19.15,19.92,20.70,21.46,22.24,23.00,23.76,24.52,25.30,26.06,26.85,28.10,28.10,29.25,29.25,30.42,30.42,31.62,31.62,32.79,32.79,33.83,33.83,34.98,34.98,36.11,36.11,37.28,37.28,38.42,38.42,40.68,40.68,40.68,40.68,42.78,42.78,42.78,42.78,44.85,44.85,44.85,44.85,46.97,46.97,46.97,46.97,49.03,49.03,49.03,49.03,55.97,55.97,55.97,55.97,55.97,55.97,55.97,55.97,55.97,55.97,62.78,62.78,62.78,62.78,62.78,62.78,62.78,62.78,62.78,62.78,69.57,69.57,69.57,69.57,69.57,69.57,69.57,69.57,69.57,69.57,76.35,76.35,76.35,76.35,76.35,76.35,76.35,76.35,76.35,76.35,83.15,83.15,83.15,83.15,83.15,83.15,83.15,83.15,83.15,83.15,89.95,89.95,89.95,89.95,89.95,89.95,89.95,89.95,89.95,89.95,96.74,96.74,96.74,96.74,96.74,96.74,96.74,96.74,96.74,96.74,103.54,103.54,103.54,103.54,103.54,103.54,103.54,103.54,103.54,103.54
GL,Greenland,Zone 9,37.01,37.01,37.01,37.01,37.81,40.02,42.31,44.61,46.92,49.22,53.23,55.58,57.98,60.32,62.76,65.12,67.51,69.89,72.29,74.66,81.12,81.12,85.44,85.44,89.83,89.83,94.22,94.22,98.55,98.55,103.57,103.57,107.97,107.97,112.29,112.29,116.72,116.72,121.16,121.16,131.00,131.00,131.00,131.00,140.73,140.73,140.73,140.73,150.50,150.50,150.50,150.50,160.20,160.20,160.20,160.20,169.94,169.94,169.94,169.94,192.89,192.89,192.89,192.89,192.89,192.89,192.89,192.89,192.89,192.89,216.70,216.70,216.70,216.70,216.70,216.70,216.70,216.70,216.70,216.70,240.43,240.43,240.43,240.43,240.43,240.43,240.43,240.43,240.43,240.43,264.25,264.25,264.25,264.25,264.25,264.25,264.25,264.25,264.25,264.25,288.03,288.03,288.03,288.03,288.03,288.03,288.03,288.03,288.03,288.03,311.80,311.80,311.80,311.80,311.80,311.80,311.80,311.80,311.80,311.80,335.57,335.57,335.57,335.57,335.57,335.57,335.57,335.57,335.57,335.57,359.36,359.36,359.36,359.36,359.36,359.36,359.36,359.36,359.36,359.36
GD,Grenada,Zone 9,37.01,37.01,37.01,37.01,37.81,40.02,42.31,44.61,46.92,49.22,53.23,55.58,57.98,60.32,62.76,65.12,67.51,69.89,72.29,74.66,81.12,81.12,85.44,85.44,89.83,89.83,94.22,94.22,98.55,98.55,103.57,103.57,107.97,107.97,112.29,112.29,116.72,116.72,121.16,121.16,131.00,131.00,131.00,131.00,140.73,140.73,140.73,140.73,150.50,150.50,150.50,150.50,160.20,160.20,160.20,160.20,169.94,169.94,169.94,169.94,192.89,192.89,192.89,192.89,192.89,192.89,192.89,192.89,192.89,192.89,216.70,216.70,216.70,216.70,216.70,216.70,216.70,216.70,216.70,216.70,240.43,240.43,240.43,240.43,240.43,240.43,240.43,240.43,240.43,240.43,264.25,264.25,264.25,264.25,264.25,264.25,264.25,264.25,264.25,264.25,288.03,288.03,288.03,288.03,288.03,288.03,288.03,288.03,288.03,288.03,311.80,311.80,311.80,311.80,311.80,311.80,311.80,311.80,311.80,311.80,335.57,335.57,335.57,335.57,335.57,335.57,335.57,335.57,335.57,335.57,359.36,359.36,359.36,359.36,359.36,359.36,359.36,359.36,359.36,359.36
GP,Guadeloupe,Zone 10,37.00,37.00,37.00,37.00,38.70,40.63,42.80,44.92,47.08,49.20,54.20,56.50,58.75,61.03,63.26,65.59,67.83,70.14,72.38,74.68,80.39,80.39,84.92,84.92,89.46,89.46,93.96,93.96,98.52,98.52,102.96,102.96,107.54,107.54,112.09,112.09,116.59,116.59,121.14,121.14,134.19,134.19,134.19,134.19,143.14,143.14,143.14,143.14,152.09,152.09,152.09,152.09,161.03,161.03,161.03,161.03,169.98,169.98,169.98,169.98,193.78,193.78,193.78,193.78,193.78,193.78,193.78,193.78,193.78,193.78,217.59,217.59,217.59,217.59,217.59,217.59,217.59,217.59,217.59,217.59,241.36,241.36,241.36,241.36,241.36,241.36,241.36,241.36,241.36,241.36,265.16,265.16,265.16,265.16,265.16,265.16,265.16,265.16,265.16,265.16,288.94,288.94,288.94,288.94,288.94,288.94,288.94,288.94,288.94,288.94,312.72,312.72,312.72,312.72,312.72,312.72,312.72,312.72,312.72,312.72,336.55,336.55,336.55,336.55,336.55,336.55,336.55,336.55,336.55,336.55,360.31,360.31,360.31,360.31,360.31,360.31,360.31,360.31,360.31,360.31
GU,Guam,Zone 9,37.01,37.01,37.01,37.01,37.81,40.02,42.31,44.61,46.92,49.22,53.23,55.58,57.98,60.32,62.76,65.12,67.51,69.89,72.29,74.66,81.12,81.12,85.44,85.44,89.83,89.83,94.22,94.22,98.55,98.55,103.57,103.57,107.97,107.97,112.29,112.29,116.72,116.72,121.16,121.16,131.00,131.00,131.00,131.00,140.73,140.73,140.73,140.73,150.50,150.50,150.50,150.50,160.20,160.20,160.20,160.20,169.94,169.94,169.94,169.94,192.89,192.89,192.89,192.89,192.89,192.89,192.89,192.89,192.89,192.89,216.70,216.70,216.70,216.70,216.70,216.70,216.70,216.70,216.70,216.70,240.43,240.43,240.43,240.43,240.43,240.43,240.43,240.43,240.43,240.43,264.25,264.25,264.25,264.25,264.25,264.25,264.25,264.25,264.25,264.25,288.03,288.03,288.03,288.03,288.03,288.03,288.03,288.03,288.03,288.03,311.80,311.80,311.80,311.80,311.80,311.80,311.80,311.80,311.80,311.80,335.57,335.57,335.57,335.57,335.57,335.57,335.57,335.57,335.57,335.57,359.36,359.36,359.36,359.36,359.36,359.36,359.36,359.36,359.36,359.36
GG,Guernsey,Zone 5,34.84,34.84,34.84,34.84,37.45,38.24,39.94,41.67,43.37,45.07,46.14,47.52,48.89,50.31,51.68,53.07,54.46,55.84,57.23,58.61,61.39,61.39,64.08,64.08,66.71,66.71,69.36,69.36,72.02,72.02,74.87,74.87,77.54,77.54,80.20,80.20,82.87,82.87,85.53,85.53,90.65,90.65,90.65,90.65,95.64,95.64,95.64,95.64,100.56,100.56,100.56,100.56,105.54,105.54,105.54,105.54,110.48,110.48,110.48,110.48,125.06,125.06,125.06,125.06,125.06,125.06,125.06,125.06,125.06,125.06,139.85,139.85,139.85,139.85,139.85,139.85,139.85,139.85,139.85,139.85,154.64,154.64,154.64,154.64,154.64,154.64,154.64,154.64,154.64,154.64,169.45,169.45,169.45,169.45,169.45,169.45,169.45,169.45,169.45,169.45,184.24,184.24,184.24,184.24,184.24,184.24,184.24,184.24,184.24,184.24,199.03,199.03,199.03,199.03,199.03,199.03,199.03,199.03,199.03,199.03,213.85,213.85,213.85,213.85,213.85,213.85,213.85,213.85,213.85,213.85,228.60,228.60,228.60,228.60,228.60,228.60,228.60,228.60,228.60,228.60
GN,Guinea,Zone 10,37.00,37.00,37.00,37.00,38.70,40.63,42.80,44.92,47.08,49.20,54.20,56.50,58.75,61.03,63.26,65.59,67.83,70.14,72.38,74.68,80.39,80.39,84.92,84.92,89.46,89.46,93.96,93.96,98.52,98.52,102.96,102.96,107.54,107.54,112.09,112.09,116.59,116.59,121.14,121.14,134.19,134.19,134.19,134.19,143.14,143.14,143.14,143.14,152.09,152.09,152.09,152.09,161.03,161.03,161.03,161.03,169.98,169.98,169.98,169.98,193.78,193.78,193.78,193.78,193.78,193.78,193.78,193.78,193.78,193.78,217.59,217.59,217.59,217.59,217.59,217.59,217.59,217.59,217.59,217.59,241.36,241.36,241.36,241.36,241.36,241.36,241.36,241.36,241.36,241.36,265.16,265.16,265.16,265.16,265.16,265.16,265.16,265.16,265.16,265.16,288.94,288.94,288.94,288.94,288.94,288.94,288.94,288.94,288.94,288.94,312.72,312.72,312.72,312.72,312.72,312.72,312.72,312.72,312.72,312.72,336.55,336.55,336.55,336.55,336.55,336.55,336.55,336.55,336.55,336.55,360.31,360.31,360.31,360.31,360.31,360.31,360.31,360.31,360.31,360.31
GW,Guinea Bissau,Zone 10,37.00,37.00,37.00,37.00,38.70,40.63,42.80,44.92,47.08,49.20,54.20,56.50,58.75,61.03,63.26,65.59,67.83,70.14,72.38,74.68,80.39,80.39,84.92,84.92,89.46,89.46,93.96,93.96,98.52,98.52,102.96,102.96,107.54,107.54,112.09,112.09,116.59,116.59,121.14,121.14,134.19,134.19,134.19,134.19,143.14,143.14,143.14,143.14,152.09,152.09,152.09,152.09,161.03,161.03,161.03,161.03,169.98,169.98,169.98,169.98,193.78,193.78,193.78,193.78,193.78,193.78,193.78,193.78,193.78,193.78,217.59,217.59,217.59,217.59,217.59,217.59,217.59,217.59,217.59,217.59,241.36,241.36,241.36,241.36,241.36,241.36,241.36,241.36,241.36,241.36,265.16,265.16,265.16,265.16,265.16,265.16,265.16,265.16,265.16,265.16,288.94,288.94,288.94,288.94,288.94,288.94,288.94,288.94,288.94,288.94,312.72,312.72,312.72,312.72,312.72,312.72,312.72,312.72,312.72,312.72,336.55,336.55,336.55,336.55,336.55,336.55,336.55,336.55,336.55,336.55,360.31,360.31,360.31,360.31,360.31,360.31,360.31,360.31,360.31,360.31
GY,Guyana,Zone 10,37.00,37.00,37.00,37.00,38.70,40.63,42.80,44.92,47.08,49.20,54.20,56.50,58.75,61.03,63.26,65.59,67.83,70.14,72.38,74.68,80.39,80.39,84.92,84.92,89.46,89.46,93.96,93.96,98.52,98.52,102.96,102.96,107.54,107.54,112.09,112.09,116.59,116.59,121.14,121.14,134.19,134.19,134.19,134.19,143.14,143.14,143.14,143.14,152.09,152.09,152.09,152.09,161.03,161.03,161.03,161.03,169.98,169.98,169.98,169.98,193.78,193.78,193.78,193.78,193.78,193.78,193.78,193.78,193.78,193.78,217.59,217.59,217.59,217.59,217.59,217.59,217.59,217.59,217.59,217.59,241.36,241.36,241.36,241.36,241.36,241.36,241.36,241.36,241.36,241.36,265.16,265.16,265.16,265.16,265.16,265.16,265.16,265.16,265.16,265.16,288.94,288.94,288.94,288.94,288.94,288.94,288.94,288.94,288.94,288.94,312.72,312.72,312.72,312.72,312.72,312.72,312.72,312.72,312.72,312.72,336.55,336.55,336.55,336.55,336.55,336.55,336.55,336.55,336.55,336.55,360.31,360.31,360.31,360.31,360.31,360.31,360.31,360.31,360.31,360.31
HT,Haiti,Zone 10,37.00,37.00,37.00,37.00,38.70,40.63,42.80,44.92,47.08,49.20,54.20,56.50,58.75,61.03,63.26,65.59,67.83,70.14,72.38,74.68,80.39,80.39,84.92,84.92,89.46,89.46,93.96,93.96,98.52,98.52,102.96,102.96,107.54,107.54,112.09,112.09,116.59,116.59,121.14,121.14,134.19,134.19,134.19,134.19,143.14,143.14,143.14,143.14,152.09,152.09,152.09,152.09,161.03,161.03,161.03,161.03,169.98,169.98,169.98,169.98,193.78,193.78,193.78,193.78,193.78,193.78,193.78,193.78,193.78,193.78,217.59,217.59,217.59,217.59,217.59,217.59,217.59,217.59,217.59,217.59,241.36,241.36,241.36,241.36,241.36,241.36,241.36,241.36,241.36,241.36,265.16,265.16,265.16,265.16,265.16,265.16,265.16,265.16,265.16,265.16,288.94,288.94,288.94,288.94,288.94,288.94,288.94,288.94,288.94,288.94,312.72,312.72,312.72,312.72,312.72,312.72,312.72,312.72,312.72,312.72,336.55,336.55,336.55,336.55,336.55,336.55,336.55,336.55,336.55,336.55,360.31,360.31,360.31,360.31,360.31,360.31,360.31,360.31,360.31,360.31
HK,Hong Kong,Zone 8,24.03,24.03,24.03,24.03,24.03,24.03,24.03,24.03,24.03,24.03,27.04,28.12,29.22,30.31,31.43,32.51,33.60,34.71,35.76,36.86,41.16,41.16,43.35,43.35,45.55,45.55,47.79,47.79,49.98,49.98,53.72,53.72,56.04,56.04,58.31,58.31,60.58,60.58,62.84,62.84,67.54,67.54,67.54,67.54,71.96,71.96,71.96,71.96,76.39,76.39,76.39,76.39,80.82,80.82,80.82,80.82,85.26,85.26,85.26,85.26,96.58,96.58,96.58,96.58,96.58,96.58,96.58,96.58,96.58,96.58,107.91,107.91,107.91,107.91,107.91,107.91,107.91,107.91,107.91,107.91,119.23,119.23,119.23,119.23,119.23,119.23,119.23,119.23,119.23,119.23,130.58,130.58,130.58,130.58,130.58,130.58,130.58,130.58,130.58,130.58,141.88,141.88,141.88,141.88,141.88,141.88,141.88,141.88,141.88,141.88,153.20,153.20,153.20,153.20,153.20,153.20,153.20,153.20,153.20,153.20,164.54,164.54,164.54,164.54,164.54,164.54,164.54,164.54,164.54,164.54,175.86,175.86,175.86,175.86,175.86,175.86,175.86,175.86,175.86,175.86
HU,Hungary,Zone 741,16.24,16.24,16.24,16.24,16.71,17.27,18.11,18.96,19.76,20.50,21.16,21.82,22.49,23.16,23.81,24.47,25.13,25.79,26.45,27.11,28.19,28.19,29.43,29.43,30.65,30.65,31.90,31.90,33.16,33.16,34.36,34.36,35.55,35.55,36.76,36.76,37.97,37.97,39.17,39.17,41.62,41.62,41.62,41.62,43.87,43.87,43.87,43.87,46.14,46.14,46.14,46.14,48.37,48.37,48.37,48.37,50.62,50.62,50.62,50.62,57.41,57.41,57.41,57.41,57.41,57.41,57.41,57.41,57.41,57.41,64.17,64.17,64.17,64.17,64.17,64.17,64.17,64.17,64.17,64.17,70.97,70.97,70.97,70.97,70.97,70.97,70.97,70.97,70.97,70.97,77.76,77.76,77.76,77.76,77.76,77.76,77.76,77.76,77.76,77.76,84.51,84.51,84.51,84.51,84.51,84.51,84.51,84.51,84.51,84.51,91.31,91.31,91.31,91.31,91.31,91.31,91.31,91.31,91.31,91.31,98.10,98.10,98.10,98.10,98.10,98.10,98.10,98.10,98.10,98.10,104.88,104.88,104.88,104.88,104.88,104.88,104.88,104.88,104.88,104.88
IS,Iceland,Zone 9,37.01,37.01,37.01,37.01,37.81,40.02,42.31,44.61,46.92,49.22,53.23,55.58,57.98,60.32,62.76,65.12,67.51,69.89,72.29,74.66,81.12,81.12,85.44,85.44,89.83,89.83,94.22,94.22,98.55,98.55,103.57,103.57,107.97,107.97,112.29,112.29,116.72,116.72,121.16,121.16,131.00,131.00,131.00,131.00,140.73,140.73,140.73,140.73,150.50,150.50,150.50,150.50,160.20,160.20,160.20,160.20,169.94,169.94,169.94,169.94,192.89,192.89,192.89,192.89,192.89,192.89,192.89,192.89,192.89,192.89,216.70,216.70,216.70,216.70,216.70,216.70,216.70,216.70,216.70,216.70,240.43,240.43,240.43,240.43,240.43,240.43,240.43,240.43,240.43,240.43,264.25,264.25,264.25,264.25,264.25,264.25,264.25,264.25,264.25,264.25,288.03,288.03,288.03,288.03,288.03,288.03,288.03,288.03,288.03,288.03,311.80,311.80,311.80,311.80,311.80,311.80,311.80,311.80,311.80,311.80,335.57,335.57,335.57,335.57,335.57,335.57,335.57,335.57,335.57,335.57,359.36,359.36,359.36,359.36,359.36,359.36,359.36,359.36,359.36,359.36
IN,India,Zone 9,37.01,37.01,37.01,37.01,37.81,40.02,42.31,44.61,46.92,49.22,53.23,55.58,57.98,60.32,62.76,65.12,67.51,69.89,72.29,74.66,81.12,81.12,85.44,85.44,89.83,89.83,94.22,94.22,98.55,98.55,103.57,103.57,107.97,107.97,112.29,112.29,116.72,116.72,121.16,121.16,131.00,131.00,131.00,131.00,140.73,140.73,140.73,140.73,150.50,150.50,150.50,150.50,160.20,160.20,160.20,160.20,169.94,169.94,169.94,169.94,192.89,192.89,192.89,192.89,192.89,192.89,192.89,192.89,192.89,192.89,216.70,216.70,216.70,216.70,216.70,216.70,216.70,216.70,216.70,216.70,240.43,240.43,240.43,240.43,240.43,240.43,240.43,240.43,240.43,240.43,264.25,264.25,264.25,264.25,264.25,264.25,264.25,264.25,264.25,264.25,288.03,288.03,288.03,288.03,288.03,288.03,288.03,288.03,288.03,288.03,311.80,311.80,311.80,311.80,311.80,311.80,311.80,311.80,311.80,311.80,335.57,335.57,335.57,335.57,335.57,335.57,335.57,335.57,335.57,335.57,359.36,359.36,359.36,359.36,359.36,359.36,359.36,359.36,359.36,359.36
ID,Indonesia,Zone 8,24.03,24.03,24.03,24.03,24.03,24.03,24.03,24.03,24.03,24.03,27.04,28.12,29.22,30.31,31.43,32.51,33.60,34.71,35.76,36.86,41.16,41.16,43.35,43.35,45.55,45.55,47.79,47.79,49.98,49.98,53.72,53.72,56.04,56.04,58.31,58.31,60.58,60.58,62.84,62.84,67.54,67.54,67.54,67.54,71.96,71.96,71.96,71.96,76.39,76.39,76.39,76.39,80.82,80.82,80.82,80.82,85.26,85.26,85.26,85.26,96.58,96.58,96.58,96.58,96.58,96.58,96.58,96.58,96.58,96.58,107.91,107.91,107.91,107.91,107.91,107.91,107.91,107.91,107.91,107.91,119.23,119.23,119.23,119.23,119.23,119.23,119.23,119.23,119.23,119.23,130.58,130.58,130.58,130.58,130.58,130.58,130.58,130.58,130.58,130.58,141.88,141.88,141.88,141.88,141.88,141.88,141.88,141.88,141.88,141.88,153.20,153.20,153.20,153.20,153.20,153.20,153.20,153.20,153.20,153.20,164.54,164.54,164.54,164.54,164.54,164.54,164.54,164.54,164.54,164.54,175.86,175.86,175.86,175.86,175.86,175.86,175.86,175.86,175.86,175.86
IQ,Iraq,Zone 9,37.01,37.01,37.01,37.01,37.81,40.02,42.31,44.61,46.92,49.22,53.23,55.58,57.98,60.32,62.76,65.12,67.51,69.89,72.29,74.66,81.12,81.12,85.44,85.44,89.83,89.83,94.22,94.22,98.55,98.55,103.57,103.57,107.97,107.97,112.29,112.29,116.72,116.72,121.16,121.16,131.00,131.00,131.00,131.00,140.73,140.73,140.73,140.73,150.50,150.50,150.50,150.50,160.20,160.20,160.20,160.20,169.94,169.94,169.94,169.94,192.89,192.89,192.89,192.89,192.89,192.89,192.89,192.89,192.89,192.89,216.70,216.70,216.70,216.70,216.70,216.70,216.70,216.70,216.70,216.70,240.43,240.43,240.43,240.43,240.43,240.43,240.43,240.43,240.43,240.43,264.25,264.25,264.25,264.25,264.25,264.25,264.25,264.25,264.25,264.25,288.03,288.03,288.03,288.03,288.03,288.03,288.03,288.03,288.03,288.03,311.80,311.80,311.80,311.80,311.80,311.80,311.80,311.80,311.80,311.80,335.57,335.57,335.57,335.57,335.57,335.57,335.57,335.57,335.57,335.57,359.36,359.36,359.36,359.36,359.36,359.36,359.36,359.36,359.36,359.36
IE,Ireland,Zone 702,13.08,13.08,13.08,13.08,14.55,14.91,15.35,15.77,16.21,16.67,18.41,18.76,19.11,19.47,19.81,20.14,20.48,20.82,21.14,21.51,22.40,22.40,23.06,23.06,23.77,23.77,24.41,24.41,25.09,25.09,26.08,26.08,26.77,26.77,27.47,27.47,28.13,28.13,28.77,28.77,31.00,31.00,31.00,31.00,32.26,32.26,32.26,32.26,33.51,33.51,33.51,33.51,34.76,34.76,34.76,34.76,36.01,36.01,36.01,36.01,39.64,39.64,39.64,39.64,39.64,39.64,39.64,39.64,39.64,39.64,43.05,43.05,43.05,43.05,43.05,43.05,43.05,43.05,43.05,43.05,46.52,46.52,46.52,46.52,46.52,46.52,46.52,46.52,46.52,46.52,49.93,49.93,49.93,49.93,49.93,49.93,49.93,49.93,49.93,49.93,53.37,53.37,53.37,53.37,53.37,53.37,53.37,53.37,53.37,53.37,56.84,56.84,56.84,56.84,56.84,56.84,56.84,56.84,56.84,56.84,60.27,60.27,60.27,60.27,60.27,60.27,60.27,60.27,60.27,60.27,63.69,63.69,63.69,63.69,63.69,63.69,63.69,63.69,63.69,63.69
IL,Israel,Zone 9,37.01,37.01,37.01,37.01,37.81,40.02,42.31,44.61,46.92,49.22,53.23,55.58,57.98,60.32,62.76,65.12,67.51,69.89,72.29,74.66,81.12,81.12,85.44,85.44,89.83,89.83,94.22,94.22,98.55,98.55,103.57,103.57,107.97,107.97,112.29,112.29,116.72,116.72,121.16,121.16,131.00,131.00,131.00,131.00,140.73,140.73,140.73,140.73,150.50,150.50,150.50,150.50,160.20,160.20,160.20,160.20,169.94,169.94,169.94,169.94,192.89,192.89,192.89,192.89,192.89,192.89,192.89,192.89,192.89,192.89,216.70,216.70,216.70,216.70,216.70,216.70,216.70,216.70,216.70,216.70,240.43,240.43,240.43,240.43,240.43,240.43,240.43,240.43,240.43,240.43,264.25,264.25,264.25,264.25,264.25,264.25,264.25,264.25,264.25,264.25,288.03,288.03,288.03,288.03,288.03,288.03,288.03,288.03,288.03,288.03,311.80,311.80,311.80,311.80,311.80,311.80,311.80,311.80,311.80,311.80,335.57,335.57,335.57,335.57,335.57,335.57,335.57,335.57,335.57,335.57,359.36,359.36,359.36,359.36,359.36,359.36,359.36,359.36,359.36,359.36
IT,Italy,Zone 704,16.13,16.13,16.13,16.13,16.11,16.11,16.86,17.63,18.37,19.15,19.92,20.70,21.46,22.24,23.00,23.76,24.52,25.30,26.06,26.85,28.10,28.10,29.25,29.25,30.42,30.42,31.62,31.62,32.79,32.79,33.83,33.83,34.98,34.98,36.11,36.11,37.28,37.28,38.42,38.42,40.68,40.68,40.68,40.68,42.78,42.78,42.78,42.78,44.85,44.85,44.85,44.85,46.97,46.97,46.97,46.97,49.03,49.03,49.03,49.03,55.97,55.97,55.97,55.97,55.97,55.97,55.97,55.97,55.97,55.97,62.78,62.78,62.78,62.78,62.78,62.78,62.78,62.78,62.78,62.78,69.57,69.57,69.57,69.57,69.57,69.57,69.57,69.57,69.57,69.57,76.35,76.35,76.35,76.35,76.35,76.35,76.35,76.35,76.35,76.35,83.15,83.15,83.15,83.15,83.15,83.15,83.15,83.15,83.15,83.15,89.95,89.95,89.95,89.95,89.95,89.95,89.95,89.95,89.95,89.95,96.74,96.74,96.74,96.74,96.74,96.74,96.74,96.74,96.74,96.74,103.54,103.54,103.54,103.54,103.54,103.54,103.54,103.54,103.54,103.54
JP,Japan,Zone 8,24.03,24.03,24.03,24.03,24.03,24.03,24.03,24.03,24.03,24.03,27.04,28.12,29.22,30.31,31.43,32.51,33.60,34.71,35.76,36.86,41.16,41.16,43.35,43.35,45.55,45.55,47.79,47.79,49.98,49.98,53.72,53.72,56.04,56.04,58.31,58.31,60.58,60.58,62.84,62.84,67.54,67.54,67.54,67.54,71.96,71.96,71.96,71.96,76.39,76.39,76.39,76.39,80.82,80.82,80.82,80.82,85.26,85.26,85.26,85.26,96.58,96.58,96.58,96.58,96.58,96.58,96.58,96.58,96.58,96.58,107.91,107.91,107.91,107.91,107.91,107.91,107.91,107.91,107.91,107.91,119.23,119.23,119.23,119.23,119.23,119.23,119.23,119.23,119.23,119.23,130.58,130.58,130.58,130.58,130.58,130.58,130.58,130.58,130.58,130.58,141.88,141.88,141.88,141.88,141.88,141.88,141.88,141.88,141.88,141.88,153.20,153.20,153.20,153.20,153.20,153.20,153.20,153.20,153.20,153.20,164.54,164.54,164.54,164.54,164.54,164.54,164.54,164.54,164.54,164.54,175.86,175.86,175.86,175.86,175.86,175.86,175.86,175.86,175.86,175.86
JE,Jersey,Zone 5,34.84,34.84,34.84,34.84,37.45,38.24,39.94,41.67,43.37,45.07,46.14,47.52,48.89,50.31,51.68,53.07,54.46,55.84,57.23,58.61,61.39,61.39,64.08,64.08,66.71,66.71,69.36,69.36,72.02,72.02,74.87,74.87,77.54,77.54,80.20,80.20,82.87,82.87,85.53,85.53,90.65,90.65,90.65,90.65,95.64,95.64,95.64,95.64,100.56,100.56,100.56,100.56,105.54,105.54,105.54,105.54,110.48,110.48,110.48,110.48,125.06,125.06,125.06,125.06,125.06,125.06,125.06,125.06,125.06,125.06,139.85,139.85,139.85,139.85,139.85,139.85,139.85,139.85,139.85,139.85,154.64,154.64,154.64,154.64,154.64,154.64,154.64,154.64,154.64,154.64,169.45,169.45,169.45,169.45,169.45,169.45,169.45,169.45,169.45,169.45,184.24,184.24,184.24,184.24,184.24,184.24,184.24,184.24,184.24,184.24,199.03,199.03,199.03,199.03,199.03,199.03,199.03,199.03,199.03,199.03,213.85,213.85,213.85,213.85,213.85,213.85,213.85,213.85,213.85,213.85,228.60,228.60,228.60,228.60,228.60,228.60,228.60,228.60,228.60,228.60
KZ,Kazakhstan,Zone 9,37.01,37.01,37.01,37.01,37.81,40.02,42.31,44.61,46.92,49.22,53.23,55.58,57.98,60.32,62.76,65.12,67.51,69.89,72.29,74.66,81.12,81.12,85.44,85.44,89.83,89.83,94.22,94.22,98.55,98.55,103.57,103.57,107.97,107.97,112.29,112.29,116.72,116.72,121.16,121.16,131.00,131.00,131.00,131.00,140.73,140.73,140.73,140.73,150.50,150.50,150.50,150.50,160.20,160.20,160.20,160.20,169.94,169.94,169.94,169.94,192.89,192.89,192.89,192.89,192.89,192.89,192.89,192.89,192.89,192.89,216.70,216.70,216.70,216.70,216.70,216.70,216.70,216.70,216.70,216.70,240.43,240.43,240.43,240.43,240.43,240.43,240.43,240.43,240.43,240.43,264.25,264.25,264.25,264.25,264.25,264.25,264.25,264.25,264.25,264.25,288.03,288.03,288.03,288.03,288.03,288.03,288.03,288.03,288.03,288.03,311.80,311.80,311.80,311.80,311.80,311.80,311.80,311.80,311.80,311.80,335.57,335.57,335.57,335.57,335.57,335.57,335.57,335.57,335.57,335.57,359.36,359.36,359.36,359.36,359.36,359.36,359.36,359.36,359.36,359.36
KE,Kenya,Zone 9,37.01,37.01,37.01,37.01,37.81,40.02,42.31,44.61,46.92,49.22,53.23,55.58,57.98,60.32,62.76,65.12,67.51,69.89,72.29,74.66,81.12,81.12,85.44,85.44,89.83,89.83,94.22,94.22,98.55,98.55,103.57,103.57,107.97,107.97,112.29,112.29,116.72,116.72,121.16,121.16,131.00,131.00,131.00,131.00,140.73,140.73,140.73,140.73,150.50,150.50,150.50,150.50,160.20,160.20,160.20,160.20,169.94,169.94,169.94,169.94,192.89,192.89,192.89,192.89,192.89,192.89,192.89,192.89,192.89,192.89,216.70,216.70,216.70,216.70,216.70,216.70,216.70,216.70,216.70,216.70,240.43,240.43,240.43,240.43,240.43,240.43,240.43,240.43,240.43,240.43,264.25,264.25,264.25,264.25,264.25,264.25,264.25,264.25,264.25,264.25,288.03,288.03,288.03,288.03,288.03,288.03,288.03,288.03,288.03,288.03,311.80,311.80,311.80,311.80,311.80,311.80,311.80,311.80,311.80,311.80,335.57,335.57,335.57,335.57,335.57,335.57,335.57,335.57,335.57,335.57,359.36,359.36,359.36,359.36,359.36,359.36,359.36,359.36,359.36,359.36
KI,Kiribati,Zone 9,37.01,37.01,37.01,37.01,37.81,40.02,42.31,44.61,46.92,49.22,53.23,55.58,57.98,60.32,62.76,65.12,67.51,69.89,72.29,74.66,81.12,81.12,85.44,85.44,89.83,89.83,94.22,94.22,98.55,98.55,103.57,103.57,107.97,107.97,112.29,112.29,116.72,116.72,121.16,121.16,131.00,131.00,131.00,131.00,140.73,140.73,140.73,140.73,150.50,150.50,150.50,150.50,160.20,160.20,160.20,160.20,169.94,169.94,169.94,169.94,192.89,192.89,192.89,192.89,192.89,192.89,192.89,192.89,192.89,192.89,216.70,216.70,216.70,216.70,216.70,216.70,216.70,216.70,216.70,216.70,240.43,240.43,240.43,240.43,240.43,240.43,240.43,240.43,240.43,240.43,264.25,264.25,264.25,264.25,264.25,264.25,264.25,264.25,264.25,264.25,288.03,288.03,288.03,288.03,288.03,288.03,288.03,288.03,288.03,288.03,311.80,311.80,311.80,311.80,311.80,311.80,311.80,311.80,311.80,311.80,335.57,335.57,335.57,335.57,335.57,335.57,335.57,335.57,335.57,335.57,359.36,359.36,359.36,359.36,359.36,359.36,359.36,359.36,359.36,359.36
KR,"Korea, South",Zone 8,24.03,24.03,24.03,24.03,24.03,24.03,24.03,24.03,24.03,24.03,27.04,28.12,29.22,30.31,31.43,32.51,33.60,34.71,35.76,36.86,41.16,41.16,43.35,43.35,45.55,45.55,47.79,47.79,49.98,49.98,53.72,53.72,56.04,56.04,58.31,58.31,60.58,60.58,62.84,62.84,67.54,67.54,67.54,67.54,71.96,71.96,71.96,71.96,76.39,76.39,76.39,76.39,80.82,80.82,80.82,80.82,85.26,85.26,85.26,85.26,96.58,96.58,96.58,96.58,96.58,96.58,96.58,96.58,96.58,96.58,107.91,107.91,107.91,107.91,107.91,107.91,107.91,107.91,107.91,107.91,119.23,119.23,119.23,119.23,119.23,119.23,119.23,119.23,119.23,119.23,130.58,130.58,130.58,130.58,130.58,130.58,130.58,130.58,130.58,130.58,141.88,141.88,141.88,141.88,141.88,141.88,141.88,141.88,141.88,141.88,153.20,153.20,153.20,153.20,153.20,153.20,153.20,153.20,153.20,153.20,164.54,164.54,164.54,164.54,164.54,164.54,164.54,164.54,164.54,164.54,175.86,175.86,175.86,175.86,175.86,175.86,175.86,175.86,175.86,175.86
KV,Kosovo,Zone 5,34.84,34.84,34.84,34.84,37.45,38.24,39.94,41.67,43.37,45.07,46.14,47.52,48.89,50.31,51.68,53.07,54.46,55.84,57.23,58.61,61.39,61.39,64.08,64.08,66.71,66.71,69.36,69.36,72.02,72.02,74.87,74.87,77.54,77.54,80.20,80.20,82.87,82.87,85.53,85.53,90.65,90.65,90.65,90.65,95.64,95.64,95.64,95.64,100.56,100.56,100.56,100.56,105.54,105.54,105.54,105.54,110.48,110.48,110.48,110.48,125.06,125.06,125.06,125.06,125.06,125.06,125.06,125.06,125.06,125.06,139.85,139.85,139.85,139.85,139.85,139.85,139.85,139.85,139.85,139.85,154.64,154.64,154.64,154.64,154.64,154.64,154.64,154.64,154.64,154.64,169.45,169.45,169.45,169.45,169.45,169.45,169.45,169.45,169.45,169.45,184.24,184.24,184.24,184.24,184.24,184.24,184.24,184.24,184.24,184.24,199.03,199.03,199.03,199.03,199.03,199.03,199.03,199.03,199.03,199.03,213.85,213.85,213.85,213.85,213.85,213.85,213.85,213.85,213.85,213.85,228.60,228.60,228.60,228.60,228.60,228.60,228.60,228.60,228.60,228.60
FM,"Kosrae (Micronesia, Federated States of)",Zone 9,37.01,37.01,37.01,37.01,37.81,40.02,42.31,44.61,46.92,49.22,53.23,55.58,57.98,60.32,62.76,65.12,67.51,69.89,72.29,74.66,81.12,81.12,85.44,85.44,89.83,89.83,94.22,94.22,98.55,98.55,103.57,103.57,107.97,107.97,112.29,112.29,116.72,116.72,121.16,121.16,131.00,131.00,131.00,131.00,140.73,140.73,140.73,140.73,150.50,150.50,150.50,150.50,160.20,160.20,160.20,160.20,169.94,169.94,169.94,169.94,192.89,192.89,192.89,192.89,192.89,192.89,192.89,192.89,192.89,192.89,216.70,216.70,216.70,216.70,216.70,216.70,216.70,216.70,216.70,216.70,240.43,240.43,240.43,240.43,240.43,240.43,240.43,240.43,240.43,240.43,264.25,264.25,264.25,264.25,264.25,264.25,264.25,264.25,264.25,264.25,288.03,288.03,288.03,288.03,288.03,288.03,288.03,288.03,288.03,288.03,311.80,311.80,311.80,311.80,311.80,311.80,311.80,311.80,311.80,311.80,335.57,335.57,335.57,335.57,335.57,335.57,335.57,335.57,335.57,335.57,359.36,359.36,359.36,359.36,359.36,359.36,359.36,359.36,359.36,359.36
KW,Kuwait,Zone 9,37.01,37.01,37.01,37.01,37.81,40.02,42.31,44.61,46.92,49.22,53.23,55.58,57.98,60.32,62.76,65.12,67.51,69.89,72.29,74.66,81.12,81.12,85.44,85.44,89.83,89.83,94.22,94.22,98.55,98.55,103.57,103.57,107.97,107.97,112.29,112.29,116.72,116.72,121.16,121.16,131.00,131.00,131.00,131.00,140.73,140.73,140.73,140.73,150.50,150.50,150.50,150.50,160.20,160.20,160.20,160.20,169.94,169.94,169.94,169.94,192.89,192.89,192.89,192.89,192.89,192.89,192.89,192.89,192.89,192.89,216.70,216.70,216.70,216.70,216.70,216.70,216.70,216.70,216.70,216.70,240.43,240.43,240.43,240.43,240.43,240.43,240.43,240.43,240.43,240.43,264.25,264.25,264.25,264.25,264.25,264.25,264.25,264.25,264.25,264.25,288.03,288.03,288.03,288.03,288.03,288.03,288.03,288.03,288.03,288.03,311.80,311.80,311.80,311.80,311.80,311.80,311.80,311.80,311.80,311.80,335.57,335.57,335.57,335.57,335.57,335.57,335.57,335.57,335.57,335.57,359.36,359.36,359.36,359.36,359.36,359.36,359.36,359.36,359.36,359.36
KG,Kyrgyzstan,Zone 9,37.01,37.01,37.01,37.01,37.81,40.02,42.31,44.61,46.92,49.22,53.23,55.58,57.98,60.32,62.76,65.12,67.51,69.89,72.29,74.66,81.12,81.12,85.44,85.44,89.83,89.83,94.22,94.22,98.55,98.55,103.57,103.57,107.97,107.97,112.29,112.29,116.72,116.72,121.16,121.16,131.00,131.00,131.00,131.00,140.73,140.73,140.73,140.73,150.50,150.50,150.50,150.50,160.20,160.20,160.20,160.20,169.94,169.94,169.94,169.94,192.89,192.89,192.89,192.89,192.89,192.89,192.89,192.89,192.89,192.89,216.70,216.70,216.70,216.70,216.70,216.70,216.70,216.70,216.70,216.70,240.43,240.43,240.43,240.43,240.43,240.43,240.43,240.43,240.43,240.43,264.25,264.25,264.25,264.25,264.25,264.25,264.25,264.25,264.25,264.25,288.03,288.03,288.03,288.03,288.03,288.03,288.03,288.03,288.03,288.03,311.80,311.80,311.80,311.80,311.80,311.80,311.80,311.80,311.80,311.80,335.57,335.57,335.57,335.57,335.57,335.57,335.57,335.57,335.57,335.57,359.36,359.36,359.36,359.36,359.36,359.36,359.36,359.36,359.36,359.36
LA,Laos,Zone 10,37.00,37.00,37.00,37.00,38.70,40.63,42.80,44.92,47.08,49.20,54.20,56.50,58.75,61.03,63.26,65.59,67.83,70.14,72.38,74.68,80.39,80.39,84.92,84.92,89.46,89.46,93.96,93.96,98.52,98.52,102.96,102.96,107.54,107.54,112.09,112.09,116.59,116.59,121.14,121.14,134.19,134.19,134.19,134.19,143.14,143.14,143.14,143.14,152.09,152.09,152.09,152.09,161.03,161.03,161.03,161.03,169.98,169.98,169.98,169.98,193.78,193.78,193.78,193.78,193.78,193.78,193.78,193.78,193.78,193.78,217.59,217.59,217.59,217.59,217.59,217.59,217.59,217.59,217.59,217.59,241.36,241.36,241.36,241.36,241.36,241.36,241.36,241.36,241.36,241.36,265.16,265.16,265.16,265.16,265.16,265.16,265.16,265.16,265.16,265.16,288.94,288.94,288.94,288.94,288.94,288.94,288.94,288.94,288.94,288.94,312.72,312.72,312.72,312.72,312.72,312.72,312.72,312.72,312.72,312.72,336.55,336.55,336.55,336.55,336.55,336.55,336.55,336.55,336.55,336.55,360.31,360.31,360.31,360.31,360.31,360.31,360.31,360.31,360.31,360.31
LV,Latvia,Zone 742,29.75,29.75,29.75,29.75,32.63,34.15,35.61,37.01,38.46,39.95,42.05,43.31,44.57,45.86,47.14,48.42,49.69,50.97,52.26,53.53,57.15,57.15,59.60,59.60,62.03,62.03,64.46,64.46,66.91,66.91,70.51,70.51,73.02,73.02,75.47,75.47,77.92,77.92,80.41,80.41,86.28,86.28,86.28,86.28,91.06,91.06,91.06,91.06,95.89,95.89,95.89,95.89,100.70,100.70,100.70,100.70,105.35,105.35,105.35,105.35,119.61,119.61,119.61,119.61,119.61,119.61,119.61,119.61,119.61,119.61,133.78,133.78,133.78,133.78,133.78,133.78,133.78,133.78,133.78,133.78,147.86,147.86,147.86,147.86,147.86,147.86,147.86,147.86,147.86,147.86,161.98,161.98,161.98,161.98,161.98,161.98,161.98,161.98,161.98,161.98,176.08,176.08,176.08,176.08,176.08,176.08,176.08,176.08,176.08,176.08,190.19,190.19,190.19,190.19,190.19,190.19,190.19,190.19,190.19,190.19,204.33,204.33,204.33,204.33,204.33,204.33,204.33,204.33,204.33,204.33,218.40,218.40,218.40,218.40,218.40,218.40,218.40,218.40,218.40,218.40
LB,Lebanon,Zone 10,37.00,37.00,37.00,37.00,38.70,40.63,42.80,44.92,47.08,49.20,54.20,56.50,58.75,61.03,63.26,65.59,67.83,70.14,72.38,74.68,80.39,80.39,84.92,84.92,89.46,89.46,93.96,93.96,98.52,98.52,102.96,102.96,107.54,107.54,112.09,112.09,116.59,116.59,121.14,121.14,134.19,134.19,134.19,134.19,143.14,143.14,143.14,143.14,152.09,152.09,152.09,152.09,161.03,161.03,161.03,161.03,169.98,169.98,169.98,169.98,193.78,193.78,193.78,193.78,193.78,193.78,193.78,193.78,193.78,193.78,217.59,217.59,217.59,217.59,217.59,217.59,217.59,217.59,217.59,217.59,241.36,241.36,241.36,241.36,241.36,241.36,241.36,241.36,241.36,241.36,265.16,265.16,265.16,265.16,265.16,265.16,265.16,265.16,265.16,265.16,288.94,288.94,288.94,288.94,288.94,288.94,288.94,288.94,288.94,288.94,312.72,312.72,312.72,312.72,312.72,312.72,312.72,312.72,312.72,312.72,336.55,336.55,336.55,336.55,336.55,336.55,336.55,336.55,336.55,336.55,360.31,360.31,360.31,360.31,360.31,360.31,360.31,360.31,360.31,360.31
LS,Lesotho,Zone 10,37.00,37.00,37.00,37.00,38.70,40.63,42.80,44.92,47.08,49.20,54.20,56.50,58.75,61.03,63.26,65.59,67.83,70.14,72.38,74.68,80.39,80.39,84.92,84.92,89.46,89.46,93.96,93.96,98.52,98.52,102.96,102.96,107.54,107.54,112.09,112.09,116.59,116.59,121.14,121.14,134.19,134.19,134.19,134.19,143.14,143.14,143.14,143.14,152.09,152.09,152.09,152.09,161.03,161.03,161.03,161.03,169.98,169.98,169.98,169.98,193.78,193.78,193.78,193.78,193.78,193.78,193.78,193.78,193.78,193.78,217.59,217.59,217.59,217.59,217.59,217.59,217.59,217.59,217.59,217.59,241.36,241.36,241.36,241.36,241.36,241.36,241.36,241.36,241.36,241.36,265.16,265.16,265.16,265.16,265.16,265.16,265.16,265.16,265.16,265.16,288.94,288.94,288.94,288.94,288.94,288.94,288.94,288.94,288.94,288.94,312.72,312.72,312.72,312.72,312.72,312.72,312.72,312.72,312.72,312.72,336.55,336.55,336.55,336.55,336.55,336.55,336.55,336.55,336.55,336.55,360.31,360.31,360.31,360.31,360.31,360.31,360.31,360.31,360.31,360.31
LR,Liberia,Zone 10,37.00,37.00,37.00,37.00,38.70,40.63,42.80,44.92,47.08,49.20,54.20,56.50,58.75,61.03,63.26,65.59,67.83,70.14,72.38,74.68,80.39,80.39,84.92,84.92,89.46,89.46,93.96,93.96,98.52,98.52,102.96,102.96,107.54,107.54,112.09,112.09,116.59,116.59,121.14,121.14,134.19,134.19,134.19,134.19,143.14,143.14,143.14,143.14,152.09,152.09,152.09,152.09,161.03,161.03,161.03,161.03,169.98,169.98,169.98,169.98,193.78,193.78,193.78,193.78,193.78,193.78,193.78,193.78,193.78,193.78,217.59,217.59,217.59,217.59,217.59,217.59,217.59,217.59,217.59,217.59,241.36,241.36,241.36,241.36,241.36,241.36,241.36,241.36,241.36,241.36,265.16,265.16,265.16,265.16,265.16,265.16,265.16,265.16,265.16,265.16,288.94,288.94,288.94,288.94,288.94,288.94,288.94,288.94,288.94,288.94,312.72,312.72,312.72,312.72,312.72,312.72,312.72,312.72,312.72,312.72,336.55,336.55,336.55,336.55,336.55,336.55,336.55,336.55,336.55,336.55,360.31,360.31,360.31,360.31,360.31,360.31,360.31,360.31,360.31,360.31
LY,Libya,Zone 10,37.00,37.00,37.00,37.00,38.70,40.63,42.80,44.92,47.08,49.20,54.20,56.50,58.75,61.03,63.26,65.59,67.83,70.14,72.38,74.68,80.39,80.39,84.92,84.92,89.46,89.46,93.96,93.96,98.52,98.52,102.96,102.96,107.54,107.54,112.09,112.09,116.59,116.59,121.14,121.14,134.19,134.19,134.19,134.19,143.14,143.14,143.14,143.14,152.09,152.09,152.09,152.09,161.03,161.03,161.03,161.03,169.98,169.98,169.98,169.98,193.78,193.78,193.78,193.78,193.78,193.78,193.78,193.78,193.78,193.78,217.59,217.59,217.59,217.59,217.59,217.59,217.59,217.59,217.59,217.59,241.36,241.36,241.36,241.36,241.36,241.36,241.36,241.36,241.36,241.36,265.16,265.16,265.16,265.16,265.16,265.16,265.16,265.16,265.16,265.16,288.94,288.94,288.94,288.94,288.94,288.94,288.94,288.94,288.94,288.94,312.72,312.72,312.72,312.72,312.72,312.72,312.72,312.72,312.72,312.72,336.55,336.55,336.55,336.55,336.55,336.55,336.55,336.55,336.55,336.55,360.31,360.31,360.31,360.31,360.31,360.31,360.31,360.31,360.31,360.31
LI,Liechtenstein,Zone 51,29.76,29.76,29.76,29.76,31.32,33.17,34.87,36.61,38.26,39.96,41.50,42.75,44.17,45.51,46.82,48.20,49.54,50.87,52.24,53.54,56.15,56.15,58.82,58.82,61.53,61.53,64.22,64.22,66.91,66.91,69.65,69.65,72.37,72.37,75.02,75.02,77.72,77.72,80.42,80.42,85.43,85.43,85.43,85.43,90.42,90.42,90.42,90.42,95.39,95.39,95.39,95.39,100.34,100.34,100.34,100.34,105.35,105.35,105.35,105.35,120.17,120.17,120.17,120.17,120.17,120.17,120.17,120.17,120.17,120.17,135.07,135.07,135.07,135.07,135.07,135.07,135.07,135.07,135.07,135.07,149.95,149.95,149.95,149.95,149.95,149.95,149.95,149.95,149.95,149.95,164.88,164.88,164.88,164.88,164.88,164.88,164.88,164.88,164.88,164.88,179.72,179.72,179.72,179.72,179.72,179.72,179.72,179.72,179.72,179.72,194.62,194.62,194.62,194.62,194.62,194.62,194.62,194.62,194.62,194.62,209.52,209.52,209.52,209.52,209.52,209.52,209.52,209.52,209.52,209.52,224.38,224.38,224.38,224.38,224.38,224.38,224.38,224.38,224.38,224.38
LT,Lithuania,Zone 742,29.75,29.75,29.75,29.75,32.63,34.15,35.61,37.01,38.46,39.95,42.05,43.31,44.57,45.86,47.14,48.42,49.69,50.97,52.26,53.53,57.15,57.15,59.60,59.60,62.03,62.03,64.46,64.46,66.91,66.91,70.51,70.51,73.02,73.02,75.47,75.47,77.92,77.92,80.41,80.41,86.28,86.28,86.28,86.28,91.06,91.06,91.06,91.06,95.89,95.89,95.89,95.89,100.70,100.70,100.70,100.70,105.35,105.35,105.35,105.35,119.61,119.61,119.61,119.61,119.61,119.61,119.61,119.61,119.61,119.61,133.78,133.78,133.78,133.78,133.78,133.78,133.78,133.78,133.78,133.78,147.86,147.86,147.86,147.86,147.86,147.86,147.86,147.86,147.86,147.86,161.98,161.98,161.98,161.98,161.98,161.98,161.98,161.98,161.98,161.98,176.08,176.08,176.08,176.08,176.08,176.08,176.08,176.08,176.08,176.08,190.19,190.19,190.19,190.19,190.19,190.19,190.19,190.19,190.19,190.19,204.33,204.33,204.33,204.33,204.33,204.33,204.33,204.33,204.33,204.33,218.40,218.40,218.40,218.40,218.40,218.40,218.40,218.40,218.40,218.40
LU,Luxembourg,Zone 702,13.08,13.08,13.08,13.08,14.55,14.91,15.35,15.77,16.21,16.67,18.41,18.76,19.11,19.47,19.81,20.14,20.48,20.82,21.14,21.51,22.40,22.40,23.06,23.06,23.77,23.77,24.41,24.41,25.09,25.09,26.08,26.08,26.77,26.77,27.47,27.47,28.13,28.13,28.77,28.77,31.00,31.00,31.00,31.00,32.26,32.26,32.26,32.26,33.51,33.51,33.51,33.51,34.76,34.76,34.76,34.76,36.01,36.01,36.01,36.01,39.64,39.64,39.64,39.64,39.64,39.64,39.64,39.64,39.64,39.64,43.05,43.05,43.05,43.05,43.05,43.05,43.05,43.05,43.05,43.05,46.52,46.52,46.52,46.52,46.52,46.52,46.52,46.52,46.52,46.52,49.93,49.93,49.93,49.93,49.93,49.93,49.93,49.93,49.93,49.93,53.37,53.37,53.37,53.37,53.37,53.37,53.37,53.37,53.37,53.37,56.84,56.84,56.84,56.84,56.84,56.84,56.84,56.84,56.84,56.84,60.27,60.27,60.27,60.27,60.27,60.27,60.27,60.27,60.27,60.27,63.69,63.69,63.69,63.69,63.69,63.69,63.69,63.69,63.69,63.69
MO,Macau,Zone 8,24.03,24.03,24.03,24.03,24.03,24.03,24.03,24.03,24.03,24.03,27.04,28.12,29.22,30.31,31.43,32.51,33.60,34.71,35.76,36.86,41.16,41.16,43.35,43.35,45.55,45.55,47.79,47.79,49.98,49.98,53.72,53.72,56.04,56.04,58.31,58.31,60.58,60.58,62.84,62.84,67.54,67.54,67.54,67.54,71.96,71.96,71.96,71.96,76.39,76.39,76.39,76.39,80.82,80.82,80.82,80.82,85.26,85.26,85.26,85.26,96.58,96.58,96.58,96.58,96.58,96.58,96.58,96.58,96.58,96.58,107.91,107.91,107.91,107.91,107.91,107.91,107.91,107.91,107.91,107.91,119.23,119.23,119.23,119.23,119.23,119.23,119.23,119.23,119.23,119.23,130.58,130.58,130.58,130.58,130.58,130.58,130.58,130.58,130.58,130.58,141.88,141.88,141.88,141.88,141.88,141.88,141.88,141.88,141.88,141.88,153.20,153.20,153.20,153.20,153.20,153.20,153.20,153.20,153.20,153.20,164.54,164.54,164.54,164.54,164.54,164.54,164.54,164.54,164.54,164.54,175.86,175.86,175.86,175.86,175.86,175.86,175.86,175.86,175.86,175.86
MW,Malawi,Zone 10,37.00,37.00,37.00,37.00,38.70,40.63,42.80,44.92,47.08,49.20,54.20,56.50,58.75,61.03,63.26,65.59,67.83,70.14,72.38,74.68,80.39,80.39,84.92,84.92,89.46,89.46,93.96,93.96,98.52,98.52,102.96,102.96,107.54,107.54,112.09,112.09,116.59,116.59,121.14,121.14,134.19,134.19,134.19,134.19,143.14,143.14,143.14,143.14,152.09,152.09,152.09,152.09,161.03,161.03,161.03,161.03,169.98,169.98,169.98,169.98,193.78,193.78,193.78,193.78,193.78,193.78,193.78,193.78,193.78,193.78,217.59,217.59,217.59,217.59,217.59,217.59,217.59,217.59,217.59,217.59,241.36,241.36,241.36,241.36,241.36,241.36,241.36,241.36,241.36,241.36,265.16,265.16,265.16,265.16,265.16,265.16,265.16,265.16,265.16,265.16,288.94,288.94,288.94,288.94,288.94,288.94,288.94,288.94,288.94,288.94,312.72,312.72,312.72,312.72,312.72,312.72,312.72,312.72,312.72,312.72,336.55,336.55,336.55,336.55,336.55,336.55,336.55,336.55,336.55,336.55,360.31,360.31,360.31,360.31,360.31,360.31,360.31,360.31,360.31,360.31
MY,Malaysia,Zone 8,24.03,24.03,24.03,24.03,24.03,24.03,24.03,24.03,24.03,24.03,27.04,28.12,29.22,30.31,31.43,32.51,33.60,34.71,35.76,36.86,41.16,41.16,43.35,43.35,45.55,45.55,47.79,47.79,49.98,49.98,53.72,53.72,56.04,56.04,58.31,58.31,60.58,60.58,62.84,62.84,67.54,67.54,67.54,67.54,71.96,71.96,71.96,71.96,76.39,76.39,76.39,76.39,80.82,80.82,80.82,80.82,85.26,85.26,85.26,85.26,96.58,96.58,96.58,96.58,96.58,96.58,96.58,96.58,96.58,96.58,107.91,107.91,107.91,107.91,107.91,107.91,107.91,107.91,107.91,107.91,119.23,119.23,119.23,119.23,119.23,119.23,119.23,119.23,119.23,119.23,130.58,130.58,130.58,130.58,130.58,130.58,130.58,130.58,130.58,130.58,141.88,141.88,141.88,141.88,141.88,141.88,141.88,141.88,141.88,141.88,153.20,153.20,153.20,153.20,153.20,153.20,153.20,153.20,153.20,153.20,164.54,164.54,164.54,164.54,164.54,164.54,164.54,164.54,164.54,164.54,175.86,175.86,175.86,175.86,175.86,175.86,175.86,175.86,175.86,175.86
MV,Maldives,Zone 10,37.00,37.00,37.00,37.00,38.70,40.63,42.80,44.92,47.08,49.20,54.20,56.50,58.75,61.03,63.26,65.59,67.83,70.14,72.38,74.68,80.39,80.39,84.92,84.92,89.46,89.46,93.96,93.96,98.52,98.52,102.96,102.96,107.54,107.54,112.09,112.09,116.59,116.59,121.14,121.14,134.19,134.19,134.19,134.19,143.14,143.14,143.14,143.14,152.09,152.09,152.09,152.09,161.03,161.03,161.03,161.03,169.98,169.98,169.98,169.98,193.78,193.78,193.78,193.78,193.78,193.78,193.78,193.78,193.78,193.78,217.59,217.59,217.59,217.59,217.59,217.59,217.59,217.59,217.59,217.59,241.36,241.36,241.36,241.36,241.36,241.36,241.36,241.36,241.36,241.36,265.16,265.16,265.16,265.16,265.16,265.16,265.16,265.16,265.16,265.16,288.94,288.94,288.94,288.94,288.94,288.94,288.94,288.94,288.94,288.94,312.72,312.72,312.72,312.72,312.72,312.72,312.72,312.72,312.72,312.72,336.55,336.55,336.55,336.55,336.55,336.55,336.55,336.55,336.55,336.55,360.31,360.31,360.31,360.31,360.31,360.31,360.31,360.31,360.31,360.31
ML,Mali,Zone 10,37.00,37.00,37.00,37.00,38.70,40.63,42.80,44.92,47.08,49.20,54.20,56.50,58.75,61.03,63.26,65.59,67.83,70.14,72.38,74.68,80.39,80.39,84.92,84.92,89.46,89.46,93.96,93.96,98.52,98.52,102.96,102.96,107.54,107.54,112.09,112.09,116.59,116.59,121.14,121.14,134.19,134.19,134.19,134.19,143.14,143.14,143.14,143.14,152.09,152.09,152.09,152.09,161.03,161.03,161.03,161.03,169.98,169.98,169.98,169.98,193.78,193.78,193.78,193.78,193.78,193.78,193.78,193.78,193.78,193.78,217.59,217.59,217.59,217.59,217.59,217.59,217.59,217.59,217.59,217.59,241.36,241.36,241.36,241.36,241.36,241.36,241.36,241.36,241.36,241.36,265.16,265.16,265.16,265.16,265.16,265.16,265.16,265.16,265.16,265.16,288.94,288.94,288.94,288.94,288.94,288.94,288.94,288.94,288.94,288.94,312.72,312.72,312.72,312.72,312.72,312.72,312.72,312.72,312.72,312.72,336.55,336.55,336.55,336.55,336.55,336.55,336.55,336.55,336.55,336.55,360.31,360.31,360.31,360.31,360.31,360.31,360.31,360.31,360.31,360.31
MT,Malta,Zone 9,37.01,37.01,37.01,37.01,37.81,40.02,42.31,44.61,46.92,49.22,53.23,55.58,57.98,60.32,62.76,65.12,67.51,69.89,72.29,74.66,81.12,81.12,85.44,85.44,89.83,89.83,94.22,94.22,98.55,98.55,103.57,103.57,107.97,107.97,112.29,112.29,116.72,116.72,121.16,121.16,131.00,131.00,131.00,131.00,140.73,140.73,140.73,140.73,150.50,150.50,150.50,150.50,160.20,160.20,160.20,160.20,169.94,169.94,169.94,169.94,192.89,192.89,192.89,192.89,192.89,192.89,192.89,192.89,192.89,192.89,216.70,216.70,216.70,216.70,216.70,216.70,216.70,216.70,216.70,216.70,240.43,240.43,240.43,240.43,240.43,240.43,240.43,240.43,240.43,240.43,264.25,264.25,264.25,264.25,264.25,264.25,264.25,264.25,264.25,264.25,288.03,288.03,288.03,288.03,288.03,288.03,288.03,288.03,288.03,288.03,311.80,311.80,311.80,311.80,311.80,311.80,311.80,311.80,311.80,311.80,335.57,335.57,335.57,335.57,335.57,335.57,335.57,335.57,335.57,335.57,359.36,359.36,359.36,359.36,359.36,359.36,359.36,359.36,359.36,359.36
MH,Marshall Islands,Zone 9,37.01,37.01,37.01,37.01,37.81,40.02,42.31,44.61,46.92,49.22,53.23,55.58,57.98,60.32,62.76,65.12,67.51,69.89,72.29,74.66,81.12,81.12,85.44,85.44,89.83,89.83,94.22,94.22,98.55,98.55,103.57,103.57,107.97,107.97,112.29,112.29,116.72,116.72,121.16,121.16,131.00,131.00,131.00,131.00,140.73,140.73,140.73,140.73,150.50,150.50,150.50,150.50,160.20,160.20,160.20,160.20,169.94,169.94,169.94,169.94,192.89,192.89,192.89,192.89,192.89,192.89,192.89,192.89,192.89,192.89,216.70,216.70,216.70,216.70,216.70,216.70,216.70,216.70,216.70,216.70,240.43,240.43,240.43,240.43,240.43,240.43,240.43,240.43,240.43,240.43,264.25,264.25,264.25,264.25,264.25,264.25,264.25,264.25,264.25,264.25,288.03,288.03,288.03,288.03,288.03,288.03,288.03,288.03,288.03,288.03,311.80,311.80,311.80,311.80,311.80,311.80,311.80,311.80,311.80,311.80,335.57,335.57,335.57,335.57,335.57,335.57,335.57,335.57,335.57,335.57,359.36,359.36,359.36,359.36,359.36,359.36,359.36,359.36,359.36,359.36
MQ,Martinique,Zone 9,37.01,37.01,37.01,37.01,37.81,40.02,42.31,44.61,46.92,49.22,53.23,55.58,57.98,60.32,62.76,65.12,67.51,69.89,72.29,74.66,81.12,81.12,85.44,85.44,89.83,89.83,94.22,94.22,98.55,98.55,103.57,103.57,107.97,107.97,112.29,112.29,116.72,116.72,121.16,121.16,131.00,131.00,131.00,131.00,140.73,140.73,140.73,140.73,150.50,150.50,150.50,150.50,160.20,160.20,160.20,160.20,169.94,169.94,169.94,169.94,192.89,192.89,192.89,192.89,192.89,192.89,192.89,192.89,192.89,192.89,216.70,216.70,216.70,216.70,216.70,216.70,216.70,216.70,216.70,216.70,240.43,240.43,240.43,240.43,240.43,240.43,240.43,240.43,240.43,240.43,264.25,264.25,264.25,264.25,264.25,264.25,264.25,264.25,264.25,264.25,288.03,288.03,288.03,288.03,288.03,288.03,288.03,288.03,288.03,288.03,311.80,311.80,311.80,311.80,311.80,311.80,311.80,311.80,311.80,311.80,335.57,335.57,335.57,335.57,335.57,335.57,335.57,335.57,335.57,335.57,359.36,359.36,359.36,359.36,359.36,359.36,359.36,359.36,359.36,359.36
MR,Mauritania,Zone 10,37.00,37.00,37.00,37.00,38.70,40.63,42.80,44.92,47.08,49.20,54.20,56.50,58.75,61.03,63.26,65.59,67.83,70.14,72.38,74.68,80.39,80.39,84.92,84.92,89.46,89.46,93.96,93.96,98.52,98.52,102.96,102.96,107.54,107.54,112.09,112.09,116.59,116.59,121.14,121.14,134.19,134.19,134.19,134.19,143.14,143.14,143.14,143.14,152.09,152.09,152.09,152.09,161.03,161.03,161.03,161.03,169.98,169.98,169.98,169.98,193.78,193.78,193.78,193.78,193.78,193.78,193.78,193.78,193.78,193.78,217.59,217.59,217.59,217.59,217.59,217.59,217.59,217.59,217.59,217.59,241.36,241.36,241.36,241.36,241.36,241.36,241.36,241.36,241.36,241.36,265.16,265.16,265.16,265.16,265.16,265.16,265.16,265.16,265.16,265.16,288.94,288.94,288.94,288.94,288.94,288.94,288.94,288.94,288.94,288.94,312.72,312.72,312.72,312.72,312.72,312.72,312.72,312.72,312.72,312.72,336.55,336.55,336.55,336.55,336.55,336.55,336.55,336.55,336.55,336.55,360.31,360.31,360.31,360.31,360.31,360.31,360.31,360.31,360.31,360.31
MU,Mauritius,Zone 10,37.00,37.00,37.00,37.00,38.70,40.63,42.80,44.92,47.08,49.20,54.20,56.50,58.75,61.03,63.26,65.59,67.83,70.14,72.38,74.68,80.39,80.39,84.92,84.92,89.46,89.46,93.96,93.96,98.52,98.52,102.96,102.96,107.54,107.54,112.09,112.09,116.59,116.59,121.14,121.14,134.19,134.19,134.19,134.19,143.14,143.14,143.14,143.14,152.09,152.09,152.09,152.09,161.03,161.03,161.03,161.03,169.98,169.98,169.98,169.98,193.78,193.78,193.78,193.78,193.78,193.78,193.78,193.78,193.78,193.78,217.59,217.59,217.59,217.59,217.59,217.59,217.59,217.59,217.59,217.59,241.36,241.36,241.36,241.36,241.36,241.36,241.36,241.36,241.36,241.36,265.16,265.16,265.16,265.16,265.16,265.16,265.16,265.16,265.16,265.16,288.94,288.94,288.94,288.94,288.94,288.94,288.94,288.94,288.94,288.94,312.72,312.72,312.72,312.72,312.72,312.72,312.72,312.72,312.72,312.72,336.55,336.55,336.55,336.55,336.55,336.55,336.55,336.55,336.55,336.55,360.31,360.31,360.31,360.31,360.31,360.31,360.31,360.31,360.31,360.31
YT,Mayotte,Zone 10,37.00,37.00,37.00,37.00,38.70,40.63,42.80,44.92,47.08,49.20,54.20,56.50,58.75,61.03,63.26,65.59,67.83,70.14,72.38,74.68,80.39,80.39,84.92,84.92,89.46,89.46,93.96,93.96,98.52,98.52,102.96,102.96,107.54,107.54,112.09,112.09,116.59,116.59,121.14,121.14,134.19,134.19,134.19,134.19,143.14,143.14,143.14,143.14,152.09,152.09,152.09,152.09,161.03,161.03,161.03,161.03,169.98,169.98,169.98,169.98,193.78,193.78,193.78,193.78,193.78,193.78,193.78,193.78,193.78,193.78,217.59,217.59,217.59,217.59,217.59,217.59,217.59,217.59,217.59,217.59,241.36,241.36,241.36,241.36,241.36,241.36,241.36,241.36,241.36,241.36,265.16,265.16,265.16,265.16,265.16,265.16,265.16,265.16,265.16,265.16,288.94,288.94,288.94,288.94,288.94,288.94,288.94,288.94,288.94,288.94,312.72,312.72,312.72,312.72,312.72,312.72,312.72,312.72,312.72,312.72,336.55,336.55,336.55,336.55,336.55,336.55,336.55,336.55,336.55,336.55,360.31,360.31,360.31,360.31,360.31,360.31,360.31,360.31,360.31,360.31
MX,Mexico,Zone 7,18.70,18.70,18.70,18.70,18.70,18.70,18.70,18.70,18.70,18.70,22.39,23.14,23.89,24.63,25.38,26.13,26.89,27.63,28.39,29.16,33.94,33.94,35.46,35.46,36.91,36.91,38.43,38.43,39.91,39.91,44.07,44.07,45.67,45.67,47.29,47.29,48.83,48.83,50.43,50.43,64.52,64.52,64.52,64.52,67.96,67.96,67.96,67.96,71.41,71.41,71.41,71.41,74.88,74.88,74.88,74.88,78.37,78.37,78.37,78.37,89.44,89.44,89.44,89.44,89.44,89.44,89.44,89.44,89.44,89.44,100.53,100.53,100.53,100.53,100.53,100.53,100.53,100.53,100.53,100.53,111.60,111.60,111.60,111.60,111.60,111.60,111.60,111.60,111.60,111.60,122.70,122.70,122.70,122.70,122.70,122.70,122.70,122.70,122.70,122.70,133.82,133.82,133.82,133.82,133.82,133.82,133.82,133.82,133.82,133.82,144.89,144.89,144.89,144.89,144.89,144.89,144.89,144.89,144.89,144.89,155.98,155.98,155.98,155.98,155.98,155.98,155.98,155.98,155.98,155.98,167.08,167.08,167.08,167.08,167.08,167.08,167.08,167.08,167.08,167.08
MD,Moldova,Zone 5,34.84,34.84,34.84,34.84,37.45,38.24,39.94,41.67,43.37,45.07,46.14,47.52,48.89,50.31,51.68,53.07,54.46,55.84,57.23,58.61,61.39,61.39,64.08,64.08,66.71,66.71,69.36,69.36,72.02,72.02,74.87,74.87,77.54,77.54,80.20,80.20,82.87,82.87,85.53,85.53,90.65,90.65,90.65,90.65,95.64,95.64,95.64,95.64,100.56,100.56,100.56,100.56,105.54,105.54,105.54,105.54,110.48,110.48,110.48,110.48,125.06,125.06,125.06,125.06,125.06,125.06,125.06,125.06,125.06,125.06,139.85,139.85,139.85,139.85,139.85,139.85,139.85,139.85,139.85,139.85,154.64,154.64,154.64,154.64,154.64,154.64,154.64,154.64,154.64,154.64,169.45,169.45,169.45,169.45,169.45,169.45,169.45,169.45,169.45,169.45,184.24,184.24,184.24,184.24,184.24,184.24,184.24,184.24,184.24,184.24,199.03,199.03,199.03,199.03,199.03,199.03,199.03,199.03,199.03,199.03,213.85,213.85,213.85,213.85,213.85,213.85,213.85,213.85,213.85,213.85,228.60,228.60,228.60,228.60,228.60,228.60,228.60,228.60,228.60,228.60
MC,Monaco (France),Zone 703,13.16,13.16,13.16,13.16,14.55,15.11,15.75,16.37,17.02,17.66,17.68,18.21,18.73,19.26,19.78,20.30,20.81,21.36,21.89,22.40,22.60,22.60,23.33,23.33,24.06,24.06,24.79,24.79,25.54,25.54,26.26,26.26,26.97,26.97,27.69,27.69,28.42,28.42,29.14,29.14,31.00,31.00,31.00,31.00,32.34,32.34,32.34,32.34,33.71,33.71,33.71,33.71,35.08,35.08,35.08,35.08,36.46,36.46,36.46,36.46,40.95,40.95,40.95,40.95,40.95,40.95,40.95,40.95,40.95,40.95,44.85,44.85,44.85,44.85,44.85,44.85,44.85,44.85,44.85,44.85,48.75,48.75,48.75,48.75,48.75,48.75,48.75,48.75,48.75,48.75,52.66,52.66,52.66,52.66,52.66,52.66,52.66,52.66,52.66,52.66,56.56,56.56,56.56,56.56,56.56,56.56,56.56,56.56,56.56,56.56,60.45,60.45,60.45,60.45,60.45,60.45,60.45,60.45,60.45,60.45,64.38,64.38,64.38,64.38,64.38,64.38,64.38,64.38,64.38,64.38,68.28,68.28,68.28,68.28,68.28,68.28,68.28,68.28,68.28,68.28
MN,Mongolia,Zone 9,37.01,37.01,37.01,37.01,37.81,40.02,42.31,44.61,46.92,49.22,53.23,55.58,57.98,60.32,62.76,65.12,67.51,69.89,72.29,74.66,81.12,81.12,85.44,85.44,89.83,89.83,94.22,94.22,98.55,98.55,103.57,103.57,107.97,107.97,112.29,112.29,116.72,116.72,121.16,121.16,131.00,131.00,131.00,131.00,140.73,140.73,140.73,140.73,150.50,150.50,150.50,150.50,160.20,160.20,160.20,160.20,169.94,169.94,169.94,169.94,192.89,192.89,192.89,192.89,192.89,192.89,192.89,192.89,192.89,192.89,216.70,216.70,216.70,216.70,216.70,216.70,216.70,216.70,216.70,216.70,240.43,240.43,240.43,240.43,240.43,240.43,240.43,240.43,240.43,240.43,264.25,264.25,264.25,264.25,264.25,264.25,264.25,264.25,264.25,264.25,288.03,288.03,288.03,288.03,288.03,288.03,288.03,288.03,288.03,288.03,311.80,311.80,311.80,311.80,311.80,311.80,311.80,311.80,311.80,311.80,335.57,335.57,335.57,335.57,335.57,335.57,335.57,335.57,335.57,335.57,359.36,359.36,359.36,359.36,359.36,359.36,359.36,359.36,359.36,359.36
ME,Montenegro,Zone 5,34.84,34.84,34.84,34.84,37.45,38.24,39.94,41.67,43.37,45.07,46.14,47.52,48.89,50.31,51.68,53.07,54.46,55.84,57.23,58.61,61.39,61.39,64.08,64.08,66.71,66.71,69.36,69.36,72.02,72.02,74.87,74.87,77.54,77.54,80.20,80.20,82.87,82.87,85.53,85.53,90.65,90.65,90.65,90.65,95.64,95.64,95.64,95.64,100.56,100.56,100.56,100.56,105.54,105.54,105.54,105.54,110.48,110.48,110.48,110.48,125.06,125.06,125.06,125.06,125.06,125.06,125.06,125.06,125.06,125.06,139.85,139.85,139.85,139.85,139.85,139.85,139.85,139.85,139.85,139.85,154.64,154.64,154.64,154.64,154.64,154.64,154.64,154.64,154.64,154.64,169.45,169.45,169.45,169.45,169.45,169.45,169.45,169.45,169.45,169.45,184.24,184.24,184.24,184.24,184.24,184.24,184.24,184.24,184.24,184.24,199.03,199.03,199.03,199.03,199.03,199.03,199.03,199.03,199.03,199.03,213.85,213.85,213.85,213.85,213.85,213.85,213.85,213.85,213.85,213.85,228.60,228.60,228.60,228.60,228.60,228.60,228.60,228.60,228.60,228.60
MS,Montserrat,Zone 10,37.00,37.00,37.00,37.00,38.70,40.63,42.80,44.92,47.08,49.20,54.20,56.50,58.75,61.03,63.26,65.59,67.83,70.14,72.38,74.68,80.39,80.39,84.92,84.92,89.46,89.46,93.96,93.96,98.52,98.52,102.96,102.96,107.54,107.54,112.09,112.09,116.59,116.59,121.14,121.14,134.19,134.19,134.19,134.19,143.14,143.14,143.14,143.14,152.09,152.09,152.09,152.09,161.03,161.03,161.03,161.03,169.98,169.98,169.98,169.98,193.78,193.78,193.78,193.78,193.78,193.78,193.78,193.78,193.78,193.78,217.59,217.59,217.59,217.59,217.59,217.59,217.59,217.59,217.59,217.59,241.36,241.36,241.36,241.36,241.36,241.36,241.36,241.36,241.36,241.36,265.16,265.16,265.16,265.16,265.16,265.16,265.16,265.16,265.16,265.16,288.94,288.94,288.94,288.94,288.94,288.94,288.94,288.94,288.94,288.94,312.72,312.72,312.72,312.72,312.72,312.72,312.72,312.72,312.72,312.72,336.55,336.55,336.55,336.55,336.55,336.55,336.55,336.55,336.55,336.55,360.31,360.31,360.31,360.31,360.31,360.31,360.31,360.31,360.31,360.31
MZ,Mozambique,Zone 10,37.00,37.00,37.00,37.00,38.70,40.63,42.80,44.92,47.08,49.20,54.20,56.50,58.75,61.03,63.26,65.59,67.83,70.14,72.38,74.68,80.39,80.39,84.92,84.92,89.46,89.46,93.96,93.96,98.52,98.52,102.96,102.96,107.54,107.54,112.09,112.09,116.59,116.59,121.14,121.14,134.19,134.19,134.19,134.19,143.14,143.14,143.14,143.14,152.09,152.09,152.09,152.09,161.03,161.03,161.03,161.03,169.98,169.98,169.98,169.98,193.78,193.78,193.78,193.78,193.78,193.78,193.78,193.78,193.78,193.78,217.59,217.59,217.59,217.59,217.59,217.59,217.59,217.59,217.59,217.59,241.36,241.36,241.36,241.36,241.36,241.36,241.36,241.36,241.36,241.36,265.16,265.16,265.16,265.16,265.16,265.16,265.16,265.16,265.16,265.16,288.94,288.94,288.94,288.94,288.94,288.94,288.94,288.94,288.94,288.94,312.72,312.72,312.72,312.72,312.72,312.72,312.72,312.72,312.72,312.72,336.55,336.55,336.55,336.55,336.55,336.55,336.55,336.55,336.55,336.55,360.31,360.31,360.31,360.31,360.31,360.31,360.31,360.31,360.31,360.31
MM,Myanmar,Zone 10,37.00,37.00,37.00,37.00,38.70,40.63,42.80,44.92,47.08,49.20,54.20,56.50,58.75,61.03,63.26,65.59,67.83,70.14,72.38,74.68,80.39,80.39,84.92,84.92,89.46,89.46,93.96,93.96,98.52,98.52,102.96,102.96,107.54,107.54,112.09,112.09,116.59,116.59,121.14,121.14,134.19,134.19,134.19,134.19,143.14,143.14,143.14,143.14,152.09,152.09,152.09,152.09,161.03,161.03,161.03,161.03,169.98,169.98,169.98,169.98,193.78,193.78,193.78,193.78,193.78,193.78,193.78,193.78,193.78,193.78,217.59,217.59,217.59,217.59,217.59,217.59,217.59,217.59,217.59,217.59,241.36,241.36,241.36,241.36,241.36,241.36,241.36,241.36,241.36,241.36,265.16,265.16,265.16,265.16,265.16,265.16,265.16,265.16,265.16,265.16,288.94,288.94,288.94,288.94,288.94,288.94,288.94,288.94,288.94,288.94,312.72,312.72,312.72,312.72,312.72,312.72,312.72,312.72,312.72,312.72,336.55,336.55,336.55,336.55,336.55,336.55,336.55,336.55,336.55,336.55,360.31,360.31,360.31,360.31,360.31,360.31,360.31,360.31,360.31,360.31
NA,Namibia,Zone 10,37.00,37.00,37.00,37.00,38.70,40.63,42.80,44.92,47.08,49.20,54.20,56.50,58.75,61.03,63.26,65.59,67.83,70.14,72.38,74.68,80.39,80.39,84.92,84.92,89.46,89.46,93.96,93.96,98.52,98.52,102.96,102.96,107.54,107.54,112.09,112.09,116.59,116.59,121.14,121.14,134.19,134.19,134.19,134.19,143.14,143.14,143.14,143.14,152.09,152.09,152.09,152.09,161.03,161.03,161.03,161.03,169.98,169.98,169.98,169.98,193.78,193.78,193.78,193.78,193.78,193.78,193.78,193.78,193.78,193.78,217.59,217.59,217.59,217.59,217.59,217.59,217.59,217.59,217.59,217.59,241.36,241.36,241.36,241.36,241.36,241.36,241.36,241.36,241.36,241.36,265.16,265.16,265.16,265.16,265.16,265.16,265.16,265.16,265.16,265.16,288.94,288.94,288.94,288.94,288.94,288.94,288.94,288.94,288.94,288.94,312.72,312.72,312.72,312.72,312.72,312.72,312.72,312.72,312.72,312.72,336.55,336.55,336.55,336.55,336.55,336.55,336.55,336.55,336.55,336.55,360.31,360.31,360.31,360.31,360.31,360.31,360.31,360.31,360.31,360.31
NP,Nepal,Zone 10,37.00,37.00,37.00,37.00,38.70,40.63,42.80,44.92,47.08,49.20,54.20,56.50,58.75,61.03,63.26,65.59,67.83,70.14,72.38,74.68,80.39,80.39,84.92,84.92,89.46,89.46,93.96,93.96,98.52,98.52,102.96,102.96,107.54,107.54,112.09,112.09,116.59,116.59,121.14,121.14,134.19,134.19,134.19,134.19,143.14,143.14,143.14,143.14,152.09,152.09,152.09,152.09,161.03,161.03,161.03,161.03,169.98,169.98,169.98,169.98,193.78,193.78,193.78,193.78,193.78,193.78,193.78,193.78,193.78,193.78,217.59,217.59,217.59,217.59,217.59,217.59,217.59,217.59,217.59,217.59,241.36,241.36,241.36,241.36,241.36,241.36,241.36,241.36,241.36,241.36,265.16,265.16,265.16,265.16,265.16,265.16,265.16,265.16,265.16,265.16,288.94,288.94,288.94,288.94,288.94,288.94,288.94,288.94,288.94,288.94,312.72,312.72,312.72,312.72,312.72,312.72,312.72,312.72,312.72,312.72,336.55,336.55,336.55,336.55,336.55,336.55,336.55,336.55,336.55,336.55,360.31,360.31,360.31,360.31,360.31,360.31,360.31,360.31,360.31,360.31
NL,Netherlands,Zone 702,13.08,13.08,13.08,13.08,14.55,14.91,15.35,15.77,16.21,16.67,18.41,18.76,19.11,19.47,19.81,20.14,20.48,20.82,21.14,21.51,22.40,22.40,23.06,23.06,23.77,23.77,24.41,24.41,25.09,25.09,26.08,26.08,26.77,26.77,27.47,27.47,28.13,28.13,28.77,28.77,31.00,31.00,31.00,31.00,32.26,32.26,32.26,32.26,33.51,33.51,33.51,33.51,34.76,34.76,34.76,34.76,36.01,36.01,36.01,36.01,39.64,39.64,39.64,39.64,39.64,39.64,39.64,39.64,39.64,39.64,43.05,43.05,43.05,43.05,43.05,43.05,43.05,43.05,43.05,43.05,46.52,46.52,46.52,46.52,46.52,46.52,46.52,46.52,46.52,46.52,49.93,49.93,49.93,49.93,49.93,49.93,49.93,49.93,49.93,49.93,53.37,53.37,53.37,53.37,53.37,53.37,53.37,53.37,53.37,53.37,56.84,56.84,56.84,56.84,56.84,56.84,56.84,56.84,56.84,56.84,60.27,60.27,60.27,60.27,60.27,60.27,60.27,60.27,60.27,60.27,63.69,63.69,63.69,63.69,63.69,63.69,63.69,63.69,63.69,63.69
KN,Nevis (St. Kitts),Zone 9,37.01,37.01,37.01,37.01,37.81,40.02,42.31,44.61,46.92,49.22,53.23,55.58,57.98,60.32,62.76,65.12,67.51,69.89,72.29,74.66,81.12,81.12,85.44,85.44,89.83,89.83,94.22,94.22,98.55,98.55,103.57,103.57,107.97,107.97,112.29,112.29,116.72,116.72,121.16,121.16,131.00,131.00,131.00,131.00,140.73,140.73,140.73,140.73,150.50,150.50,150.50,150.50,160.20,160.20,160.20,160.20,169.94,169.94,169.94,169.94,192.89,192.89,192.89,192.89,192.89,192.89,192.89,192.89,192.89,192.89,216.70,216.70,216.70,216.70,216.70,216.70,216.70,216.70,216.70,216.70,240.43,240.43,240.43,240.43,240.43,240.43,240.43,240.43,240.43,240.43,264.25,264.25,264.25,264.25,264.25,264.25,264.25,264.25,264.25,264.25,288.03,288.03,288.03,288.03,288.03,288.03,288.03,288.03,288.03,288.03,311.80,311.80,311.80,311.80,311.80,311.80,311.80,311.80,311.80,311.80,335.57,335.57,335.57,335.57,335.57,335.57,335.57,335.57,335.57,335.57,359.36,359.36,359.36,359.36,359.36,359.36,359.36,359.36,359.36,359.36
NC,New Caledonia,Zone 9,37.01,37.01,37.01,37.01,37.81,40.02,42.31,44.61,46.92,49.22,53.23,55.58,57.98,60.32,62.76,65.12,67.51,69.89,72.29,74.66,81.12,81.12,85.44,85.44,89.83,89.83,94.22,94.22,98.55,98.55,103.57,103.57,107.97,107.97,112.29,112.29,116.72,116.72,121.16,121.16,131.00,131.00,131.00,131.00,140.73,140.73,140.73,140.73,150.50,150.50,150.50,150.50,160.20,160.20,160.20,160.20,169.94,169.94,169.94,169.94,192.89,192.89,192.89,192.89,192.89,192.89,192.89,192.89,192.89,192.89,216.70,216.70,216.70,216.70,216.70,216.70,216.70,216.70,216.70,216.70,240.43,240.43,240.43,240.43,240.43,240.43,240.43,240.43,240.43,240.43,264.25,264.25,264.25,264.25,264.25,264.25,264.25,264.25,264.25,264.25,288.03,288.03,288.03,288.03,288.03,288.03,288.03,288.03,288.03,288.03,311.80,311.80,311.80,311.80,311.80,311.80,311.80,311.80,311.80,311.80,335.57,335.57,335.57,335.57,335.57,335.57,335.57,335.57,335.57,335.57,359.36,359.36,359.36,359.36,359.36,359.36,359.36,359.36,359.36,359.36
NI,Nicaragua,Zone 10,37.00,37.00,37.00,37.00,38.70,40.63,42.80,44.92,47.08,49.20,54.20,56.50,58.75,61.03,63.26,65.59,67.83,70.14,72.38,74.68,80.39,80.39,84.92,84.92,89.46,89.46,93.96,93.96,98.52,98.52,102.96,102.96,107.54,107.54,112.09,112.09,116.59,116.59,121.14,121.14,134.19,134.19,134.19,134.19,143.14,143.14,143.14,143.14,152.09,152.09,152.09,152.09,161.03,161.03,161.03,161.03,169.98,169.98,169.98,169.98,193.78,193.78,193.78,193.78,193.78,193.78,193.78,193.78,193.78,193.78,217.59,217.59,217.59,217.59,217.59,217.59,217.59,217.59,217.59,217.59,241.36,241.36,241.36,241.36,241.36,241.36,241.36,241.36,241.36,241.36,265.16,265.16,265.16,265.16,265.16,265.16,265.16,265.16,265.16,265.16,288.94,288.94,288.94,288.94,288.94,288.94,288.94,288.94,288.94,288.94,312.72,312.72,312.72,312.72,312.72,312.72,312.72,312.72,312.72,312.72,336.55,336.55,336.55,336.55,336.55,336.55,336.55,336.55,336.55,336.55,360.31,360.31,360.31,360.31,360.31,360.31,360.31,360.31,360.31,360.31
NE,Niger,Zone 10,37.00,37.00,37.00,37.00,38.70,40.63,42.80,44.92,47.08,49.20,54.20,56.50,58.75,61.03,63.26,65.59,67.83,70.14,72.38,74.68,80.39,80.39,84.92,84.92,89.46,89.46,93.96,93.96,98.52,98.52,102.96,102.96,107.54,107.54,112.09,112.09,116.59,116.59,121.14,121.14,134.19,134.19,134.19,134.19,143.14,143.14,143.14,143.14,152.09,152.09,152.09,152.09,161.03,161.03,161.03,161.03,169.98,169.98,169.98,169.98,193.78,193.78,193.78,193.78,193.78,193.78,193.78,193.78,193.78,193.78,217.59,217.59,217.59,217.59,217.59,217.59,217.59,217.59,217.59,217.59,241.36,241.36,241.36,241.36,241.36,241.36,241.36,241.36,241.36,241.36,265.16,265.16,265.16,265.16,265.16,265.16,265.16,265.16,265.16,265.16,288.94,288.94,288.94,288.94,288.94,288.94,288.94,288.94,288.94,288.94,312.72,312.72,312.72,312.72,312.72,312.72,312.72,312.72,312.72,312.72,336.55,336.55,336.55,336.55,336.55,336.55,336.55,336.55,336.55,336.55,360.31,360.31,360.31,360.31,360.31,360.31,360.31,360.31,360.31,360.31
MP,Northern Mariana Islands,Zone 9,37.01,37.01,37.01,37.01,37.81,40.02,42.31,44.61,46.92,49.22,53.23,55.58,57.98,60.32,62.76,65.12,67.51,69.89,72.29,74.66,81.12,81.12,85.44,85.44,89.83,89.83,94.22,94.22,98.55,98.55,103.57,103.57,107.97,107.97,112.29,112.29,116.72,116.72,121.16,121.16,131.00,131.00,131.00,131.00,140.73,140.73,140.73,140.73,150.50,150.50,150.50,150.50,160.20,160.20,160.20,160.20,169.94,169.94,169.94,169.94,192.89,192.89,192.89,192.89,192.89,192.89,192.89,192.89,192.89,192.89,216.70,216.70,216.70,216.70,216.70,216.70,216.70,216.70,216.70,216.70,240.43,240.43,240.43,240.43,240.43,240.43,240.43,240.43,240.43,240.43,264.25,264.25,264.25,264.25,264.25,264.25,264.25,264.25,264.25,264.25,288.03,288.03,288.03,288.03,288.03,288.03,288.03,288.03,288.03,288.03,311.80,311.80,311.80,311.80,311.80,311.80,311.80,311.80,311.80,311.80,335.57,335.57,335.57,335.57,335.57,335.57,335.57,335.57,335.57,335.57,359.36,359.36,359.36,359.36,359.36,359.36,359.36,359.36,359.36,359.36
NO,Norway,Zone 51,29.76,29.76,29.76,29.76,31.32,33.17,34.87,36.61,38.26,39.96,41.50,42.75,44.17,45.51,46.82,48.20,49.54,50.87,52.24,53.54,56.15,56.15,58.82,58.82,61.53,61.53,64.22,64.22,66.91,66.91,69.65,69.65,72.37,72.37,75.02,75.02,77.72,77.72,80.42,80.42,85.43,85.43,85.43,85.43,90.42,90.42,90.42,90.42,95.39,95.39,95.39,95.39,100.34,100.34,100.34,100.34,105.35,105.35,105.35,105.35,120.17,120.17,120.17,120.17,120.17,120.17,120.17,120.17,120.17,120.17,135.07,135.07,135.07,135.07,135.07,135.07,135.07,135.07,135.07,135.07,149.95,149.95,149.95,149.95,149.95,149.95,149.95,149.95,149.95,149.95,164.88,164.88,164.88,164.88,164.88,164.88,164.88,164.88,164.88,164.88,179.72,179.72,179.72,179.72,179.72,179.72,179.72,179.72,179.72,179.72,194.62,194.62,194.62,194.62,194.62,194.62,194.62,194.62,194.62,194.62,209.52,209.52,209.52,209.52,209.52,209.52,209.52,209.52,209.52,209.52,224.38,224.38,224.38,224.38,224.38,224.38,224.38,224.38,224.38,224.38
PK,Pakistan,Zone 9,37.01,37.01,37.01,37.01,37.81,40.02,42.31,44.61,46.92,49.22,53.23,55.58,57.98,60.32,62.76,65.12,67.51,69.89,72.29,74.66,81.12,81.12,85.44,85.44,89.83,89.83,94.22,94.22,98.55,98.55,103.57,103.57,107.97,107.97,112.29,112.29,116.72,116.72,121.16,121.16,131.00,131.00,131.00,131.00,140.73,140.73,140.73,140.73,150.50,150.50,150.50,150.50,160.20,160.20,160.20,160.20,169.94,169.94,169.94,169.94,192.89,192.89,192.89,192.89,192.89,192.89,192.89,192.89,192.89,192.89,216.70,216.70,216.70,216.70,216.70,216.70,216.70,216.70,216.70,216.70,240.43,240.43,240.43,240.43,240.43,240.43,240.43,240.43,240.43,240.43,264.25,264.25,264.25,264.25,264.25,264.25,264.25,264.25,264.25,264.25,288.03,288.03,288.03,288.03,288.03,288.03,288.03,288.03,288.03,288.03,311.80,311.80,311.80,311.80,311.80,311.80,311.80,311.80,311.80,311.80,335.57,335.57,335.57,335.57,335.57,335.57,335.57,335.57,335.57,335.57,359.36,359.36,359.36,359.36,359.36,359.36,359.36,359.36,359.36,359.36
PW,Palau,Zone 10,37.00,37.00,37.00,37.00,38.70,40.63,42.80,44.92,47.08,49.20,54.20,56.50,58.75,61.03,63.26,65.59,67.83,70.14,72.38,74.68,80.39,80.39,84.92,84.92,89.46,89.46,93.96,93.96,98.52,98.52,102.96,102.96,107.54,107.54,112.09,112.09,116.59,116.59,121.14,121.14,134.19,134.19,134.19,134.19,143.14,143.14,143.14,143.14,152.09,152.09,152.09,152.09,161.03,161.03,161.03,161.03,169.98,169.98,169.98,169.98,193.78,193.78,193.78,193.78,193.78,193.78,193.78,193.78,193.78,193.78,217.59,217.59,217.59,217.59,217.59,217.59,217.59,217.59,217.59,217.59,241.36,241.36,241.36,241.36,241.36,241.36,241.36,241.36,241.36,241.36,265.16,265.16,265.16,265.16,265.16,265.16,265.16,265.16,265.16,265.16,288.94,288.94,288.94,288.94,288.94,288.94,288.94,288.94,288.94,288.94,312.72,312.72,312.72,312.72,312.72,312.72,312.72,312.72,312.72,312.72,336.55,336.55,336.55,336.55,336.55,336.55,336.55,336.55,336.55,336.55,360.31,360.31,360.31,360.31,360.31,360.31,360.31,360.31,360.31,360.31
PG,Papua New Guinea,Zone 9,37.01,37.01,37.01,37.01,37.81,40.02,42.31,44.61,46.92,49.22,53.23,55.58,57.98,60.32,62.76,65.12,67.51,69.89,72.29,74.66,81.12,81.12,85.44,85.44,89.83,89.83,94.22,94.22,98.55,98.55,103.57,103.57,107.97,107.97,112.29,112.29,116.72,116.72,121.16,121.16,131.00,131.00,131.00,131.00,140.73,140.73,140.73,140.73,150.50,150.50,150.50,150.50,160.20,160.20,160.20,160.20,169.94,169.94,169.94,169.94,192.89,192.89,192.89,192.89,192.89,192.89,192.89,192.89,192.89,192.89,216.70,216.70,216.70,216.70,216.70,216.70,216.70,216.70,216.70,216.70,240.43,240.43,240.43,240.43,240.43,240.43,240.43,240.43,240.43,240.43,264.25,264.25,264.25,264.25,264.25,264.25,264.25,264.25,264.25,264.25,288.03,288.03,288.03,288.03,288.03,288.03,288.03,288.03,288.03,288.03,311.80,311.80,311.80,311.80,311.80,311.80,311.80,311.80,311.80,311.80,335.57,335.57,335.57,335.57,335.57,335.57,335.57,335.57,335.57,335.57,359.36,359.36,359.36,359.36,359.36,359.36,359.36,359.36,359.36,359.36
PY,Paraguay,Zone 10,37.00,37.00,37.00,37.00,38.70,40.63,42.80,44.92,47.08,49.20,54.20,56.50,58.75,61.03,63.26,65.59,67.83,70.14,72.38,74.68,80.39,80.39,84.92,84.92,89.46,89.46,93.96,93.96,98.52,98.52,102.96,102.96,107.54,107.54,112.09,112.09,116.59,116.59,121.14,121.14,134.19,134.19,134.19,134.19,143.14,143.14,143.14,143.14,152.09,152.09,152.09,152.09,161.03,161.03,161.03,161.03,169.98,169.98,169.98,169.98,193.78,193.78,193.78,193.78,193.78,193.78,193.78,193.78,193.78,193.78,217.59,217.59,217.59,217.59,217.59,217.59,217.59,217.59,217.59,217.59,241.36,241.36,241.36,241.36,241.36,241.36,241.36,241.36,241.36,241.36,265.16,265.16,265.16,265.16,265.16,265.16,265.16,265.16,265.16,265.16,288.94,288.94,288.94,288.94,288.94,288.94,288.94,288.94,288.94,288.94,312.72,312.72,312.72,312.72,312.72,312.72,312.72,312.72,312.72,312.72,336.55,336.55,336.55,336.55,336.55,336.55,336.55,336.55,336.55,336.55,360.31,360.31,360.31,360.31,360.31,360.31,360.31,360.31,360.31,360.31
PE,Peru,Zone 10,37.00,37.00,37.00,37.00,38.70,40.63,42.80,44.92,47.08,49.20,54.20,56.50,58.75,61.03,63.26,65.59,67.83,70.14,72.38,74.68,80.39,80.39,84.92,84.92,89.46,89.46,93.96,93.96,98.52,98.52,102.96,102.96,107.54,107.54,112.09,112.09,116.59,116.59,121.14,121.14,134.19,134.19,134.19,134.19,143.14,143.14,143.14,143.14,152.09,152.09,152.09,152.09,161.03,161.03,161.03,161.03,169.98,169.98,169.98,169.98,193.78,193.78,193.78,193.78,193.78,193.78,193.78,193.78,193.78,193.78,217.59,217.59,217.59,217.59,217.59,217.59,217.59,217.59,217.59,217.59,241.36,241.36,241.36,241.36,241.36,241.36,241.36,241.36,241.36,241.36,265.16,265.16,265.16,265.16,265.16,265.16,265.16,265.16,265.16,265.16,288.94,288.94,288.94,288.94,288.94,288.94,288.94,288.94,288.94,288.94,312.72,312.72,312.72,312.72,312.72,312.72,312.72,312.72,312.72,312.72,336.55,336.55,336.55,336.55,336.55,336.55,336.55,336.55,336.55,336.55,360.31,360.31,360.31,360.31,360.31,360.31,360.31,360.31,360.31,360.31
PH,Philippines,Zone 8,24.03,24.03,24.03,24.03,24.03,24.03,24.03,24.03,24.03,24.03,27.04,28.12,29.22,30.31,31.43,32.51,33.60,34.71,35.76,36.86,41.16,41.16,43.35,43.35,45.55,45.55,47.79,47.79,49.98,49.98,53.72,53.72,56.04,56.04,58.31,58.31,60.58,60.58,62.84,62.84,67.54,67.54,67.54,67.54,71.96,71.96,71.96,71.96,76.39,76.39,76.39,76.39,80.82,80.82,80.82,80.82,85.26,85.26,85.26,85.26,96.58,96.58,96.58,96.58,96.58,96.58,96.58,96.58,96.58,96.58,107.91,107.91,107.91,107.91,107.91,107.91,107.91,107.91,107.91,107.91,119.23,119.23,119.23,119.23,119.23,119.23,119.23,119.23,119.23,119.23,130.58,130.58,130.58,130.58,130.58,130.58,130.58,130.58,130.58,130.58,141.88,141.88,141.88,141.88,141.88,141.88,141.88,141.88,141.88,141.88,153.20,153.20,153.20,153.20,153.20,153.20,153.20,153.20,153.20,153.20,164.54,164.54,164.54,164.54,164.54,164.54,164.54,164.54,164.54,164.54,175.86,175.86,175.86,175.86,175.86,175.86,175.86,175.86,175.86,175.86
PL,Poland,Zone 741,16.24,16.24,16.24,16.24,16.71,17.27,18.11,18.96,19.76,20.50,21.16,21.82,22.49,23.16,23.81,24.47,25.13,25.79,26.45,27.11,28.19,28.19,29.43,29.43,30.65,30.65,31.90,31.90,33.16,33.16,34.36,34.36,35.55,35.55,36.76,36.76,37.97,37.97,39.17,39.17,41.62,41.62,41.62,41.62,43.87,43.87,43.87,43.87,46.14,46.14,46.14,46.14,48.37,48.37,48.37,48.37,50.62,50.62,50.62,50.62,57.41,57.41,57.41,57.41,57.41,57.41,57.41,57.41,57.41,57.41,64.17,64.17,64.17,64.17,64.17,64.17,64.17,64.17,64.17,64.17,70.97,70.97,70.97,70.97,70.97,70.97,70.97,70.97,70.97,70.97,77.76,77.76,77.76,77.76,77.76,77.76,77.76,77.76,77.76,77.76,84.51,84.51,84.51,84.51,84.51,84.51,84.51,84.51,84.51,84.51,91.31,91.31,91.31,91.31,91.31,91.31,91.31,91.31,91.31,91.31,98.10,98.10,98.10,98.10,98.10,98.10,98.10,98.10,98.10,98.10,104.88,104.88,104.88,104.88,104.88,104.88,104.88,104.88,104.88,104.88
PT,Portugal,Zone 704,16.13,16.13,16.13,16.13,16.11,16.11,16.86,17.63,18.37,19.15,19.92,20.70,21.46,22.24,23.00,23.76,24.52,25.30,26.06,26.85,28.10,28.10,29.25,29.25,30.42,30.42,31.62,31.62,32.79,32.79,33.83,33.83,34.98,34.98,36.11,36.11,37.28,37.28,38.42,38.42,40.68,40.68,40.68,40.68,42.78,42.78,42.78,42.78,44.85,44.85,44.85,44.85,46.97,46.97,46.97,46.97,49.03,49.03,49.03,49.03,55.97,55.97,55.97,55.97,55.97,55.97,55.97,55.97,55.97,55.97,62.78,62.78,62.78,62.78,62.78,62.78,62.78,62.78,62.78,62.78,69.57,69.57,69.57,69.57,69.57,69.57,69.57,69.57,69.57,69.57,76.35,76.35,76.35,76.35,76.35,76.35,76.35,76.35,76.35,76.35,83.15,83.15,83.15,83.15,83.15,83.15,83.15,83.15,83.15,83.15,89.95,89.95,89.95,89.95,89.95,89.95,89.95,89.95,89.95,89.95,96.74,96.74,96.74,96.74,96.74,96.74,96.74,96.74,96.74,96.74,103.54,103.54,103.54,103.54,103.54,103.54,103.54,103.54,103.54,103.54
PR,Puerto Rico,Zone 7,18.70,18.70,18.70,18.70,18.70,18.70,18.70,18.70,18.70,18.70,22.39,23.14,23.89,24.63,25.38,26.13,26.89,27.63,28.39,29.16,33.94,33.94,35.46,35.46,36.91,36.91,38.43,38.43,39.91,39.91,44.07,44.07,45.67,45.67,47.29,47.29,48.83,48.83,50.43,50.43,64.52,64.52,64.52,64.52,67.96,67.96,67.96,67.96,71.41,71.41,71.41,71.41,74.88,74.88,74.88,74.88,78.37,78.37,78.37,78.37,89.44,89.44,89.44,89.44,89.44,89.44,89.44,89.44,89.44,89.44,100.53,100.53,100.53,100.53,100.53,100.53,100.53,100.53,100.53,100.53,111.60,111.60,111.60,111.60,111.60,111.60,111.60,111.60,111.60,111.60,122.70,122.70,122.70,122.70,122.70,122.70,122.70,122.70,122.70,122.70,133.82,133.82,133.82,133.82,133.82,133.82,133.82,133.82,133.82,133.82,144.89,144.89,144.89,144.89,144.89,144.89,144.89,144.89,144.89,144.89,155.98,155.98,155.98,155.98,155.98,155.98,155.98,155.98,155.98,155.98,167.08,167.08,167.08,167.08,167.08,167.08,167.08,167.08,167.08,167.08
QA,Qatar,Zone 9,37.01,37.01,37.01,37.01,37.81,40.02,42.31,44.61,46.92,49.22,53.23,55.58,57.98,60.32,62.76,65.12,67.51,69.89,72.29,74.66,81.12,81.12,85.44,85.44,89.83,89.83,94.22,94.22,98.55,98.55,103.57,103.57,107.97,107.97,112.29,112.29,116.72,116.72,121.16,121.16,131.00,131.00,131.00,131.00,140.73,140.73,140.73,140.73,150.50,150.50,150.50,150.50,160.20,160.20,160.20,160.20,169.94,169.94,169.94,169.94,192.89,192.89,192.89,192.89,192.89,192.89,192.89,192.89,192.89,192.89,216.70,216.70,216.70,216.70,216.70,216.70,216.70,216.70,216.70,216.70,240.43,240.43,240.43,240.43,240.43,240.43,240.43,240.43,240.43,240.43,264.25,264.25,264.25,264.25,264.25,264.25,264.25,264.25,264.25,264.25,288.03,288.03,288.03,288.03,288.03,288.03,288.03,288.03,288.03,288.03,311.80,311.80,311.80,311.80,311.80,311.80,311.80,311.80,311.80,311.80,335.57,335.57,335.57,335.57,335.57,335.57,335.57,335.57,335.57,335.57,359.36,359.36,359.36,359.36,359.36,359.36,359.36,359.36,359.36,359.36
RE,Reunion,Zone 10,37.00,37.00,37.00,37.00,38.70,40.63,42.80,44.92,47.08,49.20,54.20,56.50,58.75,61.03,63.26,65.59,67.83,70.14,72.38,74.68,80.39,80.39,84.92,84.92,89.46,89.46,93.96,93.96,98.52,98.52,102.96,102.96,107.54,107.54,112.09,112.09,116.59,116.59,121.14,121.14,134.19,134.19,134.19,134.19,143.14,143.14,143.14,143.14,152.09,152.09,152.09,152.09,161.03,161.03,161.03,161.03,169.98,169.98,169.98,169.98,193.78,193.78,193.78,193.78,193.78,193.78,193.78,193.78,193.78,193.78,217.59,217.59,217.59,217.59,217.59,217.59,217.59,217.59,217.59,217.59,241.36,241.36,241.36,241.36,241.36,241.36,241.36,241.36,241.36,241.36,265.16,265.16,265.16,265.16,265.16,265.16,265.16,265.16,265.16,265.16,288.94,288.94,288.94,288.94,288.94,288.94,288.94,288.94,288.94,288.94,312.72,312.72,312.72,312.72,312.72,312.72,312.72,312.72,312.72,312.72,336.55,336.55,336.55,336.55,336.55,336.55,336.55,336.55,336.55,336.55,360.31,360.31,360.31,360.31,360.31,360.31,360.31,360.31,360.31,360.31
RO,Romania,Zone 742,29.75,29.75,29.75,29.75,32.63,34.15,35.61,37.01,38.46,39.95,42.05,43.31,44.57,45.86,47.14,48.42,49.69,50.97,52.26,53.53,57.15,57.15,59.60,59.60,62.03,62.03,64.46,64.46,66.91,66.91,70.51,70.51,73.02,73.02,75.47,75.47,77.92,77.92,80.41,80.41,86.28,86.28,86.28,86.28,91.06,91.06,91.06,91.06,95.89,95.89,95.89,95.89,100.70,100.70,100.70,100.70,105.35,105.35,105.35,105.35,119.61,119.61,119.61,119.61,119.61,119.61,119.61,119.61,119.61,119.61,133.78,133.78,133.78,133.78,133.78,133.78,133.78,133.78,133.78,133.78,147.86,147.86,147.86,147.86,147.86,147.86,147.86,147.86,147.86,147.86,161.98,161.98,161.98,161.98,161.98,161.98,161.98,161.98,161.98,161.98,176.08,176.08,176.08,176.08,176.08,176.08,176.08,176.08,176.08,176.08,190.19,190.19,190.19,190.19,190.19,190.19,190.19,190.19,190.19,190.19,204.33,204.33,204.33,204.33,204.33,204.33,204.33,204.33,204.33,204.33,218.40,218.40,218.40,218.40,218.40,218.40,218.40,218.40,218.40,218.40
RU,Russia,Zone 5,34.84,34.84,34.84,34.84,37.45,38.24,39.94,41.67,43.37,45.07,46.14,47.52,48.89,50.31,51.68,53.07,54.46,55.84,57.23,58.61,61.39,61.39,64.08,64.08,66.71,66.71,69.36,69.36,72.02,72.02,74.87,74.87,77.54,77.54,80.20,80.20,82.87,82.87,85.53,85.53,90.65,90.65,90.65,90.65,95.64,95.64,95.64,95.64,100.56,100.56,100.56,100.56,105.54,105.54,105.54,105.54,110.48,110.48,110.48,110.48,125.06,125.06,125.06,125.06,125.06,125.06,125.06,125.06,125.06,125.06,139.85,139.85,139.85,139.85,139.85,139.85,139.85,139.85,139.85,139.85,154.64,154.64,154.64,154.64,154.64,154.64,154.64,154.64,154.64,154.64,169.45,169.45,169.45,169.45,169.45,169.45,169.45,169.45,169.45,169.45,184.24,184.24,184.24,184.24,184.24,184.24,184.24,184.24,184.24,184.24,199.03,199.03,199.03,199.03,199.03,199.03,199.03,199.03,199.03,199.03,213.85,213.85,213.85,213.85,213.85,213.85,213.85,213.85,213.85,213.85,228.60,228.60,228.60,228.60,228.60,228.60,228.60,228.60,228.60,228.60
RW,Rwanda,Zone 10,37.00,37.00,37.00,37.00,38.70,40.63,42.80,44.92,47.08,49.20,54.20,56.50,58.75,61.03,63.26,65.59,67.83,70.14,72.38,74.68,80.39,80.39,84.92,84.92,89.46,89.46,93.96,93.96,98.52,98.52,102.96,102.96,107.54,107.54,112.09,112.09,116.59,116.59,121.14,121.14,134.19,134.19,134.19,134.19,143.14,143.14,143.14,143.14,152.09,152.09,152.09,152.09,161.03,161.03,161.03,161.03,169.98,169.98,169.98,169.98,193.78,193.78,193.78,193.78,193.78,193.78,193.78,193.78,193.78,193.78,217.59,217.59,217.59,217.59,217.59,217.59,217.59,217.59,217.59,217.59,241.36,241.36,241.36,241.36,241.36,241.36,241.36,241.36,241.36,241.36,265.16,265.16,265.16,265.16,265.16,265.16,265.16,265.16,265.16,265.16,288.94,288.94,288.94,288.94,288.94,288.94,288.94,288.94,288.94,288.94,312.72,312.72,312.72,312.72,312.72,312.72,312.72,312.72,312.72,312.72,336.55,336.55,336.55,336.55,336.55,336.55,336.55,336.55,336.55,336.55,360.31,360.31,360.31,360.31,360.31,360.31,360.31,360.31,360.31,360.31
WS,Samoa,Zone 9,37.01,37.01,37.01,37.01,37.81,40.02,42.31,44.61,46.92,49.22,53.23,55.58,57.98,60.32,62.76,65.12,67.51,69.89,72.29,74.66,81.12,81.12,85.44,85.44,89.83,89.83,94.22,94.22,98.55,98.55,103.57,103.57,107.97,107.97,112.29,112.29,116.72,116.72,121.16,121.16,131.00,131.00,131.00,131.00,140.73,140.73,140.73,140.73,150.50,150.50,150.50,150.50,160.20,160.20,160.20,160.20,169.94,169.94,169.94,169.94,192.89,192.89,192.89,192.89,192.89,192.89,192.89,192.89,192.89,192.89,216.70,216.70,216.70,216.70,216.70,216.70,216.70,216.70,216.70,216.70,240.43,240.43,240.43,240.43,240.43,240.43,240.43,240.43,240.43,240.43,264.25,264.25,264.25,264.25,264.25,264.25,264.25,264.25,264.25,264.25,288.03,288.03,288.03,288.03,288.03,288.03,288.03,288.03,288.03,288.03,311.80,311.80,311.80,311.80,311.80,311.80,311.80,311.80,311.80,311.80,335.57,335.57,335.57,335.57,335.57,335.57,335.57,335.57,335.57,335.57,359.36,359.36,359.36,359.36,359.36,359.36,359.36,359.36,359.36,359.36
SM,San Marino,Zone 5,34.84,34.84,34.84,34.84,37.45,38.24,39.94,41.67,43.37,45.07,46.14,47.52,48.89,50.31,51.68,53.07,54.46,55.84,57.23,58.61,61.39,61.39,64.08,64.08,66.71,66.71,69.36,69.36,72.02,72.02,74.87,74.87,77.54,77.54,80.20,80.20,82.87,82.87,85.53,85.53,90.65,90.65,90.65,90.65,95.64,95.64,95.64,95.64,100.56,100.56,100.56,100.56,105.54,105.54,105.54,105.54,110.48,110.48,110.48,110.48,125.06,125.06,125.06,125.06,125.06,125.06,125.06,125.06,125.06,125.06,139.85,139.85,139.85,139.85,139.85,139.85,139.85,139.85,139.85,139.85,154.64,154.64,154.64,154.64,154.64,154.64,154.64,154.64,154.64,154.64,169.45,169.45,169.45,169.45,169.45,169.45,169.45,169.45,169.45,169.45,184.24,184.24,184.24,184.24,184.24,184.24,184.24,184.24,184.24,184.24,199.03,199.03,199.03,199.03,199.03,199.03,199.03,199.03,199.03,199.03,213.85,213.85,213.85,213.85,213.85,213.85,213.85,213.85,213.85,213.85,228.60,228.60,228.60,228.60,228.60,228.60,228.60,228.60,228.60,228.60
ST,Sao Tome and Principe,Zone 10,37.00,37.00,37.00,37.00,38.70,40.63,42.80,44.92,47.08,49.20,54.20,56.50,58.75,61.03,63.26,65.59,67.83,70.14,72.38,74.68,80.39,80.39,84.92,84.92,89.46,89.46,93.96,93.96,98.52,98.52,102.96,102.96,107.54,107.54,112.09,112.09,116.59,116.59,121.14,121.14,134.19,134.19,134.19,134.19,143.14,143.14,143.14,143.14,152.09,152.09,152.09,152.09,161.03,161.03,161.03,161.03,169.98,169.98,169.98,169.98,193.78,193.78,193.78,193.78,193.78,193.78,193.78,193.78,193.78,193.78,217.59,217.59,217.59,217.59,217.59,217.59,217.59,217.59,217.59,217.59,241.36,241.36,241.36,241.36,241.36,241.36,241.36,241.36,241.36,241.36,265.16,265.16,265.16,265.16,265.16,265.16,265.16,265.16,265.16,265.16,288.94,288.94,288.94,288.94,288.94,288.94,288.94,288.94,288.94,288.94,312.72,312.72,312.72,312.72,312.72,312.72,312.72,312.72,312.72,312.72,336.55,336.55,336.55,336.55,336.55,336.55,336.55,336.55,336.55,336.55,360.31,360.31,360.31,360.31,360.31,360.31,360.31,360.31,360.31,360.31
SN,Senegal,Zone 10,37.00,37.00,37.00,37.00,38.70,40.63,42.80,44.92,47.08,49.20,54.20,56.50,58.75,61.03,63.26,65.59,67.83,70.14,72.38,74.68,80.39,80.39,84.92,84.92,89.46,89.46,93.96,93.96,98.52,98.52,102.96,102.96,107.54,107.54,112.09,112.09,116.59,116.59,121.14,121.14,134.19,134.19,134.19,134.19,143.14,143.14,143.14,143.14,152.09,152.09,152.09,152.09,161.03,161.03,161.03,161.03,169.98,169.98,169.98,169.98,193.78,193.78,193.78,193.78,193.78,193.78,193.78,193.78,193.78,193.78,217.59,217.59,217.59,217.59,217.59,217.59,217.59,217.59,217.59,217.59,241.36,241.36,241.36,241.36,241.36,241.36,241.36,241.36,241.36,241.36,265.16,265.16,265.16,265.16,265.16,265.16,265.16,265.16,265.16,265.16,288.94,288.94,288.94,288.94,288.94,288.94,288.94,288.94,288.94,288.94,312.72,312.72,312.72,312.72,312.72,312.72,312.72,312.72,312.72,312.72,336.55,336.55,336.55,336.55,336.55,336.55,336.55,336.55,336.55,336.55,360.31,360.31,360.31,360.31,360.31,360.31,360.31,360.31,360.31,360.31
RS,Serbia,Zone 5,34.84,34.84,34.84,34.84,37.45,38.24,39.94,41.67,43.37,45.07,46.14,47.52,48.89,50.31,51.68,53.07,54.46,55.84,57.23,58.61,61.39,61.39,64.08,64.08,66.71,66.71,69.36,69.36,72.02,72.02,74.87,74.87,77.54,77.54,80.20,80.20,82.87,82.87,85.53,85.53,90.65,90.65,90.65,90.65,95.64,95.64,95.64,95.64,100.56,100.56,100.56,100.56,105.54,105.54,105.54,105.54,110.48,110.48,110.48,110.48,125.06,125.06,125.06,125.06,125.06,125.06,125.06,125.06,125.06,125.06,139.85,139.85,139.85,139.85,139.85,139.85,139.85,139.85,139.85,139.85,154.64,154.64,154.64,154.64,154.64,154.64,154.64,154.64,154.64,154.64,169.45,169.45,169.45,169.45,169.45,169.45,169.45,169.45,169.45,169.45,184.24,184.24,184.24,184.24,184.24,184.24,184.24,184.24,184.24,184.24,199.03,199.03,199.03,199.03,199.03,199.03,199.03,199.03,199.03,199.03,213.85,213.85,213.85,213.85,213.85,213.85,213.85,213.85,213.85,213.85,228.60,228.60,228.60,228.60,228.60,228.60,228.60,228.60,228.60,228.60
SC,Seychelles,Zone 10,37.00,37.00,37.00,37.00,38.70,40.63,42.80,44.92,47.08,49.20,54.20,56.50,58.75,61.03,63.26,65.59,67.83,70.14,72.38,74.68,80.39,80.39,84.92,84.92,89.46,89.46,93.96,93.96,98.52,98.52,102.96,102.96,107.54,107.54,112.09,112.09,116.59,116.59,121.14,121.14,134.19,134.19,134.19,134.19,143.14,143.14,143.14,143.14,152.09,152.09,152.09,152.09,161.03,161.03,161.03,161.03,169.98,169.98,169.98,169.98,193.78,193.78,193.78,193.78,193.78,193.78,193.78,193.78,193.78,193.78,217.59,217.59,217.59,217.59,217.59,217.59,217.59,217.59,217.59,217.59,241.36,241.36,241.36,241.36,241.36,241.36,241.36,241.36,241.36,241.36,265.16,265.16,265.16,265.16,265.16,265.16,265.16,265.16,265.16,265.16,288.94,288.94,288.94,288.94,288.94,288.94,288.94,288.94,288.94,288.94,312.72,312.72,312.72,312.72,312.72,312.72,312.72,312.72,312.72,312.72,336.55,336.55,336.55,336.55,336.55,336.55,336.55,336.55,336.55,336.55,360.31,360.31,360.31,360.31,360.31,360.31,360.31,360.31,360.31,360.31
SL,Sierra Leone,Zone 10,37.00,37.00,37.00,37.00,38.70,40.63,42.80,44.92,47.08,49.20,54.20,56.50,58.75,61.03,63.26,65.59,67.83,70.14,72.38,74.68,80.39,80.39,84.92,84.92,89.46,89.46,93.96,93.96,98.52,98.52,102.96,102.96,107.54,107.54,112.09,112.09,116.59,116.59,121.14,121.14,134.19,134.19,134.19,134.19,143.14,143.14,143.14,143.14,152.09,152.09,152.09,152.09,161.03,161.03,161.03,161.03,169.98,169.98,169.98,169.98,193.78,193.78,193.78,193.78,193.78,193.78,193.78,193.78,193.78,193.78,217.59,217.59,217.59,217.59,217.59,217.59,217.59,217.59,217.59,217.59,241.36,241.36,241.36,241.36,241.36,241.36,241.36,241.36,241.36,241.36,265.16,265.16,265.16,265.16,265.16,265.16,265.16,265.16,265.16,265.16,288.94,288.94,288.94,288.94,288.94,288.94,288.94,288.94,288.94,288.94,312.72,312.72,312.72,312.72,312.72,312.72,312.72,312.72,312.72,312.72,336.55,336.55,336.55,336.55,336.55,336.55,336.55,336.55,336.55,336.55,360.31,360.31,360.31,360.31,360.31,360.31,360.31,360.31,360.31,360.31
SG,Singapore,Zone 8,24.03,24.03,24.03,24.03,24.03,24.03,24.03,24.03,24.03,24.03,27.04,28.12,29.22,30.31,31.43,32.51,33.60,34.71,35.76,36.86,41.16,41.16,43.35,43.35,45.55,45.55,47.79,47.79,49.98,49.98,53.72,53.72,56.04,56.04,58.31,58.31,60.58,60.58,62.84,62.84,67.54,67.54,67.54,67.54,71.96,71.96,71.96,71.96,76.39,76.39,76.39,76.39,80.82,80.82,80.82,80.82,85.26,85.26,85.26,85.26,96.58,96.58,96.58,96.58,96.58,96.58,96.58,96.58,96.58,96.58,107.91,107.91,107.91,107.91,107.91,107.91,107.91,107.91,107.91,107.91,119.23,119.23,119.23,119.23,119.23,119.23,119.23,119.23,119.23,119.23,130.58,130.58,130.58,130.58,130.58,130.58,130.58,130.58,130.58,130.58,141.88,141.88,141.88,141.88,141.88,141.88,141.88,141.88,141.88,141.88,153.20,153.20,153.20,153.20,153.20,153.20,153.20,153.20,153.20,153.20,164.54,164.54,164.54,164.54,164.54,164.54,164.54,164.54,164.54,164.54,175.86,175.86,175.86,175.86,175.86,175.86,175.86,175.86,175.86,175.86
SK,Slovakia,Zone 741,16.24,16.24,16.24,16.24,16.71,17.27,18.11,18.96,19.76,20.50,21.16,21.82,22.49,23.16,23.81,24.47,25.13,25.79,26.45,27.11,28.19,28.19,29.43,29.43,30.65,30.65,31.90,31.90,33.16,33.16,34.36,34.36,35.55,35.55,36.76,36.76,37.97,37.97,39.17,39.17,41.62,41.62,41.62,41.62,43.87,43.87,43.87,43.87,46.14,46.14,46.14,46.14,48.37,48.37,48.37,48.37,50.62,50.62,50.62,50.62,57.41,57.41,57.41,57.41,57.41,57.41,57.41,57.41,57.41,57.41,64.17,64.17,64.17,64.17,64.17,64.17,64.17,64.17,64.17,64.17,70.97,70.97,70.97,70.97,70.97,70.97,70.97,70.97,70.97,70.97,77.76,77.76,77.76,77.76,77.76,77.76,77.76,77.76,77.76,77.76,84.51,84.51,84.51,84.51,84.51,84.51,84.51,84.51,84.51,84.51,91.31,91.31,91.31,91.31,91.31,91.31,91.31,91.31,91.31,91.31,98.10,98.10,98.10,98.10,98.10,98.10,98.10,98.10,98.10,98.10,104.88,104.88,104.88,104.88,104.88,104.88,104.88,104.88,104.88,104.88
SI,Slovenia,Zone 741,16.24,16.24,16.24,16.24,16.71,17.27,18.11,18.96,19.76,20.50,21.16,21.82,22.49,23.16,23.81,24.47,25.13,25.79,26.45,27.11,28.19,28.19,29.43,29.43,30.65,30.65,31.90,31.90,33.16,33.16,34.36,34.36,35.55,35.55,36.76,36.76,37.97,37.97,39.17,39.17,41.62,41.62,41.62,41.62,43.87,43.87,43.87,43.87,46.14,46.14,46.14,46.14,48.37,48.37,48.37,48.37,50.62,50.62,50.62,50.62,57.41,57.41,57.41,57.41,57.41,57.41,57.41,57.41,57.41,57.41,64.17,64.17,64.17,64.17,64.17,64.17,64.17,64.17,64.17,64.17,70.97,70.97,70.97,70.97,70.97,70.97,70.97,70.97,70.97,70.97,77.76,77.76,77.76,77.76,77.76,77.76,77.76,77.76,77.76,77.76,84.51,84.51,84.51,84.51,84.51,84.51,84.51,84.51,84.51,84.51,91.31,91.31,91.31,91.31,91.31,91.31,91.31,91.31,91.31,91.31,98.10,98.10,98.10,98.10,98.10,98.10,98.10,98.10,98.10,98.10,104.88,104.88,104.88,104.88,104.88,104.88,104.88,104.88,104.88,104.88
SB,Solomon Islands,Zone 9,37.01,37.01,37.01,37.01,37.81,40.02,42.31,44.61,46.92,49.22,53.23,55.58,57.98,60.32,62.76,65.12,67.51,69.89,72.29,74.66,81.12,81.12,85.44,85.44,89.83,89.83,94.22,94.22,98.55,98.55,103.57,103.57,107.97,107.97,112.29,112.29,116.72,116.72,121.16,121.16,131.00,131.00,131.00,131.00,140.73,140.73,140.73,140.73,150.50,150.50,150.50,150.50,160.20,160.20,160.20,160.20,169.94,169.94,169.94,169.94,192.89,192.89,192.89,192.89,192.89,192.89,192.89,192.89,192.89,192.89,216.70,216.70,216.70,216.70,216.70,216.70,216.70,216.70,216.70,216.70,240.43,240.43,240.43,240.43,240.43,240.43,240.43,240.43,240.43,240.43,264.25,264.25,264.25,264.25,264.25,264.25,264.25,264.25,264.25,264.25,288.03,288.03,288.03,288.03,288.03,288.03,288.03,288.03,288.03,288.03,311.80,311.80,311.80,311.80,311.80,311.80,311.80,311.80,311.80,311.80,335.57,335.57,335.57,335.57,335.57,335.57,335.57,335.57,335.57,335.57,359.36,359.36,359.36,359.36,359.36,359.36,359.36,359.36,359.36,359.36
ZA,South Africa,Zone 8,24.03,24.03,24.03,24.03,24.03,24.03,24.03,24.03,24.03,24.03,27.04,28.12,29.22,30.31,31.43,32.51,33.60,34.71,35.76,36.86,41.16,41.16,43.35,43.35,45.55,45.55,47.79,47.79,49.98,49.98,53.72,53.72,56.04,56.04,58.31,58.31,60.58,60.58,62.84,62.84,67.54,67.54,67.54,67.54,71.96,71.96,71.96,71.96,76.39,76.39,76.39,76.39,80.82,80.82,80.82,80.82,85.26,85.26,85.26,85.26,96.58,96.58,96.58,96.58,96.58,96.58,96.58,96.58,96.58,96.58,107.91,107.91,107.91,107.91,107.91,107.91,107.91,107.91,107.91,107.91,119.23,119.23,119.23,119.23,119.23,119.23,119.23,119.23,119.23,119.23,130.58,130.58,130.58,130.58,130.58,130.58,130.58,130.58,130.58,130.58,141.88,141.88,141.88,141.88,141.88,141.88,141.88,141.88,141.88,141.88,153.20,153.20,153.20,153.20,153.20,153.20,153.20,153.20,153.20,153.20,164.54,164.54,164.54,164.54,164.54,164.54,164.54,164.54,164.54,164.54,175.86,175.86,175.86,175.86,175.86,175.86,175.86,175.86,175.86,175.86
ES,Spain,Zone 704,16.13,16.13,16.13,16.13,16.11,16.11,16.86,17.63,18.37,19.15,19.92,20.70,21.46,22.24,23.00,23.76,24.52,25.30,26.06,26.85,28.10,28.10,29.25,29.25,30.42,30.42,31.62,31.62,32.79,32.79,33.83,33.83,34.98,34.98,36.11,36.11,37.28,37.28,38.42,38.42,40.68,40.68,40.68,40.68,42.78,42.78,42.78,42.78,44.85,44.85,44.85,44.85,46.97,46.97,46.97,46.97,49.03,49.03,49.03,49.03,55.97,55.97,55.97,55.97,55.97,55.97,55.97,55.97,55.97,55.97,62.78,62.78,62.78,62.78,62.78,62.78,62.78,62.78,62.78,62.78,69.57,69.57,69.57,69.57,69.57,69.57,69.57,69.57,69.57,69.57,76.35,76.35,76.35,76.35,76.35,76.35,76.35,76.35,76.35,76.35,83.15,83.15,83.15,83.15,83.15,83.15,83.15,83.15,83.15,83.15,89.95,89.95,89.95,89.95,89.95,89.95,89.95,89.95,89.95,89.95,96.74,96.74,96.74,96.74,96.74,96.74,96.74,96.74,96.74,96.74,103.54,103.54,103.54,103.54,103.54,103.54,103.54,103.54,103.54,103.54
LK,Sri Lanka,Zone 9,37.01,37.01,37.01,37.01,37.81,40.02,42.31,44.61,46.92,49.22,53.23,55.58,57.98,60.32,62.76,65.12,67.51,69.89,72.29,74.66,81.12,81.12,85.44,85.44,89.83,89.83,94.22,94.22,98.55,98.55,103.57,103.57,107.97,107.97,112.29,112.29,116.72,116.72,121.16,121.16,131.00,131.00,131.00,131.00,140.73,140.73,140.73,140.73,150.50,150.50,150.50,150.50,160.20,160.20,160.20,160.20,169.94,169.94,169.94,169.94,192.89,192.89,192.89,192.89,192.89,192.89,192.89,192.89,192.89,192.89,216.70,216.70,216.70,216.70,216.70,216.70,216.70,216.70,216.70,216.70,240.43,240.43,240.43,240.43,240.43,240.43,240.43,240.43,240.43,240.43,264.25,264.25,264.25,264.25,264.25,264.25,264.25,264.25,264.25,264.25,288.03,288.03,288.03,288.03,288.03,288.03,288.03,288.03,288.03,288.03,311.80,311.80,311.80,311.80,311.80,311.80,311.80,311.80,311.80,311.80,335.57,335.57,335.57,335.57,335.57,335.57,335.57,335.57,335.57,335.57,359.36,359.36,359.36,359.36,359.36,359.36,359.36,359.36,359.36,359.36
BL,St. Barthelemy,Zone 9,37.01,37.01,37.01,37.01,37.81,40.02,42.31,44.61,46.92,49.22,53.23,55.58,57.98,60.32,62.76,65.12,67.51,69.89,72.29,74.66,81.12,81.12,85.44,85.44,89.83,89.83,94.22,94.22,98.55,98.55,103.57,103.57,107.97,107.97,112.29,112.29,116.72,116.72,121.16,121.16,131.00,131.00,131.00,131.00,140.73,140.73,140.73,140.73,150.50,150.50,150.50,150.50,160.20,160.20,160.20,160.20,169.94,169.94,169.94,169.94,192.89,192.89,192.89,192.89,192.89,192.89,192.89,192.89,192.89,192.89,216.70,216.70,216.70,216.70,216.70,216.70,216.70,216.70,216.70,216.70,240.43,240.43,240.43,240.43,240.43,240.43,240.43,240.43,240.43,240.43,264.25,264.25,264.25,264.25,264.25,264.25,264.25,264.25,264.25,264.25,288.03,288.03,288.03,288.03,288.03,288.03,288.03,288.03,288.03,288.03,311.80,311.80,311.80,311.80,311.80,311.80,311.80,311.80,311.80,311.80,335.57,335.57,335.57,335.57,335.57,335.57,335.57,335.57,335.57,335.57,359.36,359.36,359.36,359.36,359.36,359.36,359.36,359.36,359.36,359.36
LC,St. Lucia,Zone 9,37.01,37.01,37.01,37.01,37.81,40.02,42.31,44.61,46.92,49.22,53.23,55.58,57.98,60.32,62.76,65.12,67.51,69.89,72.29,74.66,81.12,81.12,85.44,85.44,89.83,89.83,94.22,94.22,98.55,98.55,103.57,103.57,107.97,107.97,112.29,112.29,116.72,116.72,121.16,121.16,131.00,131.00,131.00,131.00,140.73,140.73,140.73,140.73,150.50,150.50,150.50,150.50,160.20,160.20,160.20,160.20,169.94,169.94,169.94,169.94,192.89,192.89,192.89,192.89,192.89,192.89,192.89,192.89,192.89,192.89,216.70,216.70,216.70,216.70,216.70,216.70,216.70,216.70,216.70,216.70,240.43,240.43,240.43,240.43,240.43,240.43,240.43,240.43,240.43,240.43,264.25,264.25,264.25,264.25,264.25,264.25,264.25,264.25,264.25,264.25,288.03,288.03,288.03,288.03,288.03,288.03,288.03,288.03,288.03,288.03,311.80,311.80,311.80,311.80,311.80,311.80,311.80,311.80,311.80,311.80,335.57,335.57,335.57,335.57,335.57,335.57,335.57,335.57,335.57,335.57,359.36,359.36,359.36,359.36,359.36,359.36,359.36,359.36,359.36,359.36
SX,St. Maarten,Zone 9,37.01,37.01,37.01,37.01,37.81,40.02,42.31,44.61,46.92,49.22,53.23,55.58,57.98,60.32,62.76,65.12,67.51,69.89,72.29,74.66,81.12,81.12,85.44,85.44,89.83,89.83,94.22,94.22,98.55,98.55,103.57,103.57,107.97,107.97,112.29,112.29,116.72,116.72,121.16,121.16,131.00,131.00,131.00,131.00,140.73,140.73,140.73,140.73,150.50,150.50,150.50,150.50,160.20,160.20,160.20,160.20,169.94,169.94,169.94,169.94,192.89,192.89,192.89,192.89,192.89,192.89,192.89,192.89,192.89,192.89,216.70,216.70,216.70,216.70,216.70,216.70,216.70,216.70,216.70,216.70,240.43,240.43,240.43,240.43,240.43,240.43,240.43,240.43,240.43,240.43,264.25,264.25,264.25,264.25,264.25,264.25,264.25,264.25,264.25,264.25,288.03,288.03,288.03,288.03,288.03,288.03,288.03,288.03,288.03,288.03,311.80,311.80,311.80,311.80,311.80,311.80,311.80,311.80,311.80,311.80,335.57,335.57,335.57,335.57,335.57,335.57,335.57,335.57,335.57,335.57,359.36,359.36,359.36,359.36,359.36,359.36,359.36,359.36,359.36,359.36
VC,St. Vincent and the Grenadines,Zone 9,37.01,37.01,37.01,37.01,37.81,40.02,42.31,44.61,46.92,49.22,53.23,55.58,57.98,60.32,62.76,65.12,67.51,69.89,72.29,74.66,81.12,81.12,85.44,85.44,89.83,89.83,94.22,94.22,98.55,98.55,103.57,103.57,107.97,107.97,112.29,112.29,116.72,116.72,121.16,121.16,131.00,131.00,131.00,131.00,140.73,140.73,140.73,140.73,150.50,150.50,150.50,150.50,160.20,160.20,160.20,160.20,169.94,169.94,169.94,169.94,192.89,192.89,192.89,192.89,192.89,192.89,192.89,192.89,192.89,192.89,216.70,216.70,216.70,216.70,216.70,216.70,216.70,216.70,216.70,216.70,240.43,240.43,240.43,240.43,240.43,240.43,240.43,240.43,240.43,240.43,264.25,264.25,264.25,264.25,264.25,264.25,264.25,264.25,264.25,264.25,288.03,288.03,288.03,288.03,288.03,288.03,288.03,288.03,288.03,288.03,311.80,311.80,311.80,311.80,311.80,311.80,311.80,311.80,311.80,311.80,335.57,335.57,335.57,335.57,335.57,335.57,335.57,335.57,335.57,335.57,359.36,359.36,359.36,359.36,359.36,359.36,359.36,359.36,359.36,359.36
SR,Suriname,Zone 10,37.00,37.00,37.00,37.00,38.70,40.63,42.80,44.92,47.08,49.20,54.20,56.50,58.75,61.03,63.26,65.59,67.83,70.14,72.38,74.68,80.39,80.39,84.92,84.92,89.46,89.46,93.96,93.96,98.52,98.52,102.96,102.96,107.54,107.54,112.09,112.09,116.59,116.59,121.14,121.14,134.19,134.19,134.19,134.19,143.14,143.14,143.14,143.14,152.09,152.09,152.09,152.09,161.03,161.03,161.03,161.03,169.98,169.98,169.98,169.98,193.78,193.78,193.78,193.78,193.78,193.78,193.78,193.78,193.78,193.78,217.59,217.59,217.59,217.59,217.59,217.59,217.59,217.59,217.59,217.59,241.36,241.36,241.36,241.36,241.36,241.36,241.36,241.36,241.36,241.36,265.16,265.16,265.16,265.16,265.16,265.16,265.16,265.16,265.16,265.16,288.94,288.94,288.94,288.94,288.94,288.94,288.94,288.94,288.94,288.94,312.72,312.72,312.72,312.72,312.72,312.72,312.72,312.72,312.72,312.72,336.55,336.55,336.55,336.55,336.55,336.55,336.55,336.55,336.55,336.55,360.31,360.31,360.31,360.31,360.31,360.31,360.31,360.31,360.31,360.31
SZ,Swaziland,Zone 10,37.00,37.00,37.00,37.00,38.70,40.63,42.80,44.92,47.08,49.20,54.20,56.50,58.75,61.03,63.26,65.59,67.83,70.14,72.38,74.68,80.39,80.39,84.92,84.92,89.46,89.46,93.96,93.96,98.52,98.52,102.96,102.96,107.54,107.54,112.09,112.09,116.59,116.59,121.14,121.14,134.19,134.19,134.19,134.19,143.14,143.14,143.14,143.14,152.09,152.09,152.09,152.09,161.03,161.03,161.03,161.03,169.98,169.98,169.98,169.98,193.78,193.78,193.78,193.78,193.78,193.78,193.78,193.78,193.78,193.78,217.59,217.59,217.59,217.59,217.59,217.59,217.59,217.59,217.59,217.59,241.36,241.36,241.36,241.36,241.36,241.36,241.36,241.36,241.36,241.36,265.16,265.16,265.16,265.16,265.16,265.16,265.16,265.16,265.16,265.16,288.94,288.94,288.94,288.94,288.94,288.94,288.94,288.94,288.94,288.94,312.72,312.72,312.72,312.72,312.72,312.72,312.72,312.72,312.72,312.72,336.55,336.55,336.55,336.55,336.55,336.55,336.55,336.55,336.55,336.55,360.31,360.31,360.31,360.31,360.31,360.31,360.31,360.31,360.31,360.31
SE,Sweden,Zone 704,16.13,16.13,16.13,16.13,16.11,16.11,16.86,17.63,18.37,19.15,19.92,20.70,21.46,22.24,23.00,23.76,24.52,25.30,26.06,26.85,28.10,28.10,29.25,29.25,30.42,30.42,31.62,31.62,32.79,32.79,33.83,33.83,34.98,34.98,36.11,36.11,37.28,37.28,38.42,38.42,40.68,40.68,40.68,40.68,42.78,42.78,42.78,42.78,44.85,44.85,44.85,44.85,46.97,46.97,46.97,46.97,49.03,49.03,49.03,49.03,55.97,55.97,55.97,55.97,55.97,55.97,55.97,55.97,55.97,55.97,62.78,62.78,62.78,62.78,62.78,62.78,62.78,62.78,62.78,62.78,69.57,69.57,69.57,69.57,69.57,69.57,69.57,69.57,69.57,69.57,76.35,76.35,76.35,76.35,76.35,76.35,76.35,76.35,76.35,76.35,83.15,83.15,83.15,83.15,83.15,83.15,83.15,83.15,83.15,83.15,89.95,89.95,89.95,89.95,89.95,89.95,89.95,89.95,89.95,89.95,96.74,96.74,96.74,96.74,96.74,96.74,96.74,96.74,96.74,96.74,103.54,103.54,103.54,103.54,103.54,103.54,103.54,103.54,103.54,103.54
CH,Switzerland,Zone 51,29.76,29.76,29.76,29.76,31.32,33.17,34.87,36.61,38.26,39.96,41.50,42.75,44.17,45.51,46.82,48.20,49.54,50.87,52.24,53.54,56.15,56.15,58.82,58.82,61.53,61.53,64.22,64.22,66.91,66.91,69.65,69.65,72.37,72.37,75.02,75.02,77.72,77.72,80.42,80.42,85.43,85.43,85.43,85.43,90.42,90.42,90.42,90.42,95.39,95.39,95.39,95.39,100.34,100.34,100.34,100.34,105.35,105.35,105.35,105.35,120.17,120.17,120.17,120.17,120.17,120.17,120.17,120.17,120.17,120.17,135.07,135.07,135.07,135.07,135.07,135.07,135.07,135.07,135.07,135.07,149.95,149.95,149.95,149.95,149.95,149.95,149.95,149.95,149.95,149.95,164.88,164.88,164.88,164.88,164.88,164.88,164.88,164.88,164.88,164.88,179.72,179.72,179.72,179.72,179.72,179.72,179.72,179.72,179.72,179.72,194.62,194.62,194.62,194.62,194.62,194.62,194.62,194.62,194.62,194.62,209.52,209.52,209.52,209.52,209.52,209.52,209.52,209.52,209.52,209.52,224.38,224.38,224.38,224.38,224.38,224.38,224.38,224.38,224.38,224.38
TW,Taiwan,Zone 8,24.03,24.03,24.03,24.03,24.03,24.03,24.03,24.03,24.03,24.03,27.04,28.12,29.22,30.31,31.43,32.51,33.60,34.71,35.76,36.86,41.16,41.16,43.35,43.35,45.55,45.55,47.79,47.79,49.98,49.98,53.72,53.72,56.04,56.04,58.31,58.31,60.58,60.58,62.84,62.84,67.54,67.54,67.54,67.54,71.96,71.96,71.96,71.96,76.39,76.39,76.39,76.39,80.82,80.82,80.82,80.82,85.26,85.26,85.26,85.26,96.58,96.58,96.58,96.58,96.58,96.58,96.58,96.58,96.58,96.58,107.91,107.91,107.91,107.91,107.91,107.91,107.91,107.91,107.91,107.91,119.23,119.23,119.23,119.23,119.23,119.23,119.23,119.23,119.23,119.23,130.58,130.58,130.58,130.58,130.58,130.58,130.58,130.58,130.58,130.58,141.88,141.88,141.88,141.88,141.88,141.88,141.88,141.88,141.88,141.88,153.20,153.20,153.20,153.20,153.20,153.20,153.20,153.20,153.20,153.20,164.54,164.54,164.54,164.54,164.54,164.54,164.54,164.54,164.54,164.54,175.86,175.86,175.86,175.86,175.86,175.86,175.86,175.86,175.86,175.86
TJ,Tajikistan,Zone 9,37.01,37.01,37.01,37.01,37.81,40.02,42.31,44.61,46.92,49.22,53.23,55.58,57.98,60.32,62.76,65.12,67.51,69.89,72.29,74.66,81.12,81.12,85.44,85.44,89.83,89.83,94.22,94.22,98.55,98.55,103.57,103.57,107.97,107.97,112.29,112.29,116.72,116.72,121.16,121.16,131.00,131.00,131.00,131.00,140.73,140.73,140.73,140.73,150.50,150.50,150.50,150.50,160.20,160.20,160.20,160.20,169.94,169.94,169.94,169.94,192.89,192.89,192.89,192.89,192.89,192.89,192.89,192.89,192.89,192.89,216.70,216.70,216.70,216.70,216.70,216.70,216.70,216.70,216.70,216.70,240.43,240.43,240.43,240.43,240.43,240.43,240.43,240.43,240.43,240.43,264.25,264.25,264.25,264.25,264.25,264.25,264.25,264.25,264.25,264.25,288.03,288.03,288.03,288.03,288.03,288.03,288.03,288.03,288.03,288.03,311.80,311.80,311.80,311.80,311.80,311.80,311.80,311.80,311.80,311.80,335.57,335.57,335.57,335.57,335.57,335.57,335.57,335.57,335.57,335.57,359.36,359.36,359.36,359.36,359.36,359.36,359.36,359.36,359.36,359.36
TZ,Tanzania,Zone 10,37.00,37.00,37.00,37.00,38.70,40.63,42.80,44.92,47.08,49.20,54.20,56.50,58.75,61.03,63.26,65.59,67.83,70.14,72.38,74.68,80.39,80.39,84.92,84.92,89.46,89.46,93.96,93.96,98.52,98.52,102.96,102.96,107.54,107.54,112.09,112.09,116.59,116.59,121.14,121.14,134.19,134.19,134.19,134.19,143.14,143.14,143.14,143.14,152.09,152.09,152.09,152.09,161.03,161.03,161.03,161.03,169.98,169.98,169.98,169.98,193.78,193.78,193.78,193.78,193.78,193.78,193.78,193.78,193.78,193.78,217.59,217.59,217.59,217.59,217.59,217.59,217.59,217.59,217.59,217.59,241.36,241.36,241.36,241.36,241.36,241.36,241.36,241.36,241.36,241.36,265.16,265.16,265.16,265.16,265.16,265.16,265.16,265.16,265.16,265.16,288.94,288.94,288.94,288.94,288.94,288.94,288.94,288.94,288.94,288.94,312.72,312.72,312.72,312.72,312.72,312.72,312.72,312.72,312.72,312.72,336.55,336.55,336.55,336.55,336.55,336.55,336.55,336.55,336.55,336.55,360.31,360.31,360.31,360.31,360.31,360.31,360.31,360.31,360.31,360.31
TH,Thailand,Zone 8,24.03,24.03,24.03,24.03,24.03,24.03,24.03,24.03,24.03,24.03,27.04,28.12,29.22,30.31,31.43,32.51,33.60,34.71,35.76,36.86,41.16,41.16,43.35,43.35,45.55,45.55,47.79,47.79,49.98,49.98,53.72,53.72,56.04,56.04,58.31,58.31,60.58,60.58,62.84,62.84,67.54,67.54,67.54,67.54,71.96,71.96,71.96,71.96,76.39,76.39,76.39,76.39,80.82,80.82,80.82,80.82,85.26,85.26,85.26,85.26,96.58,96.58,96.58,96.58,96.58,96.58,96.58,96.58,96.58,96.58,107.91,107.91,107.91,107.91,107.91,107.91,107.91,107.91,107.91,107.91,119.23,119.23,119.23,119.23,119.23,119.23,119.23,119.23,119.23,119.23,130.58,130.58,130.58,130.58,130.58,130.58,130.58,130.58,130.58,130.58,141.88,141.88,141.88,141.88,141.88,141.88,141.88,141.88,141.88,141.88,153.20,153.20,153.20,153.20,153.20,153.20,153.20,153.20,153.20,153.20,164.54,164.54,164.54,164.54,164.54,164.54,164.54,164.54,164.54,164.54,175.86,175.86,175.86,175.86,175.86,175.86,175.86,175.86,175.86,175.86
TG,Togo,Zone 10,37.00,37.00,37.00,37.00,38.70,40.63,42.80,44.92,47.08,49.20,54.20,56.50,58.75,61.03,63.26,65.59,67.83,70.14,72.38,74.68,80.39,80.39,84.92,84.92,89.46,89.46,93.96,93.96,98.52,98.52,102.96,102.96,107.54,107.54,112.09,112.09,116.59,116.59,121.14,121.14,134.19,134.19,134.19,134.19,143.14,143.14,143.14,143.14,152.09,152.09,152.09,152.09,161.03,161.03,161.03,161.03,169.98,169.98,169.98,169.98,193.78,193.78,193.78,193.78,193.78,193.78,193.78,193.78,193.78,193.78,217.59,217.59,217.59,217.59,217.59,217.59,217.59,217.59,217.59,217.59,241.36,241.36,241.36,241.36,241.36,241.36,241.36,241.36,241.36,241.36,265.16,265.16,265.16,265.16,265.16,265.16,265.16,265.16,265.16,265.16,288.94,288.94,288.94,288.94,288.94,288.94,288.94,288.94,288.94,288.94,312.72,312.72,312.72,312.72,312.72,312.72,312.72,312.72,312.72,312.72,336.55,336.55,336.55,336.55,336.55,336.55,336.55,336.55,336.55,336.55,360.31,360.31,360.31,360.31,360.31,360.31,360.31,360.31,360.31,360.31
TO,Tonga,Zone 9,37.01,37.01,37.01,37.01,37.81,40.02,42.31,44.61,46.92,49.22,53.23,55.58,57.98,60.32,62.76,65.12,67.51,69.89,72.29,74.66,81.12,81.12,85.44,85.44,89.83,89.83,94.22,94.22,98.55,98.55,103.57,103.57,107.97,107.97,112.29,112.29,116.72,116.72,121.16,121.16,131.00,131.00,131.00,131.00,140.73,140.73,140.73,140.73,150.50,150.50,150.50,150.50,160.20,160.20,160.20,160.20,169.94,169.94,169.94,169.94,192.89,192.89,192.89,192.89,192.89,192.89,192.89,192.89,192.89,192.89,216.70,216.70,216.70,216.70,216.70,216.70,216.70,216.70,216.70,216.70,240.43,240.43,240.43,240.43,240.43,240.43,240.43,240.43,240.43,240.43,264.25,264.25,264.25,264.25,264.25,264.25,264.25,264.25,264.25,264.25,288.03,288.03,288.03,288.03,288.03,288.03,288.03,288.03,288.03,288.03,311.80,311.80,311.80,311.80,311.80,311.80,311.80,311.80,311.80,311.80,335.57,335.57,335.57,335.57,335.57,335.57,335.57,335.57,335.57,335.57,359.36,359.36,359.36,359.36,359.36,359.36,359.36,359.36,359.36,359.36
TT,Trinidad and Tobago,Zone 9,37.01,37.01,37.01,37.01,37.81,40.02,42.31,44.61,46.92,49.22,53.23,55.58,57.98,60.32,62.76,65.12,67.51,69.89,72.29,74.66,81.12,81.12,85.44,85.44,89.83,89.83,94.22,94.22,98.55,98.55,103.57,103.57,107.97,107.97,112.29,112.29,116.72,116.72,121.16,121.16,131.00,131.00,131.00,131.00,140.73,140.73,140.73,140.73,150.50,150.50,150.50,150.50,160.20,160.20,160.20,160.20,169.94,169.94,169.94,169.94,192.89,192.89,192.89,192.89,192.89,192.89,192.89,192.89,192.89,192.89,216.70,216.70,216.70,216.70,216.70,216.70,216.70,216.70,216.70,216.70,240.43,240.43,240.43,240.43,240.43,240.43,240.43,240.43,240.43,240.43,264.25,264.25,264.25,264.25,264.25,264.25,264.25,264.25,264.25,264.25,288.03,288.03,288.03,288.03,288.03,288.03,288.03,288.03,288.03,288.03,311.80,311.80,311.80,311.80,311.80,311.80,311.80,311.80,311.80,311.80,335.57,335.57,335.57,335.57,335.57,335.57,335.57,335.57,335.57,335.57,359.36,359.36,359.36,359.36,359.36,359.36,359.36,359.36,359.36,359.36
TR,Turkey,Zone 5,34.84,34.84,34.84,34.84,37.45,38.24,39.94,41.67,43.37,45.07,46.14,47.52,48.89,50.31,51.68,53.07,54.46,55.84,57.23,58.61,61.39,61.39,64.08,64.08,66.71,66.71,69.36,69.36,72.02,72.02,74.87,74.87,77.54,77.54,80.20,80.20,82.87,82.87,85.53,85.53,90.65,90.65,90.65,90.65,95.64,95.64,95.64,95.64,100.56,100.56,100.56,100.56,105.54,105.54,105.54,105.54,110.48,110.48,110.48,110.48,125.06,125.06,125.06,125.06,125.06,125.06,125.06,125.06,125.06,125.06,139.85,139.85,139.85,139.85,139.85,139.85,139.85,139.85,139.85,139.85,154.64,154.64,154.64,154.64,154.64,154.64,154.64,154.64,154.64,154.64,169.45,169.45,169.45,169.45,169.45,169.45,169.45,169.45,169.45,169.45,184.24,184.24,184.24,184.24,184.24,184.24,184.24,184.24,184.24,184.24,199.03,199.03,199.03,199.03,199.03,199.03,199.03,199.03,199.03,199.03,213.85,213.85,213.85,213.85,213.85,213.85,213.85,213.85,213.85,213.85,228.60,228.60,228.60,228.60,228.60,228.60,228.60,228.60,228.60,228.60
TM,Turkmenistan,Zone 9,37.01,37.01,37.01,37.01,37.81,40.02,42.31,44.61,46.92,49.22,53.23,55.58,57.98,60.32,62.76,65.12,67.51,69.89,72.29,74.66,81.12,81.12,85.44,85.44,89.83,89.83,94.22,94.22,98.55,98.55,103.57,103.57,107.97,107.97,112.29,112.29,116.72,116.72,121.16,121.16,131.00,131.00,131.00,131.00,140.73,140.73,140.73,140.73,150.50,150.50,150.50,150.50,160.20,160.20,160.20,160.20,169.94,169.94,169.94,169.94,192.89,192.89,192.89,192.89,192.89,192.89,192.89,192.89,192.89,192.89,216.70,216.70,216.70,216.70,216.70,216.70,216.70,216.70,216.70,216.70,240.43,240.43,240.43,240.43,240.43,240.43,240.43,240.43,240.43,240.43,264.25,264.25,264.25,264.25,264.25,264.25,264.25,264.25,264.25,264.25,288.03,288.03,288.03,288.03,288.03,288.03,288.03,288.03,288.03,288.03,311.80,311.80,311.80,311.80,311.80,311.80,311.80,311.80,311.80,311.80,335.57,335.57,335.57,335.57,335.57,335.57,335.57,335.57,335.57,335.57,359.36,359.36,359.36,359.36,359.36,359.36,359.36,359.36,359.36,359.36
TC,Turks and Caicos Islands,Zone 9,37.01,37.01,37.01,37.01,37.81,40.02,42.31,44.61,46.92,49.22,53.23,55.58,57.98,60.32,62.76,65.12,67.51,69.89,72.29,74.66,81.12,81.12,85.44,85.44,89.83,89.83,94.22,94.22,98.55,98.55,103.57,103.57,107.97,107.97,112.29,112.29,116.72,116.72,121.16,121.16,131.00,131.00,131.00,131.00,140.73,140.73,140.73,140.73,150.50,150.50,150.50,150.50,160.20,160.20,160.20,160.20,169.94,169.94,169.94,169.94,192.89,192.89,192.89,192.89,192.89,192.89,192.89,192.89,192.89,192.89,216.70,216.70,216.70,216.70,216.70,216.70,216.70,216.70,216.70,216.70,240.43,240.43,240.43,240.43,240.43,240.43,240.43,240.43,240.43,240.43,264.25,264.25,264.25,264.25,264.25,264.25,264.25,264.25,264.25,264.25,288.03,288.03,288.03,288.03,288.03,288.03,288.03,288.03,288.03,288.03,311.80,311.80,311.80,311.80,311.80,311.80,311.80,311.80,311.80,311.80,335.57,335.57,335.57,335.57,335.57,335.57,335.57,335.57,335.57,335.57,359.36,359.36,359.36,359.36,359.36,359.36,359.36,359.36,359.36,359.36
TV,Tuvalu,Zone 10,37.00,37.00,37.00,37.00,38.70,40.63,42.80,44.92,47.08,49.20,54.20,56.50,58.75,61.03,63.26,65.59,67.83,70.14,72.38,74.68,80.39,80.39,84.92,84.92,89.46,89.46,93.96,93.96,98.52,98.52,102.96,102.96,107.54,107.54,112.09,112.09,116.59,116.59,121.14,121.14,134.19,134.19,134.19,134.19,143.14,143.14,143.14,143.14,152.09,152.09,152.09,152.09,161.03,161.03,161.03,161.03,169.98,169.98,169.98,169.98,193.78,193.78,193.78,193.78,193.78,193.78,193.78,193.78,193.78,193.78,217.59,217.59,217.59,217.59,217.59,217.59,217.59,217.59,217.59,217.59,241.36,241.36,241.36,241.36,241.36,241.36,241.36,241.36,241.36,241.36,265.16,265.16,265.16,265.16,265.16,265.16,265.16,265.16,265.16,265.16,288.94,288.94,288.94,288.94,288.94,288.94,288.94,288.94,288.94,288.94,312.72,312.72,312.72,312.72,312.72,312.72,312.72,312.72,312.72,312.72,336.55,336.55,336.55,336.55,336.55,336.55,336.55,336.55,336.55,336.55,360.31,360.31,360.31,360.31,360.31,360.31,360.31,360.31,360.31,360.31
UG,Uganda,Zone 10,37.00,37.00,37.00,37.00,38.70,40.63,42.80,44.92,47.08,49.20,54.20,56.50,58.75,61.03,63.26,65.59,67.83,70.14,72.38,74.68,80.39,80.39,84.92,84.92,89.46,89.46,93.96,93.96,98.52,98.52,102.96,102.96,107.54,107.54,112.09,112.09,116.59,116.59,121.14,121.14,134.19,134.19,134.19,134.19,143.14,143.14,143.14,143.14,152.09,152.09,152.09,152.09,161.03,161.03,161.03,161.03,169.98,169.98,169.98,169.98,193.78,193.78,193.78,193.78,193.78,193.78,193.78,193.78,193.78,193.78,217.59,217.59,217.59,217.59,217.59,217.59,217.59,217.59,217.59,217.59,241.36,241.36,241.36,241.36,241.36,241.36,241.36,241.36,241.36,241.36,265.16,265.16,265.16,265.16,265.16,265.16,265.16,265.16,265.16,265.16,288.94,288.94,288.94,288.94,288.94,288.94,288.94,288.94,288.94,288.94,312.72,312.72,312.72,312.72,312.72,312.72,312.72,312.72,312.72,312.72,336.55,336.55,336.55,336.55,336.55,336.55,336.55,336.55,336.55,336.55,360.31,360.31,360.31,360.31,360.31,360.31,360.31,360.31,360.31,360.31
AE,United Arab Emirates,Zone 9,37.01,37.01,37.01,37.01,37.81,40.02,42.31,44.61,46.92,49.22,53.23,55.58,57.98,60.32,62.76,65.12,67.51,69.89,72.29,74.66,81.12,81.12,85.44,85.44,89.83,89.83,94.22,94.22,98.55,98.55,103.57,103.57,107.97,107.97,112.29,112.29,116.72,116.72,121.16,121.16,131.00,131.00,131.00,131.00,140.73,140.73,140.73,140.73,150.50,150.50,150.50,150.50,160.20,160.20,160.20,160.20,169.94,169.94,169.94,169.94,192.89,192.89,192.89,192.89,192.89,192.89,192.89,192.89,192.89,192.89,216.70,216.70,216.70,216.70,216.70,216.70,216.70,216.70,216.70,216.70,240.43,240.43,240.43,240.43,240.43,240.43,240.43,240.43,240.43,240.43,264.25,264.25,264.25,264.25,264.25,264.25,264.25,264.25,264.25,264.25,288.03,288.03,288.03,288.03,288.03,288.03,288.03,288.03,288.03,288.03,311.80,311.80,311.80,311.80,311.80,311.80,311.80,311.80,311.80,311.80,335.57,335.57,335.57,335.57,335.57,335.57,335.57,335.57,335.57,335.57,359.36,359.36,359.36,359.36,359.36,359.36,359.36,359.36,359.36,359.36
GB,United Kingdom,Zone 1,7.03,7.03,7.03,7.03,7.03,7.68,7.68,7.68,7.68,7.68,7.32,7.32,7.32,7.32,7.32,7.90,7.90,7.90,7.90,7.90,9.29,9.29,9.29,9.29,9.29,9.29,9.29,9.29,9.29,9.29,13.10,13.10,13.10,13.10,13.10,13.10,13.10,13.10,13.10,13.10,15.49,15.49,15.49,15.49,15.49,15.49,15.49,15.49,15.49,15.49,15.49,15.49,15.49,15.49,15.49,15.49,15.49,15.49,15.49,15.49,17.10,17.10,17.10,17.10,17.10,17.10,17.10,17.10,17.10,17.10,18.73,18.73,18.73,18.73,18.73,18.73,18.73,18.73,18.73,18.73,20.31,20.31,20.31,20.31,20.31,20.31,20.31,20.31,20.31,20.31,21.95,21.95,21.95,21.95,21.95,21.95,21.95,21.95,21.95,21.95,23.58,23.58,23.58,23.58,23.58,23.58,23.58,23.58,23.58,23.58,25.22,25.22,25.22,25.22,25.22,25.22,25.22,25.22,25.22,25.22,26.82,26.82,26.82,26.82,26.82,26.82,26.82,26.82,26.82,26.82,28.45,28.45,28.45,28.45,28.45,28.45,28.45,28.45,28.45,28.45
US,United States,Zone 6,18.61,18.61,18.61,18.61,18.61,18.61,18.61,18.61,18.61,18.61,22.36,23.07,23.80,24.50,25.20,25.92,26.62,27.33,28.04,28.75,33.88,33.88,35.23,35.23,36.56,36.56,37.90,37.90,39.18,39.18,44.10,44.10,45.55,45.55,46.95,46.95,48.41,48.41,49.83,49.83,60.73,60.73,60.73,60.73,63.88,63.88,63.88,63.88,67.02,67.02,67.02,67.02,70.16,70.16,70.16,70.16,73.33,73.33,73.33,73.33,81.63,81.63,81.63,81.63,81.63,81.63,81.63,81.63,81.63,81.63,89.86,89.86,89.86,89.86,89.86,89.86,89.86,89.86,89.86,89.86,98.18,98.18,98.18,98.18,98.18,98.18,98.18,98.18,98.18,98.18,106.49,106.49,106.49,106.49,106.49,106.49,106.49,106.49,106.49,106.49,114.80,114.80,114.80,114.80,114.80,114.80,114.80,114.80,114.80,114.80,123.08,123.08,123.08,123.08,123.08,123.08,123.08,123.08,123.08,123.08,131.35,131.35,131.35,131.35,131.35,131.35,131.35,131.35,131.35,131.35,139.65,139.65,139.65,139.65,139.65,139.65,139.65,139.65,139.65,139.65
UY,Uruguay,Zone 10,37.00,37.00,37.00,37.00,38.70,40.63,42.80,44.92,47.08,49.20,54.20,56.50,58.75,61.03,63.26,65.59,67.83,70.14,72.38,74.68,80.39,80.39,84.92,84.92,89.46,89.46,93.96,93.96,98.52,98.52,102.96,102.96,107.54,107.54,112.09,112.09,116.59,116.59,121.14,121.14,134.19,134.19,134.19,134.19,143.14,143.14,143.14,143.14,152.09,152.09,152.09,152.09,161.03,161.03,161.03,161.03,169.98,169.98,169.98,169.98,193.78,193.78,193.78,193.78,193.78,193.78,193.78,193.78,193.78,193.78,217.59,217.59,217.59,217.59,217.59,217.59,217.59,217.59,217.59,217.59,241.36,241.36,241.36,241.36,241.36,241.36,241.36,241.36,241.36,241.36,265.16,265.16,265.16,265.16,265.16,265.16,265.16,265.16,265.16,265.16,288.94,288.94,288.94,288.94,288.94,288.94,288.94,288.94,288.94,288.94,312.72,312.72,312.72,312.72,312.72,312.72,312.72,312.72,312.72,312.72,336.55,336.55,336.55,336.55,336.55,336.55,336.55,336.55,336.55,336.55,360.31,360.31,360.31,360.31,360.31,360.31,360.31,360.31,360.31,360.31
UZ,Uzbekistan,Zone 9,37.01,37.01,37.01,37.01,37.81,40.02,42.31,44.61,46.92,49.22,53.23,55.58,57.98,60.32,62.76,65.12,67.51,69.89,72.29,74.66,81.12,81.12,85.44,85.44,89.83,89.83,94.22,94.22,98.55,98.55,103.57,103.57,107.97,107.97,112.29,112.29,116.72,116.72,121.16,121.16,131.00,131.00,131.00,131.00,140.73,140.73,140.73,140.73,150.50,150.50,150.50,150.50,160.20,160.20,160.20,160.20,169.94,169.94,169.94,169.94,192.89,192.89,192.89,192.89,192.89,192.89,192.89,192.89,192.89,192.89,216.70,216.70,216.70,216.70,216.70,216.70,216.70,216.70,216.70,216.70,240.43,240.43,240.43,240.43,240.43,240.43,240.43,240.43,240.43,240.43,264.25,264.25,264.25,264.25,264.25,264.25,264.25,264.25,264.25,264.25,288.03,288.03,288.03,288.03,288.03,288.03,288.03,288.03,288.03,288.03,311.80,311.80,311.80,311.80,311.80,311.80,311.80,311.80,311.80,311.80,335.57,335.57,335.57,335.57,335.57,335.57,335.57,335.57,335.57,335.57,359.36,359.36,359.36,359.36,359.36,359.36,359.36,359.36,359.36,359.36
VU,Vanuatu,Zone 9,37.01,37.01,37.01,37.01,37.81,40.02,42.31,44.61,46.92,49.22,53.23,55.58,57.98,60.32,62.76,65.12,67.51,69.89,72.29,74.66,81.12,81.12,85.44,85.44,89.83,89.83,94.22,94.22,98.55,98.55,103.57,103.57,107.97,107.97,112.29,112.29,116.72,116.72,121.16,121.16,131.00,131.00,131.00,131.00,140.73,140.73,140.73,140.73,150.50,150.50,150.50,150.50,160.20,160.20,160.20,160.20,169.94,169.94,169.94,169.94,192.89,192.89,192.89,192.89,192.89,192.89,192.89,192.89,192.89,192.89,216.70,216.70,216.70,216.70,216.70,216.70,216.70,216.70,216.70,216.70,240.43,240.43,240.43,240.43,240.43,240.43,240.43,240.43,240.43,240.43,264.25,264.25,264.25,264.25,264.25,264.25,264.25,264.25,264.25,264.25,288.03,288.03,288.03,288.03,288.03,288.03,288.03,288.03,288.03,288.03,311.80,311.80,311.80,311.80,311.80,311.80,311.80,311.80,311.80,311.80,335.57,335.57,335.57,335.57,335.57,335.57,335.57,335.57,335.57,335.57,359.36,359.36,359.36,359.36,359.36,359.36,359.36,359.36,359.36,359.36
VA,Vatican City (Italy),Zone 704,16.13,16.13,16.13,16.13,16.11,16.11,16.86,17.63,18.37,19.15,19.92,20.70,21.46,22.24,23.00,23.76,24.52,25.30,26.06,26.85,28.10,28.10,29.25,29.25,30.42,30.42,31.62,31.62,32.79,32.79,33.83,33.83,34.98,34.98,36.11,36.11,37.28,37.28,38.42,38.42,40.68,40.68,40.68,40.68,42.78,42.78,42.78,42.78,44.85,44.85,44.85,44.85,46.97,46.97,46.97,46.97,49.03,49.03,49.03,49.03,55.97,55.97,55.97,55.97,55.97,55.97,55.97,55.97,55.97,55.97,62.78,62.78,62.78,62.78,62.78,62.78,62.78,62.78,62.78,62.78,69.57,69.57,69.57,69.57,69.57,69.57,69.57,69.57,69.57,69.57,76.35,76.35,76.35,76.35,76.35,76.35,76.35,76.35,76.35,76.35,83.15,83.15,83.15,83.15,83.15,83.15,83.15,83.15,83.15,83.15,89.95,89.95,89.95,89.95,89.95,89.95,89.95,89.95,89.95,89.95,96.74,96.74,96.74,96.74,96.74,96.74,96.74,96.74,96.74,96.74,103.54,103.54,103.54,103.54,103.54,103.54,103.54,103.54,103.54,103.54
WF,Wallis and Futuna Islands,Zone 9,37.01,37.01,37.01,37.01,37.81,40.02,42.31,44.61,46.92,49.22,53.23,55.58,57.98,60.32,62.76,65.12,67.51,69.89,72.29,74.66,81.12,81.12,85.44,85.44,89.83,89.83,94.22,94.22,98.55,98.55,103.57,103.57,107.97,107.97,112.29,112.29,116.72,116.72,121.16,121.16,131.00,131.00,131.00,131.00,140.73,140.73,140.73,140.73,150.50,150.50,150.50,150.50,160.20,160.20,160.20,160.20,169.94,169.94,169.94,169.94,192.89,192.89,192.89,192.89,192.89,192.89,192.89,192.89,192.89,192.89,216.70,216.70,216.70,216.70,216.70,216.70,216.70,216.70,216.70,216.70,240.43,240.43,240.43,240.43,240.43,240.43,240.43,240.43,240.43,240.43,264.25,264.25,264.25,264.25,264.25,264.25,264.25,264.25,264.25,264.25,288.03,288.03,288.03,288.03,288.03,288.03,288.03,288.03,288.03,288.03,311.80,311.80,311.80,311.80,311.80,311.80,311.80,311.80,311.80,311.80,335.57,335.57,335.57,335.57,335.57,335.57,335.57,335.57,335.57,335.57,359.36,359.36,359.36,359.36,359.36,359.36,359.36,359.36,359.36,359.36
YE,"Yemen, Republic of",Zone 10,37.00,37.00,37.00,37.00,38.70,40.63,42.80,44.92,47.08,49.20,54.20,56.50,58.75,61.03,63.26,65.59,67.83,70.14,72.38,74.68,80.39,80.39,84.92,84.92,89.46,89.46,93.96,93.96,98.52,98.52,102.96,102.96,107.54,107.54,112.09,112.09,116.59,116.59,121.14,121.14,134.19,134.19,134.19,134.19,143.14,143.14,143.14,143.14,152.09,152.09,152.09,152.09,161.03,161.03,161.03,161.03,169.98,169.98,169.98,169.98,193.78,193.78,193.78,193.78,193.78,193.78,193.78,193.78,193.78,193.78,217.59,217.59,217.59,217.59,217.59,217.59,217.59,217.59,217.59,217.59,241.36,241.36,241.36,241.36,241.36,241.36,241.36,241.36,241.36,241.36,265.16,265.16,265.16,265.16,265.16,265.16,265.16,265.16,265.16,265.16,288.94,288.94,288.94,288.94,288.94,288.94,288.94,288.94,288.94,288.94,312.72,312.72,312.72,312.72,312.72,312.72,312.72,312.72,312.72,312.72,336.55,336.55,336.55,336.55,336.55,336.55,336.55,336.55,336.55,336.55,360.31,360.31,360.31,360.31,360.31,360.31,360.31,360.31,360.31,360.31
ZM,Zambia,Zone 10,37.00,37.00,37.00,37.00,38.70,40.63,42.80,44.92,47.08,49.20,54.20,56.50,58.75,61.03,63.26,65.59,67.83,70.14,72.38,74.68,80.39,80.39,84.92,84.92,89.46,89.46,93.96,93.96,98.52,98.52,102.96,102.96,107.54,107.54,112.09,112.09,116.59,116.59,121.14,121.14,134.19,134.19,134.19,134.19,143.14,143.14,143.14,143.14,152.09,152.09,152.09,152.09,161.03,161.03,161.03,161.03,169.98,169.98,169.98,169.98,193.78,193.78,193.78,193.78,193.78,193.78,193.78,193.78,193.78,193.78,217.59,217.59,217.59,217.59,217.59,217.59,217.59,217.59,217.59,217.59,241.36,241.36,241.36,241.36,241.36,241.36,241.36,241.36,241.36,241.36,265.16,265.16,265.16,265.16,265.16,265.16,265.16,265.16,265.16,265.16,288.94,288.94,288.94,288.94,288.94,288.94,288.94,288.94,288.94,288.94,312.72,312.72,312.72,312.72,312.72,312.72,312.72,312.72,312.72,312.72,336.55,336.55,336.55,336.55,336.55,336.55,336.55,336.55,336.55,336.55,360.31,360.31,360.31,360.31,360.31,360.31,360.31,360.31,360.31,360.31
ZW,Zimbabwe,Zone 9,37.01,37.01,37.01,37.01,37.81,40.02,42.31,44.61,46.92,49.22,53.23,55.58,57.98,60.32,62.76,65.12,67.51,69.89,72.29,74.66,81.12,81.12,85.44,85.44,89.83,89.83,94.22,94.22,98.55,98.55,103.57,103.57,107.97,107.97,112.29,112.29,116.72,116.72,121.16,121.16,131.00,131.00,131.00,131.00,140.73,140.73,140.73,140.73,150.50,150.50,150.50,150.50,160.20,160.20,160.20,160.20,169.94,169.94,169.94,169.94,192.89,192.89,192.89,192.89,192.89,192.89,192.89,192.89,192.89,192.89,216.70,216.70,216.70,216.70,216.70,216.70,216.70,216.70,216.70,216.70,240.43,240.43,240.43,240.43,240.43,240.43,240.43,240.43,240.43,240.43,264.25,264.25,264.25,264.25,264.25,264.25,264.25,264.25,264.25,264.25,288.03,288.03,288.03,288.03,288.03,288.03,288.03,288.03,288.03,288.03,311.80,311.80,311.80,311.80,311.80,311.80,311.80,311.80,311.80,311.80,335.57,335.57,335.57,335.57,335.57,335.57,335.57,335.57,335.57,335.57,359.36,359.36,359.36,359.36,359.36,359.36,359.36,359.36,359.36,359.36
